Name,"3 potential customers in US ",Address,City,Cohort,Company Analysis,Company key,Country,Description,Duplicated,Elevator Pitch,Founder,Founding Year,Funding objective,Funding raised (euros),Industry,Last edited time,LinkedIn Profile,Linkedin Page,Logo,One Pager (pdf),P. IVA,Participants,Participants' City,Phase,Pitch Deck,Pitch Deck URL,Plan to raise capital in the US?,Program,Province,Region,"Relevant Info ",Rollup,Rollup 1,Team Size,Topic Group,Total Funding,Website,ZIP Code
Markeplay,,"VIA
  DOMENICO SCARLATTI 31",MILANO,C2 - Cybersecurity / Blockchain / IoT / Robotics,,markeplay,,"B2B SaaS platform to create enterprise B2B, B2C online stores and marketplaces: online in hours and without technical skills.",No,,"Marco Coralluzzo,Giuseppe Vegliante,Domenico Pastore",2022,<1M (undisclosed),,Other,"October 23, 2024 10:09 PM",,,,DB%20Companies/Markeplay_One_Pager.pdf,12630730963,"Marco Coralluzzo (https://www.notion.so/Marco-Coralluzzo-ed97a921704946d8aa3866c60f529b3e?pvs=21), Giuseppe Vegliante (https://www.notion.so/Giuseppe-Vegliante-749b2b174c244ded854f2421c33a1292?pvs=21), Domenico Pastore (https://www.notion.so/Domenico-Pastore-1a28abdfd02e45ccb14e5e312e0f9262?pvs=21)",Padula (SA),2-SF,,,,Startup Bootcamp,MI,Lombardy,,"Marco Coralluzzo,Giuseppe Vegliante,Domenico Pastore",,,,,https://www.markeplay.com/,20123
RecapGPT,,,,C2 - Cybersecurity / Blockchain / IoT / Robotics,,recapgpt,,AI Copilot for consultancy services,No,,Federico Remiti,2022,Between 0 and 500k,,AI,"October 22, 2024 8:03 PM",,,,DB%20Companies/RecapGPT_One_Pager.pdf,-,Federico Remiti (https://www.notion.so/Federico-Remiti-42340dbe82a2438396a9a674005cb79f?pvs=21),Biella,2-SF,,,,Startup Bootcamp,,Piedmont,,Federico Remiti,,,,,https://www.recapgpt.com/,
Coffeefrom,,GALLERIA DEL CORSO 1,MILANO,C2 - Cybersecurity / Blockchain / IoT / Robotics,,coffeefrom,,"In a circular economy approach, we transform the coffee grounds of the food industry collected into infinite expressive possibilities",No,,"Rita Bonucchi,Laura Gallo,Caterina Maria Ciambrone",2022,Between 0 and 500k,,CleanTech,"November 12, 2024 8:51 PM",,,,DB%20Companies/Coffeefrom_One_Pager.pdf,12516800963,"Rita Bonucchi (https://www.notion.so/Rita-Bonucchi-28afd5b66549408a8fdd8c527d984946?pvs=21), Laura Gallo (https://www.notion.so/Laura-Gallo-d814c94554f84096bf1217c1bccf3832?pvs=21), Caterina Maria Ciambrone (https://www.notion.so/Caterina-Maria-Ciambrone-2a0c94761780406192b454a1eb82d5ce?pvs=21)","Milano,Desenzano,Vignola,Singapore,Milano",2-SF,,,,Startup Bootcamp,MI,Lombardy,,"Rita Bonucchi,Laura Gallo,Caterina Maria Ciambrone",,5,,"€120,000.00",https://coffeefrom.it/en/home/,20122
Visual Note,,VIA IMBONATI CARLO 72,MILANO,C1 - AI / Metaverse / Culture & Creativity,,visualnote,,"It develops devices to facilitate the musical learning of the guitar thanks to the use of luminous LEDs.Products:- kit to apply on guitars;- bundle, Eko guitar with Visual Note already assembled (partnership with the Algam-Eko group).The management of the Visual Note kit functions takes place with a companion app (it can also be used in stand-alone mode).",No,,Vincenzo Maresca,2017,Between 0 and 500k,,Edutech,"February 14, 2025 12:22 PM",,,,DB%20Companies/Visual_Note_CompanySummary.pdf,14381661009,Vincenzo Maresca (https://www.notion.so/Vincenzo-Maresca-9ecf5d2b63784360b448a9c04bbfb870?pvs=21),Milano,2-SF,,,,Startup Bootcamp,MI,Lombardy,,Vincenzo Maresca,https://www.linkedin.com/in/vincenzo-maresca-81290465/,,,,www.visual-note.com,20159
Monokee,,VIA FORTUNATO ZENI 8,ROVERETO,C2 - Cybersecurity / Blockchain / IoT / Robotics,,monokee,,"Company that has developed and markets an IAM - Identity Access Manager and Visual Identity Orchestration Product.  Monokee is a cybersecurity, identity and access management company.",No,,"Simone Albamonte,Roberto Griggio",2017,<1M (undisclosed),,Cybersecurity,"October 23, 2024 10:16 PM",,,,DB%20Companies/Monokee_One_Pager.pdf,02480680228,"Simone Albamonte (https://www.notion.so/Simone-Albamonte-ed4ab6cd52164511885c5db1832f6e09?pvs=21), Roberto Griggio (https://www.notion.so/Roberto-Griggio-b3fe1b325dff49ab97d6366b0542baca?pvs=21)","Milano,Rovereto,Padova",2-SF,,,,SMEs Traction,TN,Trentino-South Tyrol,,"Simone Albamonte,Roberto Griggio",,,,,www.monokee.com,38068
BCC Studio,,VIA SANT ORSOLA 2,BERGAMO,C2 - Cybersecurity / Blockchain / IoT / Robotics,,bccstudio,,"BCC Studio is looking to accelerate the adoption of Blockchain solutions from companies, enabling Digital Transaction.",No,,"Valmir Hazeri,Marco Cipriani",2020,Between 0 and 500k,,Blockchain,"November 12, 2024 9:06 PM",,,,DB%20Companies/BCC_Studio_One_Pager.pdf,04457480160,"Valmir Hazeri (https://www.notion.so/Valmir-Hazeri-1d52d423d5344b75b7f7fbfd7e303781?pvs=21), Marco Cipriani (https://www.notion.so/Marco-Cipriani-01c0db3682a047639071c274be49e809?pvs=21)","L’Aquila, Bergamo, Rovigo, Napoli",2-SF,,,,Startup Bootcamp,BG,Lombardy,,"Valmir Hazeri,Marco Cipriani",,4,,"€40,000.00",https://www.bccstudio.biz/,24122
Oraigo,,"VIA
  TEMANZA 4/A",PADOVA,C1 - AI / Metaverse / Culture & Creativity,,oraigo,,"Oraigo plans to produce and commercialize an anti-sleepstroke headband. The device through EEG (electroencephalogram) analysis and by exploiting deep learning (artificial intelligence) techniques is able to detect sleep stroke by intervening by means of sound and vibration alerts that can immediately awaken the user. The target clientele the company refers to is related to the transportation sector, both nationally and internationally involving all those individuals who carry out their work activities driving a means of transportation and are subjected to high loads of stress and fatigue. ",No,,Michele Galetta,2019,Between 1M and 5M,,Medical Device,"October 23, 2024 10:20 PM",,,,DB%20Companies/Oraigo_Company_Summary.pdf,05190700285,Michele Galetta (https://www.notion.so/Michele-Galetta-46bce33969d44009a7f09ae482dfce61?pvs=21),Padova,2-SF,,,,Startup Acceleration,PD,Veneto,,Michele Galetta,,,,,oraigo.com,35134
Memento,,CORTE DEI MESAGNESI 30,LECCE,C1 - AI / Metaverse / Culture & Creativity,,memento,,"Memento is developing unique EdTech software (AI supported) to do just that: Imagine children playing in the real world with physical toys. They have fun, they move and, at the same time, they learn.Our system uses Artificial Intelligence to capture all playtime data to create a custom Edutainment program tailored for every child. And it’s thanks to the A.I. that we can extend our innovative, screen-free toys with a ton of educational content, covering many subjects, concepts and skills for children K through 8.It is also a Green solution because we are reducing the physical toys quantities (extending them with digital) and we are also moving to recyclable and recycled components.",No,,Anna Carparelli,2014,<1M (undisclosed),,Edutech,"October 23, 2024 10:09 PM",,,,DB%20Companies/Memento_CompanySummary_Call4Innovit.pdf,04652310758,Anna Carparelli (https://www.notion.so/Anna-Carparelli-d9dcd64a3a1f40a9b339907e6156bb64?pvs=21),,2-SF,,,,Startup Acceleration,LE,Apulia,,Anna Carparelli,,,,,www.mementotoys.com,73100
HuKnow,,VIALE MONTE NERO 82,MILANO,C1 - AI / Metaverse / Culture & Creativity,,huknow,,"On Huknow you can immediately meet any Expert in any topic.The internal TAG-based search engine can index any expertise; we are not a taxonomic platform, let alone a vertical one, but we can also make any verticality available.Timed, AES256-protected video calling allows for maximum confidentiality.Sharing Economy approach allows professionals and experts to monetize their knowledge on the web, without anticipating economies.The 15% success fee ensures simple and inexpensive delivery, leaving the startup with abundant room for growth, especially in terms of scalability.",No,,Lamberto Cesaroni,2017,Between 0 and 500k,,ICT,"October 23, 2024 10:00 PM",,,,DB%20Companies/HuKnow_Interweb_srl.pdf,10061280961,Lamberto Cesaroni (https://www.notion.so/Lamberto-Cesaroni-653717e0aee145aa9d5028028c397cfd?pvs=21),Milano,2-SF,,,,Startup Acceleration,MI,Lombardy,,Lamberto Cesaroni,,,,,www.huknow.com,20135
Fluentis,,VIA MEZZOMONTE 24,SACILE,C1 - AI / Metaverse / Culture & Creativity,,fluentis,,Supply of high-tech ERP solutions in SaaS mode via Cloud platform.,No,,"Laura Piai,Fabrizio Saro",2012,<1M (undisclosed),,ICT,"October 23, 2024 10:37 PM",,,,DB%20Companies/Fluentis_Company_Summary.pdf,01720550936,"Laura Piai (https://www.notion.so/Laura-Piai-7d45a50f5c28490495014af703b85ca1?pvs=21), Fabrizio Saro (https://www.notion.so/Fabrizio-Saro-4dfa901d19854dc49c5d4b6749e4d8b1?pvs=21)",Pordenone,2-SF,,,,SMEs Traction,PN,Friuli-Venezia Giulia,,"Laura Piai,Fabrizio Saro","https://www.linkedin.com/in/laurapiai/,https://www.linkedin.com/in/fabrizio-saro-3a359826/",,,,www.fluentis.com/en/,33077
Cyberangels,,VIALE BIANCA MARIA 13,MILANO,C1 - AI / Metaverse / Culture & Creativity,,cyberangels,,"Cyberangels is a SaaS solution for small and medium-sized businesses (SMBs) looking to protect their businesses from cyber threats. Our comprehensive cybersecurity platform empowers SMBs to take control of their security, assess their cyber risk, and implement effective remediation plans. Plus, with awareness training courses and phishing tests, we help prevent future attacks. And in the event of a cyber incident, we help businesses recover quickly and efficiently, minimizing downtime and financial losses with cyber insurance.",No,,Andrea Toponi,2020,Between 0 and 500k,,Cybersecurity,"October 23, 2024 9:40 PM",,,,DB%20Companies/Cyberangels_CompanySummary.pdf,11505240967,Andrea Toponi (https://www.notion.so/Andrea-Toponi-9850853427fc4fe08714f3afc91ed026?pvs=21),Milano,2-SF,,,,Startup Acceleration,MI,Lombardy,,Andrea Toponi,,,,,Cyberangels.it,20122
Sirio,,VIA GRAMSCI 27,MIRANO,"C1 - AI / Metaverse / Culture & Creativity, C2 - Cybersecurity / Blockchain / IoT / Robotics",,sirio,,Sirio is an AI platform that let e-commerce managers rapidly see lost revenue and any of its causes or technological issues,No,,Mattia Zoccarato,2023,,,AI,"March 18, 2026 6:25 PM",,,,,04460350277,Mattia Zoccarato (https://www.notion.so/Mattia-Zoccarato-a54c8629f9f44c0dbe8709188c726b6e?pvs=21),Bassano del Grappa (VI),1,,,,"Startup Acceleration, Startup Bootcamp",VE,Piedmont,,Mattia Zoccarato,,,,,https://sirio.chiron.ai/en/,30035
TerraViva,,"VIA
  VALLAZZE 109",MILANO,C2 - Cybersecurity / Blockchain / IoT / Robotics,,terraviva,,"Terraviva is a platform dedicated to international architecture competitions, connecting the best architects and designers to world-class projects.",No,,"Eugenia Bolla,Stefano Lardera",2022,Between 0 and 500k,,Other,"October 23, 2024 10:31 PM",,,,DB%20Companies/Terraviva_One_Pager.pdf,12608970963,"Eugenia Bolla (https://www.notion.so/Eugenia-Bolla-9004a1250d3c40a285814f6910de9525?pvs=21), Stefano Lardera (https://www.notion.so/Stefano-Lardera-02add962efc64854a89fa0fbe40af684?pvs=21)",Milano,2-SF,,,,Startup Bootcamp,MI,Lombardy,,"Eugenia Bolla,Stefano Lardera",,,,,https://www.terravivacompetitions.com,20131
221E,,"VIA
  CESARE BATTISTI 43",ALBIGNASEGO,C1 - AI / Metaverse / Culture & Creativity,,221e,,"It offers an ecosystem of solutions for inertial, biosignal and environmental sensing, with applications on wearable products and industrial IoT.221E has customers with world-leading brands in the sports, medical and industrial machinery sectors. 221E offers solutions that integrate AI to create intelligent products.Revenue:1) license of its software products;2) sale of innovative hardware products;3) co-design contracts for customized products.",No,,Marco Signorelli,2012,Between 1M and 5M,,Hardware & Robotics,"November 12, 2024 8:52 PM",,,,DB%20Companies/221e_summary.pdf,04694180284,Marco Signorelli (https://www.notion.so/Marco-Signorelli-8e400447fbd148938f2315baa2f8c3dc?pvs=21),Padova,2-SF,,,,SMEs Traction,PD,Veneto,,Marco Signorelli,https://www.linkedin.com/in/marco-signorelli/,21,,"€1,000,000.00",www.221e.com,35020
Eligo,,VIA MASCAGNI 15,MILANO,C1 - AI / Metaverse / Culture & Creativity,,eligo,,"Personal Stylist Marketplace. Each consumer has the opportunity to be assisted in real time by an expert available online within the marketplace, creating his own personalized outfit, thus replicating a typical human experience of the store.",No,,Giulio Manno,2016,Between 5M and 15M,,Fashion-Tech,"October 23, 2024 9:46 PM",,,,DB%20Companies/Eligo_Call4Innovit_summary.pdf,09654790964,Giulio Manno (https://www.notion.so/Giulio-Manno-4164c5fda1204c5285a6d9368e4ae3c8?pvs=21),Milano,2-SF,,,,SMEs Traction,MI,Lombardy,,Giulio Manno,https://www.linkedin.com/in/giuliomanno/,,,,www.eligo.style,20121
Farzati,,FRAZ MARINA CORSO EUROPA 16,CASAL VELINO,C1 - AI / Metaverse / Culture & Creativity,,farzati,,"Development of technological solutions for tracking in Blockchain.Farzati has developed the BluDev® technology: an IT architecture present throughout the life cycle of the product which contains: typification and characterization of the origin; monitoring and learning (AI); product traceability and qualification; connection and integration to the Blockchain.BluDev®, exploiting the paradigms of the blockchain, is able to create a digital biochemical fingerprint called BFP (Bio Finger Print): a unique identifier that allows you to always identify the information of origin, type and character and quality.",No,,"Domenico Cascone,Attilio Mondelli",2014,<1M (undisclosed),,Blockchain,"October 23, 2024 10:37 PM",,https://www.linkedin.com/in/farzati-team/,,DB%20Companies/Farzati_CompanySummary.pdf,05287630650,"Domenico Cascone (https://www.notion.so/Domenico-Cascone-bb3865acaa054b87bad2559bf287c1da?pvs=21), Attilio Mondelli (https://www.notion.so/Attilio-Mondelli-2ed664afffe14e4b87be60cd6391b74f?pvs=21)",,2-SF,,,,SMEs Traction,SA,Campania,,"Domenico Cascone,Attilio Mondelli",https://www.linkedin.com/in/attilio-mondelli-b8b25970/,,,,www.farzati.it,84040
AR Market,,VIA FRATELLI CERVI 95,ROMA,C1 - AI / Metaverse / Culture & Creativity,,armarket,,"The main problem for B2B clients is how to transition to the Metaverse and how to engage their targets by educating them. The solution we offer are Gamified Virtual Spaces to explore at 360°, starting from images, videos, 3D modelling or scanning of real places. We transform Events, Shopping, Art and Training in interactive virtual experiences, device agnostic to attract users of any age target and educate them to a future in Web3 & the Metaverse. Our SaaS is a scalable platform of packaged 360° Virtual for easy onboarding, self-provisioning CMS and web integration. We offer a library of extra digital services for upselling and customization. We develop “Custom 360° Virtual"" too, to meet the needs of larger Companies and big Corporates.",No,,"Andrea Sambati,Andrea Baldini",2018,<1M (undisclosed),,Web3,"October 23, 2024 9:33 PM",,,,DB%20Companies/AR_Market_CompanySummary.pdf,14821441004,"Andrea Sambati (https://www.notion.so/Andrea-Sambati-b6bd685981564a1299484f8011af7d9a?pvs=21), Andrea Baldini (https://www.notion.so/Andrea-Baldini-6fb3b17f6cbf454eb8b79a49dccca309?pvs=21)","Lecce,Roma",2-SF,,,,Startup Acceleration,RM,Latium,,"Andrea Sambati,Andrea Baldini",,,,,armarket.it,00128
Eudata,,VIA TARCHETTI IGINIO UGO 1,MILANO,C1 - AI / Metaverse / Culture & Creativity,,eudata,,It develops technology solutions to improve Customer Experience (CX).Eudata has its own solutions and aggregates them with the AWS (Amazon Connect) offering.,No,,Sandro Parisi,1998,Between 1M and 5M,,Other,"October 23, 2024 9:47 PM",,,,DB%20Companies/Eudata_CompanySummary_Call4Innovit.pdf,12421000154,Sandro Parisi (https://www.notion.so/Sandro-Parisi-bcb8ca7b61f74d45b2b6ad2ff487d014?pvs=21),,2-SF,,,,SMEs Traction,MI,Lombardy,,Sandro Parisi,https://www.linkedin.com/in/sandroparisi/,,,,www.eudata.com,20121
Blockchain Italia,,VIA BREMBO 27,MILANO,C1 - AI / Metaverse / Culture & Creativity,,blockchainitalia,,"With years of experience and a team of specialists and professionals in the field, we offer tailored solutions to individual client needs, assisting them step by step, from the initial brief to product development and delivery. We support companies and start-ups in their approach to the Web3 world, providing all the services needed to launch a successful project. Blockchain Italia has established itself for the second consecutive year as the leading company in Italy for blockchain technology, according to the census carried out by the Polimi Observatory https://www.osservatori.net/it/ricerche/osservatori-attivi/blockchain-web3.",No,,"Michael Moresi,Benedetto Biondi",2018,Between 0 and 500k,,Blockchain,"October 23, 2024 9:23 PM",,,,DB%20Companies/Blockchain_Italia_CompanySummary.pdf,10441490967,"Michael Moresi (https://www.notion.so/Michael-Moresi-fd744d905957424bb7e5745c0a020005?pvs=21), Benedetto Biondi (https://www.notion.so/Benedetto-Biondi-11c60e5a470847ef8d6846e9e6262e58?pvs=21)",,2-SF,,,,Startup Acceleration,MI,Lombardy,,"Michael Moresi,Benedetto Biondi",,,,,https://www.blockchainitalia.io/,20139
Builti,,VIA GUELFA 5,BOLOGNA,C1 - AI / Metaverse / Culture & Creativity,,builti,,"Offering integrated services to enable structural, infrastructure and business safety managers to make informed decisions in a shorter timeframe and at a lower cost than the existing market, based on a prioritisation index, and then budget for safety.In PaaS mode, we provide manned and unmanned platforms for the civil engineering sector to a trained network of professionals on behalf of the client, returning an understandable, comparable and time- and cost-efficient structural risk/business result.",No,,"Massimo Bava,Enzo Castellaneta",2018,<1M (undisclosed),,Proptech,"October 23, 2024 10:38 PM",,,,,03735391207,"Massimo Bava (https://www.notion.so/Massimo-Bava-6aaf7ce16ade4a0799041f2afccca860?pvs=21), Enzo Castellaneta (https://www.notion.so/Enzo-Castellaneta-bebda6219a974df4be5d5660edaa063e?pvs=21)",Bologna,2-SF,,,,Startup Acceleration,BO,Emilia-Romagna,,"Massimo Bava,Enzo Castellaneta",,,,,http://www.builti.it/,40138
Wallfarm,,VIA DI TOR VERGATA 434,ROMA,C2 - Cybersecurity / Blockchain / IoT / Robotics,,wallfarm,,"A self-dosing automation system for hydroponic farms of every size, shape and form.",No,,Ares Ferrigni,2015,Between 0 and 500k,,AgriTech,"October 23, 2024 10:33 PM",,,,DB%20Companies/Wallfarm_One_Pager.pdf,13615411009,Ares Ferrigni (https://www.notion.so/Ares-Ferrigni-d2c53384ba7e40e1adf2824f2b7fb2ba?pvs=21),,2-SF,,,,SMEs Traction,RM,Latium,,Ares Ferrigni,,,,,https://wallfarm.bio/,00133
Canova Tech,,PIAZZA MARIO SAGGIN 2,PADOVA,C2 - Cybersecurity / Blockchain / IoT / Robotics,,canovatech,,"Innovative that operates in the semiconductor market, providing design and intellectual property services",No,,Riccardo Lucato,2005,Bootstrapped,,Hardware & Robotics,"October 25, 2024 7:10 PM",,,,DB%20Companies/Canova_Tech_One_Pager.pdf,04037420280,Riccardo Lucato (https://www.notion.so/Riccardo-Lucato-dad6e9c004bb4098a34f39db36c7247c?pvs=21),Gambellara (VI),2-SF,,,,SMEs Traction,PD,Veneto,,Riccardo Lucato,,27,,,https://www.canovatech.com/,35131
Futurenext,,VIA MICHELE BISCEGLIA 20,FOGGIA,C1 - AI / Metaverse / Culture & Creativity,,futurenext,,"Cloud and independent platform that allows e-commerce stores to offer their customers live customization of products.The developed tool allows the customer, before purchasing, to customize the product and have an innovative shopping experience through a 3D configurator and AR experience.",No,,Gaia Vernaglione,2016,<1M (undisclosed),,ICT,"October 23, 2024 9:59 PM",,,,DB%20Companies/FutureNext_Zakeke_Call_Summary.pdf,04075360711,Gaia Vernaglione (https://www.notion.so/Gaia-Vernaglione-008d68b6fbdc4416996ac72b1bc6294a?pvs=21),Bari,2-SF,,,,SMEs Traction,FG,Apulia,,Gaia Vernaglione,,,,,www.futurenext.it,71121
Blue Innovation,,"VIA GIOACCHINO ROSSINI, 155/E",RENDE,C2 - Cybersecurity / Blockchain / IoT / Robotics,,blueinnovation,,We develop models and strategic actions that help corporate management improve the well-being of their company.,No,,"Gabriele Zangara,Ariosto Ponterio",2022,<1M (undisclosed),,HR Tech,"October 23, 2024 10:38 PM",,,,DB%20Companies/Blue_Innovation_One_Pager.pdf,03833320785,"Gabriele Zangara (https://www.notion.so/Gabriele-Zangara-3c3311f40785476687639de7ad625531?pvs=21), Ariosto Ponterio (https://www.notion.so/Ariosto-Ponterio-ab023e83d3c14cb380c21886f1345927?pvs=21)",Cosenza,2-SF,,,,Startup Bootcamp,CS,Calabria,,"Gabriele Zangara,Ariosto Ponterio",,,,,www.blueinnovation.it,87036
Nest.City,,PIAZZA ARMANDO DIAZ 7,MILANO,C1 - AI / Metaverse / Culture & Creativity,,nest.city,,"Organizing an effective and efficient renovation service to provide mass market quality services. Architecture for all.The solution is the involvement of individual supply chain actors in a new, engineered and digitized workflow to offer new models to supply chain actors and integrated solutions to the consumer.",No,,"Francesca Di Noia,Marta Guzzon,Mario Cipriano",2019,<1M (undisclosed),,Other,"October 23, 2024 10:16 PM",,,,DB%20Companies/Nest_City_Summary.pdf,11082470961,"Francesca Di Noia (https://www.notion.so/Francesca-Di-Noia-b9a6e12fea4e4354926bc02e2edccef9?pvs=21), Marta Guzzon (https://www.notion.so/Marta-Guzzon-39799c9ca48749d7b647a879615893b8?pvs=21), Mario Cipriano (https://www.notion.so/Mario-Cipriano-7a4e5efffb3042b686dd65101080a860?pvs=21)",Torino,2-SF,,,,Startup Acceleration,MI,Lombardy,,"Francesca Di Noia,Marta Guzzon,Mario Cipriano",,,,,www.nest.city,20123
"Edge SDN ",,VIA N CORAZZA 7/7,BOLOGNA,C2 - Cybersecurity / Blockchain / IoT / Robotics,,edgesdn,,Cybersecurity product specifically designed to protect industrial IoT networks and production OT systems compliant with IEC 62443 and NIST 800.,No,,Aldo Campi,2015,<1M (undisclosed),,Cybersecurity,"March 18, 2026 6:25 PM",,,,DB%20Companies/EdgeSDN_One_Pager.pdf,03450101203,Aldo Campi (https://www.notion.so/Aldo-Campi-21067d82ad0b4659a3679867eff52bf0?pvs=21),Arezzo,2-SF,,,,SMEs Traction,BO,Emilia-Romagna,,Aldo Campi,,,,,www.edge-sdn.com,40128
"GardenStuff ",,VIA RONCHI 39,LEGNANO,C2 - Cybersecurity / Blockchain / IoT / Robotics,,gardenstuff,,"We have developed a compact AIoT multi-sensor capable of analyzing micro-environments and manage cultivation, enhancing micro and urban gardens to a new frontier of green integration.",No,,Francesco Tirinnanzi,2017,Between 0 and 500k,,AgriTech,"October 23, 2024 10:37 PM",,,,DB%20Companies/GardenStuff_One_Pager.pdf,09730010965,Francesco Tirinnanzi (https://www.notion.so/Francesco-Tirinnanzi-321ebe480b114600ada3e9383a37528a?pvs=21),Legnano (MI),2-SF,,,,SMEs Traction,MI,Lombardy,,Francesco Tirinnanzi,,,,,www.gardenstuff.it,20025
Tutored - Joiners,,VIA MARSALA 29/H,ROMA,C1 - AI / Metaverse / Culture & Creativity,,tutored-joiners,,"B2B digital platform, which digitizes corporate recruiting operations. By subscribing to an annual subscription, companies can publish job advertisements, manage analytics and start screening processes. The AI reads the published announcement and creates a qualitative match with the users, according to their wishes, academic background and skills.",No,,"Stefano Antonelli,Gabriele Giugliano",2014,Between 1M and 5M,,HR Tech,"January 29, 2025 7:48 PM",,,,,13066701007,"Stefano Antonelli (https://www.notion.so/Stefano-Antonelli-033e2e7983804a37b90acca8a604771e?pvs=21), Gabriele Giugliano (https://www.notion.so/Gabriele-Giugliano-18a65d57c009802cbc20e9daad99be4a?pvs=21)",,2-SF,,,,SMEs Traction,RM,Latium,,"Stefano Antonelli,Gabriele Giugliano",https://www.linkedin.com/in/stefanoantonelli/,,,,www.tutored.me,00185
Ada Travel,,VIA A PUNZI 101/D,GRAVINA IN PUGLIA,C1 - AI / Metaverse / Culture & Creativity,,adatravel,,"Since our inception we have been acting as an integrated service provider for the tourism industry. Until now we have done so without dedicated software. We have designed software that operates from b2b to b2c specifically on the ""scalability of tourism experiences."" Beyond its b2b functionality we propose to the market a platform where users receive a return for everything they do by interacting precisely in the Web3 logics of community engagement.Our solution goes beyond social networks and places communities at the center of value, where through technology we will make experiences scalable and central to interaction in the metaverse.",No,,"Flavio Albano,Antonio Prota",2018,<1M (undisclosed),,Other,"October 23, 2024 9:13 PM",,,,DB%20Companies/ADA_Travel_CompanySummary.pdf,08161930725,"Flavio Albano (https://www.notion.so/Flavio-Albano-ba27b6e5eac74e8bb4817a37bbb4bb30?pvs=21), Antonio Prota (https://www.notion.so/Antonio-Prota-806eabcc38b84a0689b7a30861e09869?pvs=21)",Bari,2-SF,,,,Startup Acceleration,BA,Apulia,,"Flavio Albano,Antonio Prota",,,,,www.adatravel.it,70024
Ernesto,,"VIALE
  GIUSEPPE MAZZINI 132",ROMA,C1 - AI / Metaverse / Culture & Creativity,,ernesto,,"Ernesto is the services marketplace that connects Clients with local Professionals.Ernesto's mission is to help Professionals find new clients, on the best terms ever, by revolutionizing the concept of ""Leads."" Even today, Professionals spend a lot of money and energy intercepting clients, often through pay-per-click ads or other pay-per-lead platforms, and the return is almost always less than the expense.For the first time in this market, Ernesto is offering Unlimited Contact with customers who have requested a service, providing transparency and collaborative reimbursement policies. We are transforming customer research into a simple and convenient experience. ",No,,Riccardo De Bernardinis,2016,Between 0 and 500k,,Other,"October 23, 2024 9:47 PM",,,,DB%20Companies/Ernesto_Company_Summary.pdf,13826531009,Riccardo De Bernardinis (https://www.notion.so/Riccardo-De-Bernardinis-39d5d2792f3343f2954f72c185e7eda0?pvs=21),Milano,2-SF,,,,Startup Acceleration,RM,Latium,,Riccardo De Bernardinis,https://www.linkedin.com/in/riccardo-de-bernardinis,,,,http://www.ernesto.it/,00195
Reasoned Art,,SALITA DEL NESPOLO 4,RECCO,C2 - Cybersecurity / Blockchain / IoT / Robotics,,reasonedart,,"Reasoned Art aims to elevate art by connecting physical and digital, tradition and innovation, offline and online in one app.",No,,"Giulio Bozzo,Andrea Marec",2021,Between 1M and 5M,,Blockchain,"October 23, 2024 10:24 PM",,,,DB%20Companies/Reasoned_Art_One_Pager.pdf,02721760995,"Giulio Bozzo (https://www.notion.so/Giulio-Bozzo-76b807f1750949f1a8d3307977adfb24?pvs=21), Andrea Marec (https://www.notion.so/Andrea-Marec-92499ad223f2432d9c1bf7b3028c2cc5?pvs=21)",,2-SF,,,,SMEs Traction,GE,Liguria,,"Giulio Bozzo,Andrea Marec",,,,,www.reasonedart.com,16036
Yookye,,CORSO PIAVE N 174/G,ALBA,C2 - Cybersecurity / Blockchain / IoT / Robotics,,yookye,,"Yookye is a startup established in Italy which allows the world’s travelers to follow their passion (such as art, food, culture, sports)",No,,"Alberto Chiappa,Luigi Bruno",2018,Between 0 and 500k,,Other,"March 18, 2026 6:25 PM",,,,DB%20Companies/Yookie_One_Pager.pdf,03767100047,"Alberto Chiappa (https://www.notion.so/Alberto-Chiappa-2a90e171351040d9821fe24e6a700921?pvs=21), Luigi Bruno (https://www.notion.so/Luigi-Bruno-87c3dbed49414193acffa983783ffbed?pvs=21)",,2-SF,,,,Startup Bootcamp,CN,Piedmont,,"Alberto Chiappa,Luigi Bruno",,,,,https://yookye.com/it,12051
ALBA Robot,,VIA VINCENO VELA 35,TORINO,"C2 - Cybersecurity / Blockchain / IoT / Robotics, CDP 2",,albarobot,,"ALBA Robot is a startup founded in 2019 in Turin, Italy. It provides an end-to-end B2B micro-mobility platform for transporting people at low speeds even in very crowded indoor environments or on pedestrian areas using fleets of autonomous electric vehicles, with autonomous mobile robot (AMR) technology. The company offers services to major facilities - like airports, hospitals, and museums- to help transport passengers with reduced mobility (PRM) using autonomous vehicle fleets.
- Developed a voice-command autonomous wheelchair prototype in collaboration with leading tech firms like STMicroelectronics, Amazon Alexa, and United Technologies Research Center
- Already tested in airports and recognized as the best AMR (Autonomous Mobile Robot) platform for autonomous navigation",No,,Andrea Bertaia,2019,Between 5M and 15M,,Hardware & Robotics,"September 24, 2025 1:33 AM",,,DB%20Companies/Albalogo.png,DB%20Companies/Alba_Robot.pdf,12200140015,Andrea Bertaia (https://www.notion.so/Andrea-Bertaia-27265d57c00980d4a3bfe1920844e26a?pvs=21),,2-SF,,,,"CDP 2, SMEs Traction",TO,Piedmont,,Andrea Bertaia,https://www.linkedin.com/in/andrea-bertaia/,,,,https://www.alba-robot.com/it,10128
It’s Prodigy,,VIA MONTENAPOLEONE 8,MILANO,C1 - AI / Metaverse / Culture & Creativity,,it’sprodigy,,"DataProdigy is a platform that targets managers, supports them in the rapid generation of business intelligence reports without using BI or Excel files. Using a Big Data engine and Artificial Intelligence, DataProdigy is able to use human language: it turns every question into a reporting call and immediately creates a new business report. DataProdigy drastically reduces time and costs by supporting management in the entire approval process of each report.It is a customizable product that can connect with all enterprise platforms (SalesForce, Sap, Google Cloud, Oracle, AWS, etc.) and generate intuitive reports in a short time. ",No,,Sano Musab Hijazi,2017,<1M (undisclosed),,AI,"October 23, 2024 10:02 PM",,,,DB%20Companies/ItsProdigy_CompanySummary.pdf,10046450960,Sano Musab Hijazi (https://www.notion.so/Sano-Musab-Hijazi-59f13e2e645343b188985be42557c41f?pvs=21),Milano,2-SF,,,,Startup Acceleration,MI,Lombardy,,Sano Musab Hijazi,,,,,www.dataprodigy.io,20121
Notarify,,VIA VANNETTI 8,ROVERETO,C2 - Cybersecurity / Blockchain / IoT / Robotics,,notarify,,"Blockchain company specialized in authentication of data, documents, signatures and digital identity",No,,Federico Monti,2018,Between 1M and 5M,,Blockchain,"October 23, 2024 10:20 PM",,,,DB%20Companies/Notarify_One_Pager.pdf,02524420227,Federico Monti (https://www.notion.so/Federico-Monti-5f5c963b364246c08d3ae5dd1e78fb17?pvs=21),,2-SF,,,,SMEs Traction,TN,Trentino-South Tyrol,,Federico Monti,,,,,https://notarify.io/,38068
Nextome,,VIA SAN FRANCESCO 31,CONVERSANO,C1 - AI / Metaverse / Culture & Creativity,,nextome,,"Development of advanced real-time localization, monitoring and tracking technologies for the safety, productivity and efficiency of production and logistics processes of complex companies and organizations.",No,,"Domenico Colucci,Vincenzo Dentamaro",2013,Between 0 and 500k,,Other,"October 23, 2024 10:18 PM",,,,DB%20Companies/Nextome_Company_Summary.pdf,07546950721,"Domenico Colucci (https://www.notion.so/Domenico-Colucci-f19641f8d42946ee97205ac45a24b146?pvs=21), Vincenzo Dentamaro (https://www.notion.so/Vincenzo-Dentamaro-ce049cab4b244081b6b9ab4f0aa2bf49?pvs=21)",,2-SF,,,,SMEs Traction,BA,Apulia,,"Domenico Colucci,Vincenzo Dentamaro","https://www.linkedin.com/in/coluccidomenico/,https://www.linkedin.com/in/vincenzodentamaro/",,,,http://www.nextome.com/,70014
Scen,,VIA COLOMBARA DI VIGNANO 13,MUGGIA,C2 - Cybersecurity / Blockchain / IoT / Robotics,,scen,,"EMS/ODM specialized in MicroElectronics with over 10,000 projects with international research institutes and companies in various industries.",No,,Francesco Sampognaro,2006,<1M (undisclosed),,Hardware & Robotics,"October 23, 2024 10:28 PM",,,,DB%20Companies/Scen_One_Pager.pdf,01114100322,Francesco Sampognaro (https://www.notion.so/Francesco-Sampognaro-4a3e919f7f5d451faeb895a48b2f4dfb?pvs=21),Trieste,2-SF,,,,SMEs Traction,TS,Friuli-Venezia Giulia,,Francesco Sampognaro,,,,,www.scen.it,34015
Trainect,,VIA CALATAFIMI 21,ROMA,C2 - Cybersecurity / Blockchain / IoT / Robotics,,trainect,,"A platform which contains video, podcasts and blog content that allow every user to increase its wellbeing by engaging employees through gamification",No,,"Simone Proietti Timperi,Alberto Ronco",2020,Between 0 and 500k,,HR Tech,"March 18, 2026 6:25 PM",,,,DB%20Companies/Trainect_One_Pager.pdf,15691841009,"Simone Proietti Timperi (https://www.notion.so/Simone-Proietti-Timperi-34361b89c9da4e39a9788e5f2f147970?pvs=21), Alberto Ronco (https://www.notion.so/Alberto-Ronco-290d1c0a8a934189bab25e220085c81d?pvs=21)",Roma,2-SF,,,,Startup Bootcamp,RM,Latium,,"Simone Proietti Timperi,Alberto Ronco",,,,,www.trainect.it,00185
NIDO Unmanned Box System,,LARGO FELICE CAVALLOTTI 5,VITTORIO VENETO,C2 - Cybersecurity / Blockchain / IoT / Robotics,,nidounmannedboxsystem,,"NIDO System: fully autonomous drone-in-a-box solution with 3D geospatial engine, extended reality UI, 5G/satellite connectivity.",No,,"Giacomo Cavasin,Daniele Mion",2015,<1M (undisclosed),,Hardware & Robotics,"October 23, 2024 10:18 PM",,,,DB%20Companies/Nido_One_Pager.pdf,04769580269,"Giacomo Cavasin (https://www.notion.so/Giacomo-Cavasin-96c45212a24a41bf89e45e9bc85756a2?pvs=21), Daniele Mion (https://www.notion.so/Daniele-Mion-61817946a7ba49b4877dd3dbe568218d?pvs=21)",Treviso,2-SF,,,,SMEs Traction,TV,Veneto,,"Giacomo Cavasin,Daniele Mion",,,,,https://www.nido-system.com/,31029
Wearable Robotics,,"VIA GIOVANNI GUIDICCIONI 1 3
  GHEZ",SAN GIULIANO TERME,C1 - AI / Metaverse / Culture & Creativity,,wearablerobotics,,Development and commercialization of robotic exoskeletons declined from a unique and proprietary technological platform to be used for neurological rehabilitation and manual handling of industrial loads.,No,,"Fabio Piazza,Elena Lencioni,Lucia Lencioni",2014,Between 1M and 5M,,Hardware & Robotics,"October 23, 2024 10:33 PM",,,,DB%20Companies/Wearable_Robot_CompanySummary.pdf,02125240503,"Fabio Piazza (https://www.notion.so/Fabio-Piazza-cda5eaabe8e9440eadecbbb60c0a0438?pvs=21), Elena Lencioni (https://www.notion.so/Elena-Lencioni-ad5310756bf74b298e5d693146b48fc8?pvs=21), Lucia Lencioni (https://www.notion.so/Lucia-Lencioni-f0112e13fa03436993dc38c7e38b846d?pvs=21)","Pisa, Monaco",2-SF,,,,SMEs Traction,PI,Tuscany,,"Fabio Piazza,Elena Lencioni,Lucia Lencioni",https://www.linkedin.com/in/lucia-lencioni-1a60b486/,,,,www.wearable-robotics.com,56017
Pragma Etimos,,VIA MILAZZO 2,LATINA,C2 - Cybersecurity / Blockchain / IoT / Robotics,,pragmaetimos,,Improving our customers’ efficiency and data security through a computer vision suite of tools,No,,"Gaetano Lo Presti,Daniele Rubiu",2015,<1M (undisclosed),,Computer Vision,"October 23, 2024 10:23 PM",,,,DB%20Companies/Pragma_Etimos_One_Pager.pdf,02838170591,"Gaetano Lo Presti (https://www.notion.so/Gaetano-Lo-Presti-b7922548274c43b18af0807c9ee6b994?pvs=21), Daniele Rubiu (https://www.notion.so/Daniele-Rubiu-9033ba7fe8904204bb858b815f365712?pvs=21)",Aprilia (LT),2-SF,,,,SMEs Traction,LT,Latium,,"Gaetano Lo Presti,Daniele Rubiu",,,,,https://pragmaetimos.com/,04100
Sigma Ingegneria,,"VIA PROVINCIALE DI S ALESSIO
  1957",LUCCA,C1 - AI / Metaverse / Culture & Creativity,,sigmaingegneria,,"The company offers mechatronic design, prototyping and small series production services.Products:- specific products for the footwear sector for worker safety issues;- services related to industrial monitoring and precision agriculture.",No,,"Lorenzo Giannini,Simone Giusti",2004,<1M (undisclosed),,AgriTech,"October 23, 2024 10:29 PM",,,,DB%20Companies/Sigma_Ingegneria_Summary.pdf,01690840507,"Lorenzo Giannini (https://www.notion.so/Lorenzo-Giannini-27f53f330d304281855f211172ce77c7?pvs=21), Simone Giusti (https://www.notion.so/Simone-Giusti-b8aac6091e754a4d8555e2eee7344b1c?pvs=21)",,2-SF,,,,SMEs Traction,LU,Tuscany,,"Lorenzo Giannini,Simone Giusti","https://www.linkedin.com/in/lorenzogiannini/,https://www.linkedin.com/in/simone-giusti-618a99a3/",,,,www.sigmaingegneria.com,55100
Social Thingum,,VIA BATTISTA DE ROLANDI 1,MILANO,C1 - AI / Metaverse / Culture & Creativity,,socialthingum,,"It offers original and customized solutions in the fields of Machine Learning, Big Data Analytics, IoT, Smart Living, Recommender System and WEB 4.0.Product: WhoTeach, Digital Learning Platform B2B, which helps educational institutions and enterprises to create and deliver high quality online courses:1) AI supports teachers in creating from the beginning or updating online courses in a personalized way;2) Complete and totally customizable technological infrastructure.",No,,Francesco Epifania,2015,<1M (undisclosed),,Edutech,"October 23, 2024 10:30 PM",,,,DB%20Companies/Social_Things_Company_Summary.pdf,08941810965,Francesco Epifania (https://www.notion.so/Francesco-Epifania-8bc083c963794b14b137f7bdf8f999d1?pvs=21),Milano,2-SF,,,,SMEs Traction,MI,Lombardy,,Francesco Epifania,https://www.linkedin.com/in/francescoepifania/,,,,https://www.socialthingum.it/en,20156
Huna,,VIA MACEDONIO MELLONI 8,MILANO,C2 - Cybersecurity / Blockchain / IoT / Robotics,,huna,,"Huna is the smart city partner for utilities, local governments & many other players, to make street lighting & buildings more efficient, through Digital & IoT.",No,,Alberto Ferrari,2018,<1M (undisclosed),,Green Energy,"March 18, 2026 6:25 PM",,,,DB%20Companies/Huna_One_Pager.pdf,10519220965,Alberto Ferrari (https://www.notion.so/Alberto-Ferrari-e84791ea574d4777aed0b85b289941b7?pvs=21),,2-SF,,,,Startup Bootcamp,MI,Lombardy,,Alberto Ferrari,,,,,https://huna.io/,20129
Robosan,,VIA GABRIELE JANNELLI 45/C,NAPOLI,C2 - Cybersecurity / Blockchain / IoT / Robotics,,robosan,,Robosan is a startup company which aims to increase efficiency and safety in the pre-analytical phase of medicine laboratory through modular robotic systems placed directly inside sampling points.,No,,"Vittorio Trifari,Stanislao Grazioso",2022,Between 500k and 1M,,Life Sciences,"November 12, 2024 9:09 PM",,,,DB%20Companies/Robosan_One_Pager.pdf,10089781214,"Vittorio Trifari (https://www.notion.so/Vittorio-Trifari-35f85048695a4802bc34a2f26d570e2b?pvs=21), Stanislao Grazioso (https://www.notion.so/Stanislao-Grazioso-6e4601b279574ce0a5e2930ee1b834aa?pvs=21)",Napoli,2-SF,,,,Startup Bootcamp,NA,Campania,,"Vittorio Trifari,Stanislao Grazioso",,9,,"€550,000.00",www.robosan.it,80131
Ticketoo,,VIA OSLAVIA 39/B,ROMA,C2 - Cybersecurity / Blockchain / IoT / Robotics,,ticketoo,,The Community-driven marketplace to sell and buy events tickets fan to fan.,No,,"Simone Serani,Andrea Giorgi",2022,Between 500k and 1M,,Other,"November 12, 2024 9:04 PM",,,,DB%20Companies/Ticketoo_One_Pager.pdf,16517571002,"Simone Serani (https://www.notion.so/Simone-Serani-83932cd94763434f848225a45cc9f5f7?pvs=21), Andrea Giorgi (https://www.notion.so/Andrea-Giorgi-bb2902f55c4b4adfbcf8f436369c1b11?pvs=21)",Roma,2-SF,,,,Startup Bootcamp,RM,Latium,,"Simone Serani,Andrea Giorgi",,7,,"€650,000.00",https://ticketoo.it/,00195
Kulto,,"C DA PIANCERRETO E RUOTE FINO
  SNC ",CASTILENTI,C2 - Cybersecurity / Blockchain / IoT / Robotics,,kulto,,"Kulto is developing an algorithm capable of optimizing production in indoor cultivations for the production of pharmaceutical-grade CBD cannabis flowers. ",No,,"Lucio Boschi,Luca Dello Russo",2022,<1M (undisclosed),,AgriTech,"October 23, 2024 10:04 PM",,,,DB%20Companies/Kulto_One_Pager.pdf,02125820676,"Lucio Boschi (https://www.notion.so/Lucio-Boschi-be6262dc44ff42578db7aea99541e2f1?pvs=21), Luca Dello Russo (https://www.notion.so/Luca-Dello-Russo-040670fa63f1438bbd67669384aaf565?pvs=21)",Montesilvano (PE),2-SF,,,,Startup Bootcamp,TE,Abruzzo,,"Lucio Boschi,Luca Dello Russo",,,,,www.kultolab.com,64035
Hercle,,VIA SOLARI 19,MILANO,C1 - AI / Metaverse / Culture & Creativity,,hercle,,"Hercle developed a technology infrastructure and AI algorithms to provide access to the digital assets and metaverse market dedicated to financial services, corporate, and fintech start-ups.",No,,"Gabriele Sabbatini,Arturo Schembri",2019,Between 1M and 5M,,Web3,"October 23, 2024 10:00 PM",,,,,10942550962,"Gabriele Sabbatini (https://www.notion.so/Gabriele-Sabbatini-85dee6a96a814aa0a0121bbdf687604c?pvs=21), Arturo Schembri (https://www.notion.so/Arturo-Schembri-086b586898dd4f5ab8a8a445825f50d1?pvs=21)",,2-SF,,,,Startup Acceleration,MI,Lombardy,,"Gabriele Sabbatini,Arturo Schembri",,,,,https://hercle.financial/,20144
ABzero,,VIA GIUSEPPE GAMBINI 3,PISA,C1 - AI / Metaverse / Culture & Creativity,,abzero,,"ABzero developed the first system that provides a specialized transport service for delicate and high-value products (like blood, organs, tissued, biological samples) that require quality assurance monitoring. Our solution provides: cutting of delivery time up to 80%; cost savings over 28%; real-time monitoring and control of transport conditions even in extremely conditions; 24/7 service with no delays due to transporter’s unavailability; access to remote areas; 10kg loading capacity for 20 blood bags at once; CO2 emissions reduction by 44 tons/million people; and adaptable to demand surge in case of emergency/epidemiological outbreak.",No,,"Giuseppe Tortora,Anna Buscemi",2017,Between 0 and 500k,,Medical Device,"October 23, 2024 9:13 PM",,,,DB%20Companies/ABZero_summary.pdf,02249730504,"Giuseppe Tortora (https://www.notion.so/Giuseppe-Tortora-ac657805b5084a03b65ab06ac264f632?pvs=21), Anna Buscemi (https://www.notion.so/Anna-Buscemi-d55b41f823c04af5a0ef97ca3ef3d6b5?pvs=21)",Pisa,2-SF,,,,Startup Acceleration,PI,Tuscany,,"Giuseppe Tortora,Anna Buscemi",,,,,https://www.abzero.it/,56124
Astrakode,,CORSO GABRIELE MANTHONE' 69,PESCARA,C2 - Cybersecurity / Blockchain / IoT / Robotics,,astrakode,,"AstraKode supports the adoption of blockchain technology in the enterprise environment via AKB, its low-code platform for blockchain development.",No,,"Diana Levytska,Damiano D’Amici",2021,Between 0 and 500k,,Blockchain,"October 23, 2024 9:17 PM",,,,DB%20Companies/Astrakode_One_Pager.pdf,02324530688,"Diana Levytska (https://www.notion.so/Diana-Levytska-ee9c4287682c4a2aaabc32de232911d3?pvs=21), Damiano D’Amici (https://www.notion.so/Damiano-D-Amici-93e30f2bb642408fa55fd211cc5fd17d?pvs=21)",Roma,2-SF,,,,SMEs Traction,PE,Abruzzo,,"Diana Levytska,Damiano D’Amici",,,,,https://astrakode.tech/,65127
Digital Forest,,VIA CADOLINI N 30,MILANO,C2 - Cybersecurity / Blockchain / IoT / Robotics,,digitalforest,,Software house that organizes events and training activities with the web platform OAK-EVENTS.COM,No,,Roberto Vergani,2012,Between 0 and 500k,,Other,"November 12, 2024 9:03 PM",,,,DB%20Companies/Digital_Forest_One_Pager.pdf,07798480963,Roberto Vergani (https://www.notion.so/Roberto-Vergani-88aca1edb9bf4c32bdc55a3c62573e79?pvs=21),Milano,2-SF,,,,SMEs Traction,MI,Lombardy,,Roberto Vergani,,5,,"€300,000.00",https://www.digitalforest.it/,20137
Tiwi,,VIALE PIAVE 4/H,REGGIO NELL'EMILIA,C1 - AI / Metaverse / Culture & Creativity,,tiwi,,"Creative studio that operates in the production chain of audiovisual and interactive content.Editorial production studio, production of original content for television, aimed at dissemination of art and culture. TIWI also operates with its own publishing brand ""minibombo"", each publisher for the pre-school age range.",No,,"Nicola Bigi,Federico Riboldazzi",2009,<1M (undisclosed),,Other,"October 23, 2024 10:31 PM",,,,DB%20Companies/Tiwi_CompanySummary.pdf,02367390354,"Nicola Bigi (https://www.notion.so/Nicola-Bigi-a7b89ac7174e477cb36d490f2d8d14e4?pvs=21), Federico Riboldazzi (https://www.notion.so/Federico-Riboldazzi-7aca806f10e0434395fb5416c259e7e9?pvs=21)",,2-SF,,,,SMEs Traction,RE,Emilia-Romagna,,"Nicola Bigi,Federico Riboldazzi","https://www.linkedin.com/in/nicolabigi/,https://www.linkedin.com/in/federicoriboldazzi/",,,,www.tiwi.it,42121
Must Had,,VIA SALUZZO 29,TORINO,C2 - Cybersecurity / Blockchain / IoT / Robotics,,musthad,,The platform giving companies’ textile waste a second chance.,No,,"Matteo Aghemo,Eugenio Riganti",2021,Between 0 and 500k,,CleanTech,"October 23, 2024 10:16 PM",,,,DB%20Companies/Must_Had_One_Pager.pdf,12395570018,"Matteo Aghemo (https://www.notion.so/Matteo-Aghemo-d9c1842580d54eb9a61cb93807b900cd?pvs=21), Eugenio Riganti (https://www.notion.so/Eugenio-Riganti-97b96d2fbe684cedbf6d75208e56562d?pvs=21)",Milano,2-SF,,,,Startup Bootcamp,TO,Piedmont,,"Matteo Aghemo,Eugenio Riganti",,,,,https://musthad.com/,10125
SaferPlaces,,"PIAZZA
  MALATESTA 21",RIMINI,C3 - Startup Bootcamp,,saferplaces,,"We developed a revolutionary cloud-based global platform: SaferPlaces, integrating climate, geospatial and satellite data with AI-based flood hazard and damage models, to create a digital twin of any city worldwide, providing quick and easy access to flood intelligence to a variety of stakeholders.",No,,"Francesca Renzi,Paride Ferrante,Stefano Bagli",2023,Bootstrapped,,ClimateTech,"November 12, 2024 9:09 PM",,,,DB%20Companies/SaferPlaces_One_Pager.pdf,04677710404,"Francesca Renzi (https://www.notion.so/Francesca-Renzi-8bb24f54b945425bbbe852ce5984e878?pvs=21), Paride Ferrante (https://www.notion.so/Paride-Ferrante-97a42e34ed4b4bab9ccb6ef04cce6c52?pvs=21), Stefano Bagli (https://www.notion.so/Stefano-Bagli-c2bea2a72c00428aa166f04d958e7839?pvs=21)","Barcellona,Milano,Rimini",2-SF,,,,Startup Acceleration,RN,Emilia-Romagna,,"Francesca Renzi,Paride Ferrante,Stefano Bagli","https://www.linkedin.com/in/paride-ferrante-495646163/?originalSubdomain=it,https://www.linkedin.com/in/stegeco/",6,,€0.00,http://www.saferplaces.co/,47923
SLY,,BORGO FERRI SNC ,SANTA CATERINA DELLO IONIO,C3 - Startup Bootcamp,,sly,,SLY’s purpose is to accelerate decarbonization by mitigating wildfires. SLY develops low-cost edge AI sensors to cover vast landscapes and detect ignitions within minutes. SLY’s software optimizes response by using remote sensing to predict top 1% of fires that spread and cause 50%+ of the damage.,No,,"Max Lenarciak,Kseniya Lenarciak",2023,Between 0 and 500k,,ClimateTech,"October 23, 2024 10:35 PM",,,,DB%20Companies/Sly_One_Pager.pdf,03902410798,"Max Lenarciak (https://www.notion.so/Max-Lenarciak-fdeb39334f26499d96341bba54cae443?pvs=21), Kseniya Lenarciak (https://www.notion.so/Kseniya-Lenarciak-f7ca9ffdbb7b48d7b207185e04be8d9d?pvs=21)",Santa Caterina dello Ionio,2-SF,,,,Startup Acceleration,CZ,Calabria,,"Max Lenarciak,Kseniya Lenarciak",https://www.linkedin.com/in/max-lenarciak-94320b7/,,,,http://www.sly.eco/,88060
j4energy,,VIA CONFIGLIACHI N 41/A,ABANO TERME,C3 - Startup Bootcamp,,j4energy,,"We are the next-generation Digital Energy Platform, deploying best-in-class technology to deliver the industrial energy transition. We achieve our mission by empowering industrial decision-makers with data-driven, risk-robust insights and digital execution support.",No,,"Elia Turatti,Filippo Lazzarin",2018,Between 1M and 5M,,"CleanTech, Green Energy","November 10, 2024 12:14 AM",,,,DB%20Companies/J4energy_One_Pager.pdf,05142430288,"Elia Turatti (https://www.notion.so/Elia-Turatti-154f1610928b413e993d65642523a101?pvs=21), Filippo Lazzarin (https://www.notion.so/Filippo-Lazzarin-0fd785d5a5d84435ac5aca0beb594191?pvs=21)","Milano,Padova",2-SF,,,,Startup Acceleration,PD,Veneto,,"Elia Turatti,Filippo Lazzarin","https://www.linkedin.com/in/elia-turatti/,https://www.linkedin.com/in/filippolazzarin/",15,,"€1,000,000.00",https://www.j4company.com/,35031
Pinpoint,,VIA DELL'ARTIGIANATO 24,BASTIGLIA,C3 - Startup Bootcamp,,pinpoint,,"Pinpoint builds solutions that turn monitoring data into strategic decisions, helping companies maximize the use of data to achieve tangible results. We work with companies to optimize efficiency and reduce emissions.",No,,"Nicolò Luppi,Elin Flyger",2019,Between 0 and 500k,,"CleanTech, Green Energy","October 23, 2024 10:22 PM",,,,DB%20Companies/Pinpoint_One_Pager.pdf,03855940361,"Nicolò Luppi (https://www.notion.so/Nicol-Luppi-3a67545ac14a4eb7afa024293bd4bd69?pvs=21), Elin Flyger (https://www.notion.so/Elin-Flyger-e5726a30b8d4466ab3af6430c4087525?pvs=21)",Modena,2-SF,,,,Startup Acceleration,MO,Emilia-Romagna,,"Nicolò Luppi,Elin Flyger",https://www.linkedin.com/in/nicol%C3%B2luppi/?originalSubdomain=it,,,,https://www.pinpointweb.it/,41030
Go Additive,,VIA CARLO VIOLA 78,PONT-SAINT-MARTIN,C1 - AI / Metaverse / Culture & Creativity,,goadditive,,"In Go Additive, we develop the most innovative algorithm based on GenerativeArtificial Intelligence, to produce 3D models that are unimaginable by engineers which means less time, less money, less material and up to 10Xhigher efficiency. We are now scaling this to global level.",No,,Ahmed Dagani,2019,,,"CleanTech, Green Energy","March 18, 2026 6:25 PM",,,,,01248980078,Ahmed Dagani (https://www.notion.so/Ahmed-Dagani-4d6d2225dc15433eb9be02a316f1ff90?pvs=21),Pont Saint Martin,1,,,,Startup Acceleration,AO,Aosta Valley,,Ahmed Dagani,,,,,https://goadditive.com/,11026
Pradella Sistemi,,VIA U BELLORA 83,CENE,C3 - Startup Bootcamp,,pradellasistemi,,"Pradella Sistemi is an Italian SME specializing in the research, development and commercialization of innovative solutions for SMART cities and sustainable mobility. We create infrastructures, e-columns and interactive benches with defibrillators and charging points for devices, cars and e-bikes.",No,,"Leonardo Gulmanelli,Furio Pradella",2015,Between 1M and 5M,,"CleanTech, Green Energy","October 23, 2024 10:23 PM",,,,DB%20Companies/Pradella_Sistemi_One_Pager.pdf,04080740162,"Leonardo Gulmanelli (https://www.notion.so/Leonardo-Gulmanelli-2313ffc11d9e4bb3878acbaebba6fed4?pvs=21), Furio Pradella (https://www.notion.so/Furio-Pradella-06f62bf764994680b10f114cc385d9f0?pvs=21)",,2-SF,,,,SMEs Traction,BG,Lombardy,,"Leonardo Gulmanelli,Furio Pradella","https://www.linkedin.com/in/leonardo-gulmanelli-3b524027b/,https://www.linkedin.com/in/furio-pradella/",,,,https://www.pradellasistemi.com/,24020
Arxax,,VIA ALESSANDRO VOLTA 13A,BOLZANO,C3 - Startup Bootcamp,,arxax,,Arxax is creating a smart network of zero and low-carbon refuelling stations strategically located across main European transportation corridors fulfilling the unique green transition requirements of the heavy duty vehicles (HDVs) in the transportation industry.,No,,"Elizabeth Mcnamara,Pejman Abdolmohammadii,Elham Hassanzadeh",2021,Between 1M and 5M,,CleanTech,"November 15, 2024 9:32 PM",,,,DB%20Companies/Arxax_One_Pager.pdf,03117350219,"Elizabeth Mcnamara (https://www.notion.so/Elizabeth-Mcnamara-e97f878f5b064b11a865d037e05c25fd?pvs=21), Pejman Abdolmohammadii (https://www.notion.so/Pejman-Abdolmohammadii-bc2ac72be5e442a69b557229fe64adc7?pvs=21), Elham Hassanzadeh (https://www.notion.so/Elham-Hassanzadeh-9e0a0c01466b483a94fe7159068786db?pvs=21)",,2-SF,,,,Startup Acceleration,BZ,Trentino-South Tyrol,,"Elizabeth Mcnamara,Pejman Abdolmohammadii,Elham Hassanzadeh","https://www.linkedin.com/in/liz-mcnamara/?originalSubdomain=ie,https://www.linkedin.com/in/pejmanabdolmohammadi/,https://www.linkedin.com/in/elham-hassanzadeh-40266523/?originalSubdomain=uk",7,,"€1,000,000.00",https://www.arxax.com/,39100
Babylon Cloud,,VIA DI TOR PAGNOTTA 86,ROMA,C3 - Startup Bootcamp,,babyloncloud,,"Babylon Cloud data services are based on a new object storage technology which consumes less by implementing a mix of overbooking, deduplication and fit-to-task HW. Pilot infrastructure in our headquarter is zero-carbon, powered by on-site fotovoltaic, batteries and hydrogen.",No,,Alessandro De Losa,2014,Between 1M and 5M,,CleanTech,"March 18, 2026 6:25 PM",,,,DB%20Companies/Babylon_Cloud_One_Pager.pdf,12708911008,Alessandro De Losa (https://www.notion.so/Alessandro-De-Losa-1d71cae20d124fcfaa0f9c94de0ada55?pvs=21),Roma,2-SF,,,,Startup Acceleration,RM,Latium,,Alessandro De Losa,https://www.linkedin.com/in/alessandrodelosa/,,,,http://www.babyloncloud.com/,00143
ecosostenibile.eu,,"PIAZZA DI S MARIA LIBERATRICE
  47",ROMA,C1 - AI / Metaverse / Culture & Creativity,,ecosostenibile.eu,,"ecosostenibile.eu Benefit Company, is the innovative ESGtech startup that accelerates the transition towards a low-carbon & high-circular economy realizing eCO2: the only platform in SaaS modality that allows companies to achieve ESG objectives, measuring sustainability, fulfilling compliance",No,,Daniele Roscino,2022,,,CleanTech,"October 23, 2024 9:46 PM",,,,,16488411006,Daniele Roscino (https://www.notion.so/Daniele-Roscino-c989519e98fe490ca89f19f71bdc4e9d?pvs=21),Roma,1,,,,Startup Acceleration,RM,Latium,,Daniele Roscino,,,,,https://www.e-co2.website/,00153
Green Future Project,,VIA VINCENZO MONTI 25,MILANO,C3 - Startup Bootcamp,,greenfutureproject,,"GFP is a VC-backed scale-up climate-tech company that provides an end-to-end software solution for carbon footprint management and decarbonisation to support clients worldwide in setting, achieving and communicating their ESG strategy.",No,,Pietro Pasolini,2020,Between 1M and 5M,,CleanTech,"October 23, 2024 9:59 PM",,,,DB%20Companies/Green_Future_Project_One_Pager.pdf,15810811008,Pietro Pasolini (https://www.notion.so/Pietro-Pasolini-11ca7f8604174256a8d0a942c32890d0?pvs=21),Milano,2-SF,,,,Startup Acceleration,MI,Lombardy,,Pietro Pasolini,https://www.linkedin.com/in/pietro-pasolini-dall-onda-565495217/,,,,https://greenfutureproject.com/,20123
Zerow,,VIA NEWTON 104,SCANDICCI,C3 - Startup Bootcamp,,zerow,,"Zerow is the platform to eliminate waste in the fashion industry. Our platform connects artisans, producers, and brands, facilitating the exchange of unused materials. Our e-commerce empowers brands to reach a community of conscious consumers, driving the transition toward a circular fashion industry",No,,Gabriele Rorandelli,2021,Between 0 and 500k,,CleanTech,"October 23, 2024 10:34 PM",,,,DB%20Companies/Zerow_One_Pager.pdf,07138020487,Gabriele Rorandelli (https://www.notion.so/Gabriele-Rorandelli-5d579ceedf514529a308adeac829d766?pvs=21),Firenze,2-SF,,,,Startup Acceleration,FI,Tuscany,,Gabriele Rorandelli,https://www.linkedin.com/in/gabriele-rorandelli-05510a1a4/,,,,http://www.zerow.it/,50018
Blue Gold,,"CORSO
  SAN GOTTARDO 41",MILANO,C3 - Startup Bootcamp,,bluegold,,"As a certified innovative Italian SME, BlueGold is committed to sustainable water usage, focusing on water infrastructure management, leak detection, and energy optimization. Our integrated solutions aim to enhance efficiency and promote environmentally conscious practices in water management.",No,,Andrea Delogu,2009,<1M (undisclosed),,CleanTech,"October 23, 2024 9:27 PM",,,,DB%20Companies/Blue_Gold_One_Pager.pdf,06434930969,Andrea Delogu (https://www.notion.so/Andrea-Delogu-975c288ae9b1490685f2a5b3e458b381?pvs=21),Milano,2-SF,,,,SMEs Traction,MI,Italy,,Andrea Delogu,https://www.linkedin.com/in/andreadelogu/,,,,https://www.blue-gold.it/en,20136
EZ LAB,,"PIAZZA
  DE GASPERI 28",PADOVA,C3 - Startup Bootcamp,,ezlab,,"EZ Lab is a software house specializing in advanced digital solutions in the smart agrifood sector, using blockchain, smart contracts, NFTs and AI to enhance products agro-industrial companies in the international market. The future is data-driven: we transform your data into economic value.",No,,"Massimo Morbiato,Edoardo Erlini",2015,Between 1M and 5M,,CleanTech,"October 23, 2024 9:58 PM",,,,DB%20Companies/Ez_Lab_One_Pager.pdf,04832270286,"Massimo Morbiato (https://www.notion.so/Massimo-Morbiato-618dd9ccb11b4259a07e4bc896d10b19?pvs=21), Edoardo Erlini (https://www.notion.so/Edoardo-Erlini-012c53f14a504b919e64774210b86706?pvs=21)",Padova,2-SF,,,,SMEs Traction,PD,Veneto,,"Massimo Morbiato,Edoardo Erlini","https://www.linkedin.com/in/massimomorbiato/,https://www.linkedin.com/in/edoardo-erlini/",,,,http://www.ezlab.it/,35121
Iride Acque,,STRADA REPUBBLICA 41,PARMA,C3 - Startup Bootcamp,,irideacque,,"Iride Acque is an Innovative SME active in the sewage depuration business, having developed a unique ed patented technology called EMER. It allows to purify and sanitize industrial sewage ""in situ"" giving back a product with features to be reutilized in the production cycle.",No,,"Giovanni Curci,Monica Casadei",2015,Between 1M and 5M,,CleanTech,"October 23, 2024 10:01 PM",,,,DB%20Companies/Iride_Acque_One_Pager.pdf,02710100344,"Giovanni Curci (https://www.notion.so/Giovanni-Curci-fa230efd81c04f4486185c9bd79d8c8b?pvs=21), Monica Casadei (https://www.notion.so/Monica-Casadei-b98e8335210a4c40b6c9dc334b0b4186?pvs=21)","Bari,Parma",2-SF,,,,SMEs Traction,PR,Emilia-Romagna,,"Giovanni Curci,Monica Casadei","https://www.linkedin.com/in/giovanni-curci-0311909/?originalSubdomain=it,https://www.linkedin.com/in/monica-casadei-07812a197/",,,,http://www.irideacque.com/,43121
Is CLEAN AIR,,"VIA SARDEGNA 50 C/O STUDIO
  LEGALE",ROMA,C3 - Startup Bootcamp,,iscleanair,,"Is CLEAN AIR is a business in roll-out since April 2017, which pursues the technological development, IPRs (intellectual property rights) transfer models, the industrialization/commercialization of innovative solutions based on the versatile, scalable, filterless APA-Air Pollution Abatement technology",No,,Chiara Verderese,2015,Between 5M and 15M,,CleanTech,"October 23, 2024 10:02 PM",,,,DB%20Companies/Is_Clean_Air_One_Pager.pdf,02368940223,Chiara Verderese (https://www.notion.so/Chiara-Verderese-174adccebf374bd286b1414f1bf732ed?pvs=21),Roma,2-SF,,,,SMEs Traction,RM,Latium,,Chiara Verderese,https://www.linkedin.com/in/chiara-verderese-9b7469185/?originalSubdomain=it,,,,http://www.iscleanair.com/,00187
Nextsense,,PIAZZA UMBERTO I 1,SALERNO,C3 - Startup Bootcamp,,nextsense,,"Nextsense is an Italian innovative SME that developed and patented an antimicrobial multi-wavelengths no-UV LED technology, Biovitae, that provides a safe and continuous sanitization in all the environments effective on air and surfaces.",No,,"Omar El Fata,Mauro Pantaleo,Giovanni della Monica",2015,Between 1M and 5M,,CleanTech,"October 23, 2024 10:19 PM",,,,DB%20Companies/Biovitae_One_Pager.pdf,05403770653,"Omar El Fata (https://www.notion.so/Omar-El-Fata-21038d057b744cf4832bccc5b7e2d7a0?pvs=21), Mauro Pantaleo (https://www.notion.so/Mauro-Pantaleo-115f0fecc5e843ecb18d48e230e8140e?pvs=21), Giovanni della Monica (https://www.notion.so/Giovanni-della-Monica-aacfa2bad3ca46dc8490d7803b7cd0ae?pvs=21)","Roma,Bari",2-SF,,,,SMEs Traction,SA,Latium,,"Omar El Fata,Mauro Pantaleo,Giovanni della Monica","https://www.linkedin.com/in/mauro-pantaleo-86564476/?originalSubdomain=it,https://www.linkedin.com/in/giovannidellamonica/",,,,http://www.biovitae.it/,84121
Osense,,VIA SAN PIETRO 56,MOLFETTA,C2 - Cybersecurity / Blockchain / IoT / Robotics,,osense,,"Osense is a software solution to help businesses measure and optimize their carbon footprint, enabling them to reduce emissions and operate more efficiently with the power of AI to advance sustainability in complex ecosystems",No,,,2021,,,CleanTech,"October 23, 2024 10:20 PM",,,,,08540570721,,,2-No SF,,,,Startup Bootcamp,BA,Apulia,,,,,,,http://www.osense.ai/,70056
Green Independence,,P ZA DEL POPOLO 1,BRINDISI,C3 - Startup Bootcamp,,greenindependence,,"Green Independence (GI) aims to accelerate the independence from fossil fuels by providing affordable and accessible green energy and clean water at source. GI is developing the New Artificial Leaf (NAL), a multifunctional solar panel that purifies water and produce green hydrogen off-grid.",No,,"Alessandro Monticelli,Marta Pisani",2020,Between 1M and 5M,,Green Energy,"March 18, 2026 6:25 PM",,,,DB%20Companies/Green_Independence_One_Pager.pdf,02631640741,"Alessandro Monticelli (https://www.notion.so/Alessandro-Monticelli-213a00bcaa3348e99021fa05543dcb26?pvs=21), Marta Pisani (https://www.notion.so/Marta-Pisani-7bf9af916d214ee997cbe696d4a70c46?pvs=21)","Brindisi, Torino",2-SF,,,,Startup Acceleration,BR,Apulia,,"Alessandro Monticelli,Marta Pisani","https://www.linkedin.com/in/alessandromonticelli/,https://www.linkedin.com/in/martapisani/",5,,"€1,400,000.00",https://www.greenindependence.eu/,72100
Altea Green Power,,"CORSO RE
  UMBERTO 8",TORINO,C3 - Startup Bootcamp,,alteagreenpower,,"Altea Green Power is a company active in the development and construction of energy production plants that respect the environment and as a ""service integrator"", addressing its know-how and skills to individuals, companies, institutions and investors",No,,"Giovanni Di Pascale,Valentina Rolli,Lorenzo Rubino",2008,Between 5M and 15M,,Green Energy,"October 23, 2024 9:16 PM",,,,DB%20Companies/Altea_Green_Power_One_Pager.pdf,08013190015,"Giovanni Di Pascale (https://www.notion.so/Giovanni-Di-Pascale-5520f7ea05274fd5beac5dc8e94db126?pvs=21), Valentina Rolli (https://www.notion.so/Valentina-Rolli-4674aba7ae59451e8a74df4d39e74ad9?pvs=21), Lorenzo Rubino (https://www.notion.so/Lorenzo-Rubino-77207e43b3cf4f2da5d25d6df4199665?pvs=21)",Torino,2-SF,,,,SMEs Traction,TO,Piedmont,,"Giovanni Di Pascale,Valentina Rolli,Lorenzo Rubino",https://www.linkedin.com/in/giovanni-di-pascale-23159253/,,,,https://www.alteagreenpower.it/,10121
Olivia,,VIA DELLA LOGGIA 48,ANCONA,C3 - Startup Bootcamp,,olivia,,"Olivia is a software that can make demand forecasts for a restorative entity. To put it simply: ""How many people will enter my restaurant tomorrow?"". ""What will they order?"" Olivia provides a concrete solution to the problem of wasting resources.",No,,"Lorenzo Roccati,Francesco Tansella",2022,<1M (undisclosed),,FoodTech,"October 23, 2024 10:20 PM",,,,DB%20Companies/Olivia_One_Pager.pdf,02919450425,"Lorenzo Roccati (https://www.notion.so/Lorenzo-Roccati-0e480af367344987a7e4eb5bff8c71d9?pvs=21), Francesco Tansella (https://www.notion.so/Francesco-Tansella-ad9b669d453b40ea9f9d2337d0bf6980?pvs=21)",,2-SF,,,,Startup Acceleration,AN,Lombardy,,"Lorenzo Roccati,Francesco Tansella","https://www.linkedin.com/in/lorenzo-roccati/,https://www.linkedin.com/in/francesco-tansella/",,,,https://www.olivia-software.com/,60121
Resmart,,VIA VOLTURNO 5,MONZA,C3 - Startup Bootcamp,,resmart,,"AI SaaS solution that dynamically optimizes menu and prices for the hospitality and retail industry, maximizing revenues, lowering costs and minimizing food waste.",No,,Emilio Zunino,2018,<1M (undisclosed),,FoodTech,"October 23, 2024 10:25 PM",,,,DB%20Companies/Resmart_One_Pager.pdf,02500600990,Emilio Zunino (https://www.notion.so/Emilio-Zunino-d9e89af8507b46ff960909c8f5d7115e?pvs=21),Milano,2-SF,,,,Startup Acceleration,MB,Lombardy,,Emilio Zunino,https://www.linkedin.com/in/emiliozunino/,,,,http://resmart.tech/,20900
Arredo Inox,,"VIA F MANCUSO Z I LOC
  ZIGARI ",CROTONE,C3 - Startup Bootcamp,,arredoinox,,"Sale and post-sale assets rely on the exploitation of Pat EP2769276B1 (and CA2852650): a 4.0 device and method for pH-controlled transformation of food (meat, fish, cheese). The technology is undisputed quality leader in both national and international markets for food processing and food security.",No,,"Giuliana Gerace,Alessandro Cuomo,Sean Cuomo",1998,<1M (undisclosed),,FoodTech,"March 18, 2026 6:25 PM",,,,DB%20Companies/Arredo_Inox_One_Pager.pdf,02729540795,"Giuliana Gerace (https://www.notion.so/Giuliana-Gerace-326e176a81414d38a75c24f7d60857c0?pvs=21), Alessandro Cuomo (https://www.notion.so/Alessandro-Cuomo-377bd5e5c900488aafce8c7f2aa16cf2?pvs=21), Sean Cuomo (https://www.notion.so/Sean-Cuomo-23d05b8d614a4f9e96bab106a9906e08?pvs=21)",Bologna,2-SF,,,,SMEs Traction,KR,Calabria,,"Giuliana Gerace,Alessandro Cuomo,Sean Cuomo",https://www.linkedin.com/in/sean-alberto-cuomo-56b4191a7/?originalSubdomain=it,,,,https://stagionellostore.com/it/,88900
Real Bowl,,VIA ANDREA PALLADIO 5,MONTAGNANA,C3 - Startup Bootcamp,,realbowl,,"Real Bowl is a D2C and B2B (towards breeders) dog food production company that provides fresh dog food with a fresh fridge-freezerless solution (Up to 60 days) that can expand the dog life upto 20%. The Subscription Model provides consumers, a personalize diet for dog that is fresh and natural.",No,,Dereck Ofosu,2020,Between 0 and 500k,,FoodTech,"October 23, 2024 10:24 PM",,,,DB%20Companies/Real_Bowl_One_Pager.pdf,05326370284,Dereck Ofosu (https://www.notion.so/Dereck-Ofosu-5d1183ff1ff8400c95c2057c3a945665?pvs=21),,2-SF,,,,SMEs Traction,PD,Italy,,Dereck Ofosu,https://www.linkedin.com/in/dereckofosulinkedin/,,,,http://www.realbowl.it/,35044
Cynomys,,"VIA
  PALESTRO 10",GENOVA,C3 - Startup Bootcamp,,cynomys,,"Cynomys patented IoT solution monitors the environment inside animal farms to help our customers improve animal welfare, decrease the use of antibiotics, increase production and measure carbon emissions.",No,,"Fabiana Surace,Enrico Carta",2017,Between 1M and 5M,,AgriTech,"October 23, 2024 9:41 PM",,,,DB%20Companies/Cynonyms_One_Pager.pdf,02468830993,"Fabiana Surace (https://www.notion.so/Fabiana-Surace-c18fcbc524f143d2969b90c312c1d48e?pvs=21), Enrico Carta (https://www.notion.so/Enrico-Carta-7021c13dd4f14d62ac160c279de368cb?pvs=21)",,2-SF,,,,SMEs Traction,GE,Liguria,,"Fabiana Surace,Enrico Carta","https://www.linkedin.com/in/fabianasurace/,https://www.linkedin.com/in/cartaenrico/",,,,http://www.cynomys.it/,16121
Igrox,,"VIA PADRE LUIGI SAMPIETRO N
  174",SARONNO,C3 - Startup Bootcamp,,igrox,,igrox designs and produces LED technology for cultivation in controlled environment since 2018. Our solutions contribute to elevate yield and enhance quality of crops while ensuring sustainability through our cutting edge technology.,No,,Alessandro Olivieri,2018,<1M (undisclosed),,AgriTech,"March 18, 2026 6:25 PM",,,,DB%20Companies/Igrox_One_Pager.pdf,10336470967,Alessandro Olivieri (https://www.notion.so/Alessandro-Olivieri-03df9b9d89124f299690148063f6c8fa?pvs=21),Saronno,2-SF,,,,SMEs Traction,VA,Lombardy,,Alessandro Olivieri,https://www.linkedin.com/in/alessandro-oliveri-264ba88/,,,,http://www.igrox.com/,21047
Enerpaper,,CORSO CASTELFIDARDO 30/A,TORINO,C3 - Startup Bootcamp,,enerpaper,,"Enerpaper produces and sell thermal insulation material based on cellulose . Compared to competitors that sell material in plastic bags of flakes, Enerpaper's product is sold in rolls and flaked during installation. Approach allows significant economical savings providing better thermal insulation.",No,,"Giandomenico Re,Davide Contu",2016,<1M (undisclosed),,"CleanTech, Green Energy","October 23, 2024 9:46 PM",,,,DB%20Companies/Enerpaper_One_Pager.pdf,11535650011,"Giandomenico Re (https://www.notion.so/Giandomenico-Re-e2e8be29fc9b4228b444049ebe7f9cfe?pvs=21), Davide Contu (https://www.notion.so/Davide-Contu-88c34671a07b48929bf6ded8828566c8?pvs=21)",,2-SF,,,,Startup Acceleration,TO,Piedmont,,"Giandomenico Re,Davide Contu","https://www.linkedin.com/in/giandomenico-re-a270381/?originalSubdomain=it,https://www.linkedin.com/in/davideenerpaper/",,,,http://www.enerpaper.com/,10128
Tomato+,,VIA FERRI 61/63/6,BORGOSATOLLO,C3 - Startup Bootcamp,,tomato+,,"Tomato + is a plug and play greenhouse for the hydroponic cultivation with biodegradabile Patented pods of herbs, vegetables and sprouts. The Tomato+ hydroponic greenhouses are for both domestic and professional use, for the Ho.Re.Ca. and for the large-scale distribution.",No,,"Alessandro Merigo,Daniele Rossi",2016,Between 1M and 5M,,"AgriTech, FoodTech","March 18, 2026 6:25 PM",,,,DB%20Companies/Tomato_One_Pager.pdf,03790430981,"Alessandro Merigo (https://www.notion.so/Alessandro-Merigo-e0a403a32ac14c80b06078850efe1d34?pvs=21), Daniele Rossi (https://www.notion.so/Daniele-Rossi-9a888493bde145ebb1fd35713417a098?pvs=21)",Brescia,2-SF,,,,SMEs Traction,BS,Lombardy,,"Alessandro Merigo,Daniele Rossi","https://www.linkedin.com/in/alessandro-merigo/,https://www.linkedin.com/in/daniele-rossi88/",,,,http://www.tomatopiu.com/,25010
Nano-Tech,,VIA CARFRATELLI 17,ASCOLI PICENO,C1 - AI / Metaverse / Culture & Creativity,,nano-tech,,"Nano-Tech deals with nano-technologies and produces innovative composite materials for the aerospace. Thanks to a patented technology and the know-how in the homogeneous and effective dispersion of nano particles, Nano-Tech has developed unique products, more robust, lighter and more heat resistant",Yes,,"Giuseppe Galimberti,Eros Cecconi",2016,Between 5M and 15M,,Space Economy,"February 20, 2026 8:38 PM",,,DB%20Companies/Nano-Tech.png,DB%20Companies/Nano-Tech_-_One_Pager.pdf,02099930444,"Giuseppe Galimberti (https://www.notion.so/Giuseppe-Galimberti-73ad189bf5184fb1923d106d67b2a5fb?pvs=21), Eros Cecconi (https://www.notion.so/Eros-Cecconi-c1f9c533e7b344fc908ac9981e2435d9?pvs=21)","Milano,Sirolo (AN)",2-SF,,,,SMEs Traction,AP,The Marches,,"Giuseppe Galimberti,Eros Cecconi",https://www.linkedin.com/in/giuseppe-galimberti-8129296/,15,,"€5,100,000.00",https://www.italnanotech.com/,63100
The Edge Company,,VIALE DELLA REPUBBLICA 74,RIMINI,C4 - Climate / Green Energy / Food Tech,,theedgecompany,,"Established to make airline flights safer by detecting uncooperative obstacles (such as birds and drones) through a series of purpose-written AI algorithms, The Edge Company has created a system with multiple applications, including detecting space debris. We have 13 patents granted.",No,,Fabio Masci,2017,Between 1M and 5M,,Space Economy,"October 23, 2024 10:31 PM",,,,DB%20Companies/The_Edge_Company_One_Pager.pdf,04325430405,Fabio Masci (https://www.notion.so/Fabio-Masci-a77039fea3a44e969599b89a6218418c?pvs=21),Rimini,2-SF,,,,SMEs Traction,RN,Emilia-Romagna,,Fabio Masci,,,,,https://www.theedgecompany.net/,47923
Spacearth Technology,,VIALE DELL'ASTRONOMIA 18,ROMA,C4 - Climate / Green Energy / Food Tech,,spacearthtechnology,,"Spacearth is a spin off company of INGV, the Italian Institute of Geophysics and Vulcanology. Nowadays entirely private, its mission is to bring into the market the wealth of INGV research experience, providing innovative services and high-tech tools by a rigorous scientific approach",No,,"Alessandro Fiorini,Vincenzo Romano",2014,Bootstrapped,,Space Economy,"March 18, 2026 6:26 PM",,,DB%20Companies/Spacearth_Technology.png,DB%20Companies/ONE_PAGER_-_Spacearth_technology.pdf,12975411005,"Alessandro Fiorini (https://www.notion.so/Alessandro-Fiorini-a66a4ae4437d404381f36bce940106db?pvs=21), Vincenzo Romano (https://www.notion.so/Vincenzo-Romano-cabee083f34b4bb4bcb511be5cbf398a?pvs=21)",Roma,2-SF,,,,SMEs Traction,RM,Latium,,"Alessandro Fiorini,Vincenzo Romano",,8,,€0.00,www.spacearth.net,00144
Deep Blue,,VIA DANIELE MANIN 53,ROMA,C4 - Climate / Green Energy / Food Tech,,deepblue,,"Human Factors&Safety consulting company providing solutions in the transportation sector, with a focus on aerospace. Deep Blue supports organisations in improving performance and safety by promoting a joint development of people, procedures and technologies, and applying a human-centred approach.",No,,"Linda Napolitano,Simone Pozzi",2001,Between 5M and 15M,,Space Economy,"October 23, 2024 9:41 PM",,,DB%20Companies/Deepblue.png,DB%20Companies/Deep_Blue_-_One_Pager.pdf,06458931000,"Linda Napolitano (https://www.notion.so/Linda-Napolitano-0bf187e02f624d11bca525b9ed104a09?pvs=21), Simone Pozzi (https://www.notion.so/Simone-Pozzi-ccb95582ae3e4891bf3c9626c916f010?pvs=21)",Roma,2-SF,,,,SMEs Traction,RM,Latium,,"Linda Napolitano,Simone Pozzi",,,,,www.dblue.it,00185
Involve Space,,VIA BRUSA 69,CANZO,C3 - Startup Bootcamp,,involvespace,,"Involve Space is a startup that has created an innovative stratospheric platform, which allows a broad range of activities, ranging from testing to earth observation and telecommunications. Furthermore, the company has a proprietary AI software to make its platform flight and control autonomous.",Yes,,"Jonathan Polotto,Alice Fontana",2021,Between 1M and 5M,,Space Economy,"February 20, 2026 8:36 PM",,,DB%20Companies/Involve_Space.png,DB%20Companies/ONE_PAGER_-_InvolveSpace.pdf,03955390137,"Jonathan Polotto (https://www.notion.so/Jonathan-Polotto-2f4f5960b38142119f57088cdd3859b8?pvs=21), Alice Fontana (https://www.notion.so/Alice-Fontana-bc8b335bd2cf419cbcd0c2794aa9106a?pvs=21)","Como,Arcore",2-SF,,,,Startup Acceleration,CO,Lombardy,,"Jonathan Polotto,Alice Fontana","https://www.linkedin.com/in/jonnypolotto/,https://www.linkedin.com/in/alice-fontana-b454b4239/",,,,https://www.involvespace.it/,22035
Revolv Space,,CORSO RE UMBERTO 7,TORINO,C4 - Climate / Green Energy / Food Tech,,revolvspace,,"Revolv Space is a NewSpace startup aiming to enable continuous payload operations for small satellites by designing, manufacturing, and testing the next generation of space mechanism, enabling full monetization of space assets.",No,,"Marco Sala,Claudia Landolfo",2022,Between 1M and 5M,,Space Economy,"April 9, 2025 7:30 AM",,,DB%20Companies/Revolv_(black).png,DB%20Companies/ONE_PAGER_-_Revolve_Space_(VF).pdf,12785350013,"Marco Sala (https://www.notion.so/Marco-Sala-1e565d57c009804f98d8e7e303914910?pvs=21), Claudia Landolfo (https://www.notion.so/Claudia-Landolfo-1e565d57c0098003972aea600ee793b8?pvs=21)",,2-SF,,,,SMEs Traction,TO,Piedmont,,"Marco Sala,Claudia Landolfo","https://linkedin.com/in/salamarco1997,https://linkedin.com/in/claudia-landolfo",,,,www.revolvspace.com,10121
Blacks,,VIA VITTORI 107,FAENZA,C4 - Climate / Green Energy / Food Tech,,blacks,,"Blacks S.r.l. was created in November 2011 by a small group of young but experienced and passionate specialists, willing to focus on design, prototype, and manufacturing of advanced composite materials components (carbon, glass, aramid, flax, hybrid fibers and thermoset resins).",No,,Gabriele Bandini,2011,Between 1M and 5M,,Space Economy,"October 23, 2024 9:23 PM",,,DB%20Companies/Blacks.png,DB%20Companies/Blacks_-_One_Pager.pdf,02419940396,Gabriele Bandini (https://www.notion.so/Gabriele-Bandini-0dbf9ab6eda14c13a2e77ed122ac2b9b?pvs=21),Faenza (RA),2-SF,,,,SMEs Traction,RA,Emilia-Romagna,,Gabriele Bandini,,,,,https://blacks-composites.it/,48018
Nurjana Technologies,,"VIA MARIO BETTI (CASIC - EST)
  27/29",ELMAS,C4 - Climate / Green Energy / Food Tech,,nurjanatechnologies,,"NT’s competence in pioneering precise, reliable designs and solutions gives Defense and Aerospace organizations a distinct advantage in system integration. NT helps government and commercial entities tackle tomorrow’s technical challenges through outstanding and innovative products and solutions.",No,,"Maurizio Cao,Pietro Andronico",2012,,,Space Economy,"October 23, 2024 10:20 PM",,,DB%20Companies/Nurjanatech.png,DB%20Companies/ONE_PAGER_-_Nurjana_Technologies_(VF).pdf,03450730928,"Maurizio Cao (https://www.notion.so/Maurizio-Cao-bb6bb4aebd434328ba88af788031a1c6?pvs=21), Pietro Andronico (https://www.notion.so/Pietro-Andronico-685713b3e8d04ef3b90b8788923f1fab?pvs=21)",,2-No SF,,,,SMEs Traction,CA,Sardinia,,"Maurizio Cao,Pietro Andronico",,,,,www.nurjanatech.com,09030
ARCA Dynamics,,"VIA
  ALBERTO MARVELLI N 36 INT 12",ROMA,C4 - Climate / Green Energy / Food Tech,,arcadynamics,,"ARCA Dynamics offers space traffic monitoring and Earth observation services using proprietary nanosatellites. It develops cutting-edge satellite-based maritime traffic monitoring solutions and has patented an in-orbit monitoring system for space debris detection, including small space debris. ",No,,"Davide Rastelli,Daniele Luchena",2016,Between 1M and 5M,,Space Economy,"March 18, 2026 6:26 PM",,,DB%20Companies/ARCA_Dynamics.png,DB%20Companies/Arca_Dynamics_One_Pager.pdf,13844351000,"Davide Rastelli (https://www.notion.so/Davide-Rastelli-cc196684cbca4f22a735fa008dfbe4c8?pvs=21), Daniele Luchena (https://www.notion.so/Daniele-Luchena-7a128b24ea034bc58860ac0fcc2750dd?pvs=21)","Faenza (RA),Racale (LE)",2-SF,,,,SMEs Traction,RM,Latium,,"Davide Rastelli,Daniele Luchena",,,,,https://www.arcadynamics.space/,00132
Space Products and Innovation (SPiN),,VIA SANTA CROCE 5,FRASCATI,C4 - Climate / Green Energy / Food Tech,,spaceproductsandinnovation(spin),,"SPiN enables manufacturers to integrate components and subsystems efficiently and cheaply in a modular concept, empowering satellite manufacturers to spend high-value time and money where it counts: pursuing new ventures.",No,,"Giulia Federico,Ran Qedar",2021,Between 1M and 5M,,Space Economy,"October 23, 2024 10:30 PM",,,DB%20Companies/SPiN.png,DB%20Companies/SPiN_-_One_Pager.pdf,16198801009,"Giulia Federico (https://www.notion.so/Giulia-Federico-873a23bf14cf45f284ee9e4c371fcf59?pvs=21), Ran Qedar (https://www.notion.so/Ran-Qedar-34f1efdb74a14649a52c98b8c1856178?pvs=21)",Frascati (RM),2-SF,,,,SMEs Traction,RM,Latium,,"Giulia Federico,Ran Qedar",,,,,https://www.spinintech.com/,
Spherecube,,VIA BRECCE BIANCHE 12,ANCONA,C4 - Climate / Green Energy / Food Tech,,spherecube,,"Spherecube offers a solution encompassing generative design and slicing software, sustainable high-performance materials, and 3D printers. Their solution optimizes parts by minimizing material waste, addressing design constraints, and automating processes, resulting in reduced production time.",No,,"Valerio Di Pompeo,Alessio Vita",2020,<1M (undisclosed),,Space Economy,"October 23, 2024 10:30 PM",,,DB%20Companies/Spherecube.png,DB%20Companies/Spherecube_One_Pager.pdf,02871560427,"Valerio Di Pompeo (https://www.notion.so/Valerio-Di-Pompeo-25bbbb5c74024f7f8f32573a7db0c043?pvs=21), Alessio Vita (https://www.notion.so/Alessio-Vita-3cf8f554e25a4ce18d1cf847b0406f1d?pvs=21)","Roseto degli Abruzzi (TE),Belforte del Chienti (MC)",2-SF,,,,SMEs Traction,AN,The Marches,,"Valerio Di Pompeo,Alessio Vita",,,,,www.spherecube.eu,60131
Nano i-Tech,,VICOLO GOFFREDO CASALIS 7,SALUZZO,C2 - Cybersecurity / Blockchain / IoT / Robotics,,nanoi-tech,,,No,,"Sebastiano Andreis,Domenico Boassi",,,,Other,"October 23, 2024 10:16 PM",,,,,03939190041,"Sebastiano Andreis (https://www.notion.so/Sebastiano-Andreis-9a42da7ee34840daae922bb7c522da81?pvs=21), Domenico Boassi (https://www.notion.so/Domenico-Boassi-7cc18e41496b4dd28013999778e37449?pvs=21)",,2-No SF,,,,Startup Bootcamp,CN,Piedmont,,"Sebastiano Andreis,Domenico Boassi",,,,,,12037
Keyless Technologies,,VIALE LUCA GAURICO 9/11,ROMA,C2 - Cybersecurity / Blockchain / IoT / Robotics,,keylesstechnologies,,,No,,"Salvatore Carso,Danielle Labarbera,Flavio Ragnes",,,,Other,"October 23, 2024 10:04 PM",,,,DB%20Companies/Keyless_One_Pager.pdf,14880901005,"Salvatore Carso (https://www.notion.so/Salvatore-Carso-1c9a62a7da1549c788af65da6bdcd3eb?pvs=21), Danielle Labarbera (https://www.notion.so/Danielle-Labarbera-dcef7de9ffca4e3f8dfd60905ca7a3ec?pvs=21), Flavio Ragnes (https://www.notion.so/Flavio-Ragnes-9e486093bef74c98a0a9d0dcb418bcf8?pvs=21)",Roma,2-No SF,,,,Startup Bootcamp,RM,Latium,,"Salvatore Carso,Danielle Labarbera,Flavio Ragnes",,,,,,00143
Novalimb,,VIA TEODORO VALFRE 11,ROMA,C2 - Cybersecurity / Blockchain / IoT / Robotics,,novalimb,,,No,,Leonardo Vannucci,,,,Medical Device,"October 23, 2024 10:20 PM",,,,DB%20Companies/Novalimb_One_Pager.pdf,16360551002,Leonardo Vannucci (https://www.notion.so/Leonardo-Vannucci-a9efd77fb16c4ce0a13de39a3182a766?pvs=21),,2-No SF,,,,SMEs Traction,RM,Latium,,Leonardo Vannucci,,,,,,00165
3Bee,,"VIA
  VOLTA 4",TREZZO SULL'ADDA,C1 - AI / Metaverse / Culture & Creativity,,3bee,,"3Bee addresses the urgent decline of pollinators with three key technologies—Hive-tech, BioScan, and Flora. Together, they provide an integrated solution for monitoring and protecting biodiversity by tracking the health of both flora and insect populations, ensuring sustainable conservation efforts.",No,,,,,,AgriTech,"October 23, 2024 10:38 PM",,,,,09711590969,,,1,,,,SMEs Traction,MI,Lombardy,,,,,,,https://www.3bee.com/,20056
Wekiwi,,VIA DE' CARRACCI 69/2,BOLOGNA,C1 - AI / Metaverse / Culture & Creativity,,wekiwi,,"wekiwi nasce nel 2016 come primo fornitore di energia con approccio digital al mercato libero. Il nostro target è quello di sensibilizzare il cliente al consumo attraverso meccanismi di incentivo che premiano il monitoraggio e la previsione dei propri consumi. La nostra offerta core implementa una dinamica di prepayment, definita ""Carica"", che richiede al cliente di prevedere i propri consumi mensili in cambio di una scontistica sul prezzo finale. La richiesta previsionale è supportata da tool a disposizione del cliente che gli permettono di consultare il proprio storico dei consumi e valutare la Carica più adatta per la propria fornitura.",No,,,2009,,,Green Energy,"October 23, 2024 10:34 PM",,,,,02968081204,,,1,,,,SMEs Traction,BO,Emilia-Romagna,,,,,,,https://www.wekiwi.it/,40129
Lisari,,CORTE DEI MESAGNESI 30,LECCE,C1 - AI / Metaverse / Culture & Creativity,,lisari,,"Lisari offre servizi digitali in abbonamento. Oggi il primo prodotto sul mercato è Karaoke One, un servizio di content creation disponibile via app mobile. Per accedere alle feature di content creation è necessario un abbonamento mensile (o annuale) ricorrente.",No,,,2014,,,Other,"October 23, 2024 10:06 PM",,,,,04653920753,,,1,,,,SMEs Traction,LE,Apulia,,,,,,,www.lisari.com,73100
NETCITYLED,,VIA CELLINI 2/L,PISTOIA,C1 - AI / Metaverse / Culture & Creativity,,netcityled,,,No,,,,,,Other,"October 23, 2024 10:16 PM",,,,,01901640472,,,1,,,,SMEs Traction,PT,Tuscany,,,,,,,,51100
Agrimessina,,S P 240 KM 13 600,RUTIGLIANO,C1 - AI / Metaverse / Culture & Creativity,,agrimessina,,"Agrimessina oggi vende uva da tavola nei principali supermercati europei: UK, Germania, Danimarca, Finlandia, Svezia, Italia, UAE. L'azienda sta sviluppando nuovi prodotti per diferrenziare il proprio modello di business: - robot per la raccolta di uva (progetto H2020) - sistema automatico di rilevazione qualità",No,,,,,,AgriTech,"October 23, 2024 9:13 PM",,,,,06926230720,,,1,,,,SMEs Traction,BA,Apulia,,,,,,,https://www.agrimessina.it/en/,70018
Veos Digital,,VIALE PIAVE 21,MILANO,C1 - AI / Metaverse / Culture & Creativity,,veosdigital,,"Prodotto Digiwatt App + sensore per il controllo del consumo energetico di una casa, scoprire quanto consumano gli elettrodomestici e rirmiare. Ventuda direttamente B2C e in partnership B2B2C",No,,,2016,,,Green Energy,"October 23, 2024 10:34 PM",,,,,09389590960,,,1,,,,SMEs Traction,MI,Lombardy,,,,,,,https://veos.digital/,20129
Domethics,,VIA PIETRO MICCA 20,TORINO,C1 - AI / Metaverse / Culture & Creativity,,domethics,,"Domethics offering solutions to reduce waste and CO2 emissions. The main product, Adriano, transforms old smartphones into smart home gateways, minimizing environmental impact and supporting the fight against climate change, providing features for energy control, resulting in over 30% savings.",No,,,2014,,,CleanTech,"October 23, 2024 9:43 PM",,,,,11219800015,,,1,,,,SMEs Traction,TO,Piedmont,,,,,,,www.domethics.com,10122
Apptripper,,VIA GIOVANNI PAISIELLO 19,NAPOLI,C1 - AI / Metaverse / Culture & Creativity,,apptripper,,,No,,,,,,Other,"October 23, 2024 10:38 PM",,,,,07425951212,,,1,,,,SMEs Traction,NA,Campania,,,,,,,,80128
Smiling,,VIA GIOVANNI DA PROCIDA 35/A,MILANO,C1 - AI / Metaverse / Culture & Creativity,,smiling,,,No,,,2013,,,Other,"October 23, 2024 10:35 PM",,,,,02818530210,,,1,,,,SMEs Traction,MI,Lombardy,,,,,,,,20149
HERO,,VIA GABRIELE D'ANNUNZIO 21,MARTINA FRANCA,C1 - AI / Metaverse / Culture & Creativity,,hero,,"Hero Health Monitoring (HHM) è una soluzione basata sulla Computer Vision, per rilevare in modalità contactless e continuativa H24, parametri vitali, postura e stati emotivi delle persone. In ambito Health, consente: - Monitoraggio e controllo dei pazienti - Telemedicina e video consulto per visite a distanza - Rilevazione e classificazione di dati sulla salute delle persone (Big Data) Hero Health Monitoring può essere implementato sui devices video di ampia diffusione (smartphone, telecamere, pc, etc), con una configurazione flessibile in base alle esigenze d’uso. Inoltre, HHM mette a disposizione una dashboard di semplice utilizzo ed una reportistica personalizzata e di immediata consultazione",No,,,,,,Computer Vision,"October 23, 2024 10:00 PM",,,,,03100280738,,,1,,,,SMEs Traction,TA,Apulia,,,,,,,www.herovision.it,74015
Airpim,,VIA PER MARCO 12/D,ROVERETO,C1 - AI / Metaverse / Culture & Creativity,,airpim,,,No,,,,,,Other,"October 23, 2024 9:13 PM",,,,,03375460239,,,1,,,,SMEs Traction,TN,Trentino-South Tyrol,,,,,,,,38068
CShark,,STRADONE FARNESE 39 C,PIACENZA,C1 - AI / Metaverse / Culture & Creativity,,cshark,,,No,,,,,,Other,"October 23, 2024 9:40 PM",,,,,01771080338,,,1,,,,SMEs Traction,PC,Emilia-Romagna,,,,,,,,29121
Altilia,,VIA ALESSANDRO VOLTA 41,RENDE,C1 - AI / Metaverse / Culture & Creativity,,altilia,,"Altilia Intelligent Automation™ (AIA) platform transforms enterprises with AI-driven document processing, text analysis, and knowledge management, scaling to meet demanding workloads.",No,,,2010,Between 1M and 5M,,Generative AI,"October 23, 2024 9:16 PM",,,,DB%20Companies/One_Pager_Altilia.pdf,10780921002,,,2-No SF,,,,SMEs Traction,CS,Calabria,,,,,,,https://altilia.ai,87036
Vedrai,,PIAZZA VETRA 17,MILANO,C1 - AI / Metaverse / Culture & Creativity,,vedrai,,,No,,,2020,,,Other,"October 23, 2024 10:32 PM",,,,,11257890969,,,1,,,,Startup Acceleration,MI,Lombardy,,,,,,,,20123
REIWA,,"VIA
  GIUSEPPE PITRE 6/B",CALTAGIRONE,C1 - AI / Metaverse / Culture & Creativity,,reiwa,,,No,,,2019,,,Other,"October 23, 2024 10:25 PM",,,,,05683390875,,,1,,,,Startup Acceleration,CT,Sicily,,,,,,,,95041
Your Export Studio,,VIA S LORENZO 164,CAMPOBASSO,C1 - AI / Metaverse / Culture & Creativity,,yourexportstudio,,,No,,,2018,,,Other,"October 23, 2024 10:34 PM",,,,,01806590707,,,1,,,,Startup Acceleration,CB,Campania,,,,,,,,86100
MDOTM,,VIA GIUSEPPE VIGONI 10,MILANO,C1 - AI / Metaverse / Culture & Creativity,,mdotm,,,No,,,2016,,,Fintech,"October 23, 2024 10:09 PM",,,,,09601510960,,,1,,,,Startup Acceleration,MI,Lombardy,,,,,,,,20122
Foodea Lab,,VIALE DEGLI ATLANTICI 4,BENEVENTO,C1 - AI / Metaverse / Culture & Creativity,,foodealab,,,No,,,,,,Other,"October 23, 2024 10:37 PM",,,,,01726370628,,,1,,,,Startup Acceleration,BN,Campania,,,,,,,,82100
Pemcards (Emotion),,VIA GIUSEPPE CEI 8,CASCINA,C1 - AI / Metaverse / Culture & Creativity,,pemcards(emotion),,,No,,,,,,Other,"October 23, 2024 10:22 PM",,,,,02267300503,,,1,,,,Startup Acceleration,PI,,,,,,,,,56021
R&S SOLUTIONS,,"VIA
  FREUD SIGMUND N 4",CAGLIARI,C1 - AI / Metaverse / Culture & Creativity,,r&ssolutions,,,No,,,2014,,,Other,"October 23, 2024 10:24 PM",,,,,03547800924,,,1,,,,Startup Acceleration,CA,Sardinia,,,,,,,,09126
VirtualCrab,,VIA FASANA 21,ROMA,C1 - AI / Metaverse / Culture & Creativity,,virtualcrab,,,No,,,,,,Other,"October 23, 2024 10:33 PM",,,,,14218431006,,,1,,,,Startup Acceleration,RM,Latium,,,,,,,,00195
Sharing Communication Agency,,VIA GIACOMO MATTEOTTI 111,FOGGIA,"C1 - AI / Metaverse / Culture & Creativity, C2 - Cybersecurity / Blockchain / IoT / Robotics",,sharingcommunicationagency,,,No,,,2018,,,Other,"March 18, 2026 6:25 PM",,,,,04205670716,,,1,,,,"Startup Acceleration, Startup Bootcamp",FG,Apulia,,,,,,,,71121
Cloudvision,,VIA SALGARI 17,MODENA,C1 - AI / Metaverse / Culture & Creativity,,cloudvision,,,No,,,,,,Other,"October 23, 2024 10:38 PM",,,,,03942600366,,,1,,,,Startup Acceleration,MO,Emilia-Romagna,,,,,,,,41123
Museuminbox,,VIA POSTEROLE 22,FORMIA,C1 - AI / Metaverse / Culture & Creativity,,museuminbox,,,No,,,,,,Other,"October 23, 2024 10:16 PM",,,,,03040580593,,,1,,,,Startup Acceleration,LT,,,,,,,,,04023
Slidetheworld,,VIA ANIELLO FALCONE 198,NAPOLI,C1 - AI / Metaverse / Culture & Creativity,,slidetheworld,,,No,,,2018,,,Other,"October 23, 2024 10:35 PM",,,,,09069281211,,,1,,,,Startup Acceleration,NA,Campania,,,,,,,,80127
ReLearn,,VIA CERNAIA N 24,TORINO,C1 - AI / Metaverse / Culture & Creativity,,relearn,,,No,,,,,,Other,"October 23, 2024 10:25 PM",,,,,12428410018,,,1,,,,Startup Acceleration,TO,Piedmont,,,,,,,,10122
Revelis,,VIA KENNEDY 126,RENDE,C1 - AI / Metaverse / Culture & Creativity,,revelis,,"Revelis intende perfezionare il proprio modello organizzativo e di business per affrontare le sfide poste dall'emergere di tecnologie di AI generativa, e consentire lo scalino-up del proprio business in modo armonico alla crescita del proprio personale ed all'affermarsi dei propri prodotti.",No,,,2019,,,AI,"October 23, 2024 10:35 PM",,,,,03604220784,,,1,,,,Startup Acceleration,CS,Calabria,,,,,,,https://www.revelis.eu,87036
PunchLab,,VIA MARSALA N 29 H/I,ROMA,C1 - AI / Metaverse / Culture & Creativity,,punchlab,,,No,,,2019,,,Other,"October 23, 2024 10:23 PM",,,,,15347021006,,,1,,,,Startup Acceleration,RM,Latium,,,,,,,,00185
INNOVA SOCIETÀ COOPERATIVA,,VIA COL BERTE' N 100,MILAZZO,C1 - AI / Metaverse / Culture & Creativity,,innovasocietàcooperativa,,,No,,,,,,Other,"October 23, 2024 10:01 PM",,,,,03477590834,,,1,,,,Startup Acceleration,ME,,,,,,,,,98057
Artep,,C SO S ANASTASIA 34,VERONA,C1 - AI / Metaverse / Culture & Creativity,,artep,,,No,,,,,,Other,"October 23, 2024 10:38 PM",,,,,02533790230,,,1,,,,Startup Acceleration,VR,Veneto,,,,,,,,37121
lightScience,,VIA CAVOUR 2,LOMAZZO,C1 - AI / Metaverse / Culture & Creativity,,lightscience,,,No,,,2020,,,Other,"October 23, 2024 10:06 PM",,,,,03884880133,,,1,,,,Startup Acceleration,CO,Lombardy,,,,,,,,22074
Global Architecture Visualization Projects,,VIA M MONACO 142,SAN PRISCO,C1 - AI / Metaverse / Culture & Creativity,,globalarchitecturevisualizationprojects,,,No,,,,,,Other,"October 23, 2024 9:59 PM",,,,,04336630613,,,1,,,,Startup Acceleration,CE,Campania,,,,,,,,81054
Vehnta,,VIA GIOSUE' CARDUCCI 32,MILANO,C1 - AI / Metaverse / Culture & Creativity,,vehnta,,"La nostra motivazione strategica per la partecipazione al programma è quella di poter incontrare persone con cui scambiare valore: in particolare esperti del settore tecnologico, per un confronto diretto sulla nostra innovazione, e investitori qualificati per iniziare una conversazione che possa portare a convergenze di business.",No,,,2019,,,Other,"October 23, 2024 10:34 PM",,,,,10842420969,,,1,,,,Startup Acceleration,MI,Lombardy,,,,,,,https://vehnta.com/,20123
Fantacycling,,VIA TOSCOROMAGNOLA EST 241/F,PONTEDERA,C1 - AI / Metaverse / Culture & Creativity,,fantacycling,,Implementare le competenze lato blockchain e NFT per il nuovo Pay to eran game che stiamo progettando,No,,,,,,Web3,"October 23, 2024 9:58 PM",,,,,02357540505,,,1,,,,Startup Acceleration,PI,Tuscany,,,,,,,https://fanta-cycling.com/en,56025
Celerya,,VIA DON TURINETTI 11,BOSCONERO,C1 - AI / Metaverse / Culture & Creativity,,celerya,,,No,,,,,,Other,"October 23, 2024 9:39 PM",,,,,12230960010,,,1,,,,Startup Acceleration,TO,Piedmont,,,,,,,,10080
DC Engineering,,VANVITELLI 13 13,BATTIPAGLIA,C1 - AI / Metaverse / Culture & Creativity,,dcengineering,,,No,,,,,,Other,"October 23, 2024 10:37 PM",,,,,05558080650,,,1,,,,Startup Acceleration,SA,Campania,,,,,,,,84091
Pandhora,,PIAZZA GIACOMO MATTEOTTI 7,NAPOLI,C2 - Cybersecurity / Blockchain / IoT / Robotics,,pandhora,,"Innovative company located in Mercato San Severino - Italy, specialized in the manufacturing of Mobility aids for disabled people. Founded in 2016 and incubated by the accelerator Entopan, it was financed by Banca Etica, CDP Venture Capital and other important Investment Funds.",No,,,,,,Medical Device,"October 23, 2024 10:35 PM",,,,,02726920420,,,1,,,,SMEs Traction,NA,Campania,,,,,,,,80133
XNOOVA,,VIALE DEI MILLE N 3,PIACENZA,C2 - Cybersecurity / Blockchain / IoT / Robotics,,xnoova,,"Xnoova develops SaaS applications to streamline business operations, scale their growing business, and improve customer acquisition, retention, and satisfaction rates. With this approach, we automate the work and provide the necessary flexibility to meet the different needs of our customers.",No,,,,,,Other,"October 23, 2024 10:34 PM",,,,,01698590336,,,1,,,,SMEs Traction,PC,Emilia-Romagna,,,,,,,,29121
Accessory Line,,VIA OBBIA BASSA 1/B,TREBASELEGHE,C2 - Cybersecurity / Blockchain / IoT / Robotics,,accessoryline,,"Logistic and e-commerce services and Consumer Electronics, Supplements, and Dermocosmetics Productor",No,,,,,,Other,"October 23, 2024 9:13 PM",,,,,04800070262,,,1,,,,SMEs Traction,PD,Veneto,,,,,,,https://www.accessoryline.it/,35010
Sensosan,,VIA VITTORIO VENETO 54B,ROMA,C2 - Cybersecurity / Blockchain / IoT / Robotics,,sensosan,,"We offer production licence to strong partner that coverall world areas to reduce the risk, specially supply chain & components. and to scale faster.We make money by Nespresso Model:1 - PaaS S1 + Air Fluid Pod _#_192 - Sales S1 + Air Fluid Pod 3 - Licence Distribution Annual Fee + % Royalties ",No,,,,,,Hardware & Robotics,"October 23, 2024 10:29 PM",,,,,15760241008,,,1,,,,SMEs Traction,RM,Latium,,,,,,,,00187
TOD System,,"VIA LUCREZIA DELLA VALLE
  SNC ",CATANZARO,C2 - Cybersecurity / Blockchain / IoT / Robotics,,todsystem,,"Todrobot ranks in the global industrial robot market, which is expected to reach $86.6 billion by 2030. The e-commerce boom will bring the number of warehouses worldwide to 180,000 by 2025. TOD System expects to sell over 3,000 mobots by 2030, with a 30% margin, to reach 3% of the global market.",No,,,,,,Hardware & Robotics,"October 23, 2024 10:31 PM",,,,,03665340794,,,1,,,,SMEs Traction,CZ,Calabria,,,,,,,,88100
Befreest,,VIALE VIRGILIO N 150,TARANTO,C2 - Cybersecurity / Blockchain / IoT / Robotics,,befreest,,"Renting with a long-term contract IoT devices, the customers receive services related to air quality, with a PaaS model, like: pollution and risk level elaborations, data history, reports, IoT ventilation control, and others. Controlling remotely each device, we supply a ""Peace of mind"" service.",No,,,,,,CleanTech,"October 23, 2024 9:22 PM",,,,,03178690735,,,1,,,,SMEs Traction,TA,Apulia,,,,,,,,74121
Eurolink Systems,,"VIA
  PIEDICAVALLO 51",ROMA,C2 - Cybersecurity / Blockchain / IoT / Robotics,,eurolinksystems,,"Eurolink System’s strength lies in the development of high-performance and innovative electronic systems, e-mobility solutions and complex robotics.",No,,,,,,Hardware & Robotics,"October 23, 2024 10:37 PM",,,,,05374591005,,,1,,,,SMEs Traction,RM,Latium,,,,,,,,00166
My Money,,CORSO VITTORIO EMANUELE II 116,PADOVA,C2 - Cybersecurity / Blockchain / IoT / Robotics,,mymoney,,We are delivering a Saas for a new payment system. This means that we are going to give our system in white label to all the banks and credit cards Companies. So it is a B2B2C modelThen we will become a  virtual bank too and we will deliver the system with our own brand with a B2C model.,No,,,,,,Fintech,"October 23, 2024 10:16 PM",,,,,05023280281,,,1,,,,SMEs Traction,PD,Veneto,,,,,,,,35123
Qadra,,CORSO RE UMBERTO 84,TORINO,C2 - Cybersecurity / Blockchain / IoT / Robotics,,qadra,,"We are SaaS company active in the WealthTech space. Our digital front office for wealth manager (Qadra platform) is a cloud-enabled, modular solution that enables wealth management companies, family offices and private banks to acquire and serve clients in the digital era.",No,,,,,,Fintech,"October 23, 2024 10:23 PM",,,,,11999780015,,,1,,,,SMEs Traction,TO,Piedmont,,,,,,,,10128
Ascot Industrial,,VIA GIOVANNI NICOTERA 29,ROMA,C2 - Cybersecurity / Blockchain / IoT / Robotics,,ascotindustrial,,"Ascot is an Italian manufacturing group operating internationally in the power energy sector mainly focused on the production of diesel generating sets, hybrid technologies & power plants, designed in accordance to customer specifications at varying climatic conditions.",No,,,,,,Green Energy,"October 23, 2024 9:33 PM",,,,,01791840851,,,1,,,,SMEs Traction,RM,Latium,,,,,,,https://www.ascotinternational.com/,00195
Deateq,,VIA LIVORNO 54/3,FIRENZE,C3 - Startup Bootcamp,,deateq,,"At Deateq, we embrace four of the issues most related to sustainable development: energy, environment, mobility and Smart Cities.",No,,,2020,,,CleanTech,"October 23, 2024 9:41 PM",,,,,07002080484,,,1,,,,SMEs Traction,FI,Tuscany,,,,,,,https://www.deateq.com/,50142
EnGreen,,VIA ELIO VITTORINI 103,ROMA,C3 - Startup Bootcamp,,engreen,,A bunch of renewable energy passioante driving the change through access to clean and safe energy for developed and underdeveloped countries,No,,,2019,,,Green Energy,"October 23, 2024 9:46 PM",,,,,15339021006,,,1,,,,SMEs Traction,RM,Latium,,,,,,,www.engreensolutions.com,00144
WMD,,"PIAZZA
  EUCLIDE 47",ROMA,C3 - Startup Bootcamp,,wmd,,"WMD was founded in 2017 by a family of Libyan entrepreneurs for over 40 years operating in the international trading of fertilizers, pesticides and seeds. The founder of the family and partner of WMD was director of the horticulture department of the Libyan Ministry of Agriculture until 1996.",No,,,2017,,,AgriTech,"October 23, 2024 10:34 PM",,,,,02748000425,,,1,,,,SMEs Traction,RM,Latium,,,,,,,https://wmdsrl.com/,00197
Xylene,,VIA VECCHIA FERRIERA 13,VICENZA,C3 - Startup Bootcamp,,xylene,,"Xylene is a leading provider of end-to-end traceability solutions through its innovative Digital Product Passport (DPP) platform. Leveraging on blockchain and satellite data, we empower businesses to enhance transparency, trust, and sustainability in their supply chains.",No,,,2021,,,Blockchain,"October 23, 2024 10:34 PM",,,,,04347440242,,,1,,,,SMEs Traction,VI,Veneto,,,,,,,www.xylene.io,36100
Daze,,VIA ORIO 18,BERGAMO,C3 - Startup Bootcamp,,daze,,"Daze designs, manufactures and commercializes Smart Charging Stations with energy optimization. The aim is to create a software and hardware ecosystem included V2H and V2G optimizing the energy taken from the grid.",No,,,2016,,,Green Energy,"October 23, 2024 9:41 PM",,,,,04167800160,,,1,,,,SMEs Traction,BG,Lombardy,,,,,,,www.daze.eu,24126
Bio-Esperia,,VIA SIGNORELLI 3,UMBERTIDE,C3 - Startup Bootcamp,,bio-esperia,,Biodea products for organic and conventional agriculture,No,,,2021,,,AgriTech,"October 23, 2024 9:33 PM",,,,,03791290541,,,1,,,,SMEs Traction,PG,Tuscany,,,,,,,www.bioesperia.com/en,06019
ACBC,,VIA GUIDO CAVALCANTI 5,MILANO,C3 - Startup Bootcamp,,acbc,,"ACBC is an innovative, first mover, European B2B consulting business providing Sustainability as a Service. The The company offers its services across four verticals to the most prominent luxury and sports wear brands in the world.",No,,,2017,,,CleanTech,"October 23, 2024 9:13 PM",,,,,10106630964,,,1,,,,SMEs Traction,MI,Lombardy,,,,,,,acbc.com,20128
Italian Cricket Farm,,VIA VIGONE 20,SCALENGHE,C3 - Startup Bootcamp,,italiancricketfarm,,It is a leading company for insect farming with a Novel Food application (1860/2020) currently in the Risk Assessment and a certified experience in the production of insect-based food products. It provides insects for pet food and is developing a delocalized network of farms for sustainable feed.,No,,,2017,,,FoodTech,"October 23, 2024 10:02 PM",,,,,11720900015,,,1,,,,SMEs Traction,TO,Piedmont,,,,,,,https://www.italiancricketfarm.com/,10060
Route220,,VIA CARDUCCI 12 ,MILANO,C3 - Startup Bootcamp,,route220,,"Route220Srl SB is the way of living a sustainable travel experience by e-mobility.Our App evway, supports evdrivers to explore the map and discover new points of interest where recharge their car. We collaborate with facilities to improve local economy and support sustainable tourism for our planet.",No,,,2014,,,Green Energy,"October 23, 2024 10:25 PM",,,,,08671940966,,,1,,,,SMEs Traction,MI,Lombardy,,,,,,,https://evway.net,20123
Kaymacor,,VIA PETRARCA 34,LEGNAGO,C3 - Startup Bootcamp,,kaymacor,,"Kaymacor designs, produces and commercializes machines for Thermal Heat Rcovery and Biomass and Solar cogeneration based on Organic Rankine Cycles Technology. From 2015 to beginning 2021 Company has built and commissioned 30 plants.",No,,,2014,,,Green Energy,"October 23, 2024 10:02 PM",,,,,04270780234,,,1,,,,SMEs Traction,VR,Veneto,,,,,,,www.kaymacor.com,37045
Novis Games,,VIA GIUSEPPE GIACOSA N 38,TORINO,C2 - Cybersecurity / Blockchain / IoT / Robotics,,novisgames,,,No,,,,,,Gaming,"October 23, 2024 10:20 PM",,,,,12105090018,,,2-No SF,,,,Startup Bootcamp,TO,Piedmont,,,,,,,,10125
CIBIAMO - Gusto a domicilio,,VIALE DELLE INDUSTRIE 5/F,BERNAREGGIO,C2 - Cybersecurity / Blockchain / IoT / Robotics,,cibiamo-gustoadomicilio,,,No,,,,,,FoodTech,"October 23, 2024 9:40 PM",,,,,08183120966,,,1,,,,Startup Bootcamp,MB,Lombardy,,,,,,,,20881
Lisia AI,,VIA FRANCESCO DENZA 23,ROMA,C2 - Cybersecurity / Blockchain / IoT / Robotics,,lisiaai,,,No,,,,,,AI,"October 23, 2024 10:06 PM",,,,,14569751002,,,1,,,,Startup Bootcamp,RM,Latium,,,,,,,,00197
Flywallet,,VIA COLONNETTA 18B,MONTOPOLI DI SABINA,C2 - Cybersecurity / Blockchain / IoT / Robotics,,flywallet,,,No,,,,,,Other,"October 23, 2024 9:59 PM",,,,,01188710576,,,2-No SF,,,,Startup Bootcamp,RI,Latium,,,,,,,,02034
Artshares,,VIA GIOSUE CARDUCCI 8,MILANO,C2 - Cybersecurity / Blockchain / IoT / Robotics,,artshares,,,No,,,,,,Other,"October 23, 2024 9:17 PM",,,,,10994400967,,,1,,,,Startup Bootcamp,MI,Lombardy,,,,,,,,20123
Nomads Embassy,,"VIA
  VITTORIO GASSMAN 17",MILANO,C2 - Cybersecurity / Blockchain / IoT / Robotics,,nomadsembassy,,,No,,,,,,Other,"October 23, 2024 10:20 PM",,,,,11617040966,,,2-No SF,,,,Startup Bootcamp,MI,,,,,,,,,20128
Creecon,,PIAZZA DEFFENU 9,CAGLIARI,C2 - Cybersecurity / Blockchain / IoT / Robotics,,creecon,,,No,,,,,,Other,"October 23, 2024 9:40 PM",,,,,03993120926,,,2-No SF,,,,Startup Bootcamp,CA,Sardinia,,,,,,,,09126
G-move,,VIA LIVORNO N 8/28,FIRENZE,C2 - Cybersecurity / Blockchain / IoT / Robotics,,g-move,,,No,,,,,,Other,"October 23, 2024 9:59 PM",,,,,06961760482,,,2-No SF,,,,Startup Bootcamp,FI,Tuscany,,,,,,,,50144
èlevit,,VIA DEL TRIUMVIRATO N 23/7A,BOLOGNA,C2 - Cybersecurity / Blockchain / IoT / Robotics,,èlevit,,"Develops Smart Surfaces for automotive HMIs and other industries using touch sensors embedded in various materials. MVP sold as OEM, with paid PoC with Lamborghini, and plans to offer technology for SmartSurfaces.",No,,,2021,,,Hardware & Robotics,"October 23, 2024 9:46 PM",,,,,03992491203,,,2-No SF,,,,Startup Bootcamp,BO,Emilia-Romagna,,,,,,,https://www.elevit-ui.com/,40132
Home Food,,VIA SAN VITALE 40/5D,BOLOGNA,C2 - Cybersecurity / Blockchain / IoT / Robotics,,homefood,,"Cesarine is an innovative platform for the online sale of food experiences (cooking class, dining..) of traditional Italian, regional and local cuisine, organized and prepared in their own homes by a select network of local home cooks. We promote local economy, responsible travel, italian culture.",No,,,2014,,,FoodTech,"October 23, 2024 10:00 PM",,,,,03416251209,,,1,,,,Startup Bootcamp,BO,Emilia-Romagna,,,,,,,https://cesarine.com,40125
Dico Technologies,,VIA GIOSUE CARDUCCI 8,MILANO,C2 - Cybersecurity / Blockchain / IoT / Robotics,,dicotechnologies,,,No,,,,,,Other,"October 23, 2024 9:43 PM",,,,,11646620960,,,1,,,,Startup Bootcamp,MI,Lombardy,,,,,,,,20123
Rithema,,VIA IROMA 45,NOCERA SUPERIORE,C2 - Cybersecurity / Blockchain / IoT / Robotics,,rithema,,,No,,,,,,Other,"October 23, 2024 10:35 PM",,,,,05818790650,,,2-No SF,,,,Startup Bootcamp,SA,Campania,,,,,,,,84015
Clentech,,VIA CARLOFORTE 60,CAGLIARI,C2 - Cybersecurity / Blockchain / IoT / Robotics,,clentech,,,No,,,,,,Other,"October 23, 2024 9:40 PM",,,,,03968480925,,,1,,,,Startup Bootcamp,CA,Sardinia,,,,,,,,09123
DeepInspect,,VIA ORTIGARA 3,ROMA,C2 - Cybersecurity / Blockchain / IoT / Robotics,,deepinspect,,,No,,,,,,Other,"October 23, 2024 9:41 PM",,,,,16143641005,,,1,,,,Startup Bootcamp,RM,Latium,,,,,,,,00195
Argo,,VIA G PORZIO N 4 ISOLA G/2,NAPOLI,C2 - Cybersecurity / Blockchain / IoT / Robotics,,argo,,,No,,,,,,Other,"October 23, 2024 9:17 PM",,,,,07470460630,,,1,,,,Startup Bootcamp,NA,Lombardy,,,,,,,,80143
Biolibrary,,CORSO VITTORIO EMANUELE 21,ASCOLI PICENO,C2 - Cybersecurity / Blockchain / IoT / Robotics,,biolibrary,,"Biolibrary is an online platform that allows orthopaedists and doctors to create in an automatic way custom ready-to-print 3d models of prostheses and muscule-skeletal devices. With its patented algorithm, it can shift the paradigm of the procedures to develop any prostheses or musculoskeletal devices",No,,,,,,Medical Device,"October 23, 2024 9:23 PM",,,,,02273050449,,,1,,,,Startup Bootcamp,AP,The Marches,,,,,,,https://www.biolibrary.it/en/,63100
Harmonies,,"CONTRADA
  CICCIOGALLO N 16 BIS",CONZA DELLA CAMPANIA,C2 - Cybersecurity / Blockchain / IoT / Robotics,,harmonies,,,No,,,,,,Other,"October 23, 2024 10:00 PM",,,,,03068190648,,,1,,,,Startup Bootcamp,AV,Campania,,,,,,,,83040
Cloov,,VIALE BIANCA MARIA 28,MILANO,C2 - Cybersecurity / Blockchain / IoT / Robotics,,cloov,,,No,,,,,,Other,"October 23, 2024 9:40 PM",,,,,12459830969,,,2-No SF,,,,Startup Bootcamp,MI,Lombardy,,,,,,,,20129
Mountain Maps,,VIA CANE' 47,MEZZOCORONA,C2 - Cybersecurity / Blockchain / IoT / Robotics,,mountainmaps,,,No,,,,,,Other,"October 23, 2024 10:16 PM",,,,,02623370224,,,1,,,,Startup Bootcamp,TN,Trentino Alto Adige,,,,,,,,38016
Monitor the Planet,,CORSO GIUSEPPE GARIBALDI 57/B,FAENZA,C2 - Cybersecurity / Blockchain / IoT / Robotics,,monitortheplanet,,"Our Smart-Tripod transforms complex, large-scale monitoring with AI-driven automation, AMR mobility, and Machine Learning, eliminating inefficiencies and enabling precise, real-time geospatial data collection. Designed for construction, energy, and mining, it enhances safety, reduces rework, and optimises workflows. With a self-levelling system and seamless interoperability, it standardises complex surveying tasks, improving efficiency and accelerating the digital transition in geomatics.",No,,Luana Arginelli,,,,CleanTech,"April 1, 2025 1:35 PM",,,,,02606600399,Luana Arginelli (https://www.notion.so/Luana-Arginelli-1c865d57c00980b4a838fd0c2a240723?pvs=21),,1,https://drive.google.com/open?id=1BbSOA-4816Xvs1su3cZoj9gXeRqsGn7H,,,Startup Bootcamp,RA,Emilia-Romagna,,Luana Arginelli,,2,,"€700,000.00",https://www.monitortheplanet.com/index,48018
MUNI,,VIA INDIPENDENZA 56 ,ASSISI,C2 - Cybersecurity / Blockchain / IoT / Robotics,,muni,,,No,,,,,,Other,"October 23, 2024 10:16 PM",,,,,03684300548,,,1,,,,Startup Bootcamp,PG,Umbria,,,,,,,,06081
Idra Water,,"VIA DEI
  TESTA 23/E",AVIGLIANA,C3 - Startup Bootcamp,,idrawater,,"Idra Water redefines drinking through a certified and patented microfiltration system, Clayslite, the only one on the market today that is plastic-free, recyclable and regenerable. It filters and removes harmful substances and improves the taste of water while maintaining the minerals it contains.",No,,,2021,,,CleanTech,"October 23, 2024 10:01 PM",,,,,12509150012,,,1,,,,Startup Acceleration,TO,Piedmont,,,,,,,www.idrawater.it,10051
Kemanji,,VIALE DELLA VITTORIA 369,VITTORIO VENETO,C3 - Startup Bootcamp,,kemanji,,"In Italian language ""Kemanji"" means ""what are you eating?"" and to efficiently answer to this question we developed Appeaty, the app that matches input (what food lovers would like to eat) with output (the food the restaurants can provide) with automatic ingredients translation and allergens match.",No,,,2019,,,FoodTech,"October 23, 2024 10:02 PM",,,,,04994210260,,,1,,,,Startup Acceleration,TV,Veneto,,,,,,,https://www.appeaty.it/en,31029
XFarm Technologies,,VIA LANZA 29,VALMACCA,C3 - Startup Bootcamp,,xfarmtechnologies,,"xFarm Technologies is a tech company focused on the digitization of the agri-food sector, providing innovative tools that can support farmers and food companies with agronomic decision support systems powered by artificial intelligence and at the same time sustainability and traceability projects",No,,,2017,,,AgriTech,"October 23, 2024 10:34 PM",,,,,02594980068,,,1,,,,Startup Acceleration,AL,Lombardy,,,,,,,xfarm.ag,15040
Archygram,,VIA DANTE 53,BRUGHERIO,C3 - Startup Bootcamp,,archygram,,Archygram is a web app software AI based that makes automatic metric survey and architectural classification process. It requires only to upload images taken with a phone (also remotely) on the platform and the output in few hours is the design project.,No,,,2023,,,AI,"October 23, 2024 9:17 PM",,,,,12939340969,,,1,,,,Startup Acceleration,MB,Lombardy,,,,,,,archygram.com,20861
STS LAB,,VIA I MAGGIO N 146,MONSUMMANO TERME,C3 - Startup Bootcamp,,stslab,,STS LAB is a startup active in the production of software and system integration in the fields of industry 4.0. STS LAB is working to create a hardware/software platform to measure environmental impact in real time in the nautical sector and in industry.,No,,,2021,,,Industry 5.0,"October 23, 2024 10:30 PM",,,,,02009010477,,,1,,,,Startup Acceleration,PT,Basilicata,,,,,,,https://stslab.it,51015
MYWAI,,PIAZZETTA UMBERTO GIORDANO 2,MILANO,C3 - Startup Bootcamp,,mywai,,,No,,,2021,,,Green Energy,"October 23, 2024 10:16 PM",,,,,11078950968,,,1,,,,Startup Acceleration,MI,Liguria,,,,,,,,20122
Cererly.it by Urban Farmer,,,,C3 - Startup Bootcamp,,cererly.itbyurbanfarmer,,"Through cererly.it, our portal, individuals, companies, & public entities can input land information to prevent abandonment and maximize its potential. Our system collects real-time data, public & proprietary, supporting projects that match accredited agricultural & renewable energy companies' needs",No,,,2021,,,AgriTech,"October 22, 2024 8:04 PM",,,,,-,,,1,,,,Startup Acceleration,,Apulia,,,,,,,https://www.cererly.it/,
A.C.A.,,"VIA
  EMILIO CALDARA 15",MILANO,C3 - Startup Bootcamp,,a.c.a.,,The first European landmark for the Italian high quality food culture at 360_#_ Artisanal Food products Marketplace with Blockchain  Emotional experience F&B related Specialized publishing and Media contents,No,,,2021,,,FoodTech,"October 23, 2024 9:13 PM",,,,,11846260963,,,1,,,,Startup Acceleration,MI,Lombardy,,,,,,,www.finetaste.it,20122
Sidewalk Kitchens,,PIAZZA ELEONORA DUSE 3,MILANO,C3 - Startup Bootcamp,,sidewalkkitchens,,"Sidewalk Kitchens is a startup that offers retail kitchen as a service ""plug & play"" to independent f&b operators.  From a retail standpoint, Sidewalk Kitchens is a popular food hall with a very engaged community.",No,,,2020,,,FoodTech,"October 23, 2024 10:29 PM",,,,,11079620966,,,1,,,,Startup Acceleration,MI,Lombardy,,,,,,,www.sidewalkitchens.com,20122
Finapp,,VIA DEL COMMERCIO 27,MONTEGROTTO TERME,C3 - Startup Bootcamp,,finapp,,"Finapp has invented a new way to measure water using cosmic rays. We produce next-generation CRNS - Cosmic Ray Neutron Sensing - probes that can measure water contained in soil and snow on a large scale, in depth and in real time with a single instrument that does not touch the ground.",No,,,2018,,,AgriTech,"October 23, 2024 9:59 PM",,,,,04600140232,,,1,,,,Startup Acceleration,PD,Veneto,,,,,,,https://www.finapptech.com/,35036
AWorld,,"CORSO
  REGINA MARGHERITA 1 BIS",TORINO,C3 - Startup Bootcamp,,aworld,,"AWorld is the sustainability stakeholder engagement platform that integrates data collection, AI and education to dynamically guide individuals toward a sustainable lifestyle and reduce their carbon footprint. Worldwide partner of the United Nations.",No,,,2019,,,CleanTech,"February 12, 2025 12:34 PM",,,,,11867110014,,,1,,,,Startup Acceleration,TO,,,,,,,,www.aworld.org,10124
Agriverse,,CORSO VITTORIO EMANUELE II 143,BARI,C3 - Startup Bootcamp,,agriverse,,"Agro-food suite with AI integrates data and advanced technologies, allowing farms to optimize processes and make strategic decisions. We promote sustainable and regenerative agriculture, accompanying farms towards sustainability, innovation and profits.",No,,,2019,,,AgriTech,"October 23, 2024 9:13 PM",,,,,08394680725,,,1,,,,Startup Acceleration,BA,Apulia,,,,,,,www.agriverse.it,70122
Kloters,,"LARGO TOMMASO GALLARATI SCOTTI
  1",MILANO,C3 - Startup Bootcamp,,kloters,,"Kloters makes stylish, comfortable and sustainable men underwear that aims to make feel good those who wear it. Kloters is re-thinking retail value chain to be more sustainable at each step, starting from durability of the product to reducing CO2 when delivering the good.",No,,,2021 (2014),,,Fashion-Tech,"October 23, 2024 10:04 PM",,,,,08689670969,,,1,,,,Startup Acceleration,MI,Piedmont,,,,,,,www.kloters.com,20123
Wave,,PIAZZA MAZZINI 37,BORGOSESIA,C3 - Startup Bootcamp,,wave,,"UN state that water shortage will be a world wide problem, in Italy every year a family waste 18000 L of water and 30% of energy due to traditional double line water system, we developed a tecnology controlling water flow with only an IoT valve, that reduce water and energy consumption by 30%",No,,,2022,,,CleanTech,"October 23, 2024 10:33 PM",,,,,02767160027,,,1,,,,Startup Acceleration,VC,Lombardy,,,,,,,www.wavesws.it,13011
Climate Standard,,VIA OTTORINO CIABATTINI 7,VIAREGGIO,C11 - AI in Game Dev / Immersive Technologies / Metaverse,,climatestandard,,"Climate Standard independently verifies and certifies carbon neutral products and companies using a proprietary platform, where companies can work independently to apply and get verified, and machine learning to validate carbon footprint, offset and reduction plans in 24h",No,,,2022,,,ClimateTech,"April 30, 2025 4:33 PM",,,,,02649090467,,,1,,,,Startup Acceleration,LU,Tuscany,,,,,,,https://climatestandard.net/,55049
PowerSolutions Emea,,VIA ANTONINO AIELLO 4/B,BAGHERIA,C3 - Startup Bootcamp,,powersolutionsemea,,"PowerSolutions is a leading company offering sustainable solutions for energy efficiency. They provide innovative, customized solutions to optimize energy usage, reduce costs, and improve sustainability. Specializing in advanced technologies, they help businesses minimize their environmental impact.",No,,,2008,,,Green Energy,"October 23, 2024 10:23 PM",,,,,07002470826,,,1,,,,Startup Acceleration,PA,Sicily,,,,,,,www.power-solutions.it,90011
20energy,,"VIA
  GUGLIELMO MARCONI 50",SPOLETO,C3 - Startup Bootcamp,,20energy,,"20energy is an innovative startup that manufactures and sells LYBRA, a device that produces clean energy by harvesting the kinetic energy of passing vehicles, helping to decarbonize buildings and improve road safety",No,,,2020,,,Green Energy,"October 23, 2024 9:33 PM",,,,,03732260546,,,1,,,,Startup Acceleration,PG,Umbria,,,,,,,www.20energy.it,06049
Billding,,"VIA
  ENRICO MATTEI 102",BOLOGNA,C3 - Startup Bootcamp,,billding,,"Billding is a platform-based fintech startup that offers the user a modular bundle of home services digitizing the E2E management, from contracting to the use and termination of the services themselves.",No,,,2022,,,Green Energy,"October 23, 2024 9:23 PM",,,,,04048261202,,,1,,,,Startup Acceleration,BO,Lombardy,,,,,,,https://www.billding.it,40138
Particular Materials,,VIA BRAGNI 93/F,CADONEGHE,C3 - Startup Bootcamp,,particularmaterials,,"Core business: synthesis of functional nanomaterials with our proprietary process based on supercritical water. Other applications: recovery of metals from wasterwaters (spin-off 2020), production of green hydrogen (JDA with Snam and De Nora), new traceability and anti-counterfeiting solution.",No,,,2017,,,CleanTech,"October 23, 2024 10:22 PM",,,,,05079280284,,,1,,,,Startup Acceleration,PD,Veneto,,,,,,,https://particularmaterials.com/,35010
Fitporn,,VIA NUOVA POGGIOREALE 11,NAPOLI,C3 - Startup Bootcamp,,fitporn,,"Fitporn is Healthy Food, Looking Good: we revisited the #foodporn under a fitness perspective. Because we  Because we are not satisfied with eating healthy, unless it is also tasty.",No,,,2023,,,FoodTech,"October 23, 2024 9:59 PM",,,,,10251181219,,,1,,,,Startup Acceleration,NA,Campania,,,,,,,www.fitporn.com,80143
Haura,,STRADA DEL FRIULI 61,TRIESTE,C3 - Startup Bootcamp,,haura,,"Haura S.r.l's goal is to revolutionize the food world with Haura, an automated desktop kitchen robot. It combines traditional cooking with industrial efficiency, offering endless food options. With a modular design and cutting-edge technology, we aim to transform how people cook and experience food.",No,,,2022,,,FoodTech,"October 23, 2024 10:00 PM",,,,,01376230320,,,1,,,,Startup Acceleration,TS,Friuli-Venezia Giulia,,,,,,,www.haura.eu,34136
Solar Water,,VIA PRIMO MAGGIO 156,ANCONA,C3 - Startup Bootcamp,,solarwater,,"We develop and design water extracting pots that can be used for auto irrigation. Our pots use a small solar panel integrated technology to extract water from the air, even in dry conditions. This means that you can water your plants without having to worry about running out of water.",No,,,2015,,,AgriTech,"October 23, 2024 10:30 PM",,,,,02674090424,,,1,,,,Startup Acceleration,AN,Lombardy,,,,,,,www.biopic.it,60131
Prosume,,CORSO VENEZIA 54,MILANO,C3 - Startup Bootcamp,,prosume,,"PROSUME enables citizens to use energy related services autonomously and more securely with the help of a Wallet Application.  The application serves as an interface for their identity, payment system, and service aggregation.",No,,,2017,,,Green Energy,"October 23, 2024 10:23 PM",,,,,10381220960,,,1,,,,Startup Acceleration,MI,Lombardy,,,,,,,https://prosume.io,20121
Saba Technology,,VIA CB24 3,CAMPOBELLO DI MAZARA,C3 - Startup Bootcamp,,sabatechnology,,"Saba (R)innovates existing systems with the I-PEC-01 device that generates energy from alternative sources, regardless of weather conditions, as it exploits magnetism. Energy is always available and allows to power all Air Water Generators to apply in agriculture.",No,,,2019,,,Green Energy,"October 23, 2024 10:25 PM",,,,,02722420813,,,1,,,,Startup Acceleration,TP,Sicily,,,,,,,www.sabatechnology.tech,91021
yourscienceEDU,,P ZZA ARMERINA VIA G MELI 6,ENNA,C4 - Climate / Green Energy / Food Tech,,yourscienceedu,,"Mission: to enable the demand for conscious innovation (primarily aboout space applications) among companies.- holders of the only ""space 4 non-space businesses"" course;- connected to the largest space-based solution development laboratory in Europe;- providing innovation coaching ",No,,,2021,,,Space Economy,"October 23, 2024 10:34 PM",,,,,01294650864,,,1,,,,SMEs Traction,EN,Sicily,,,,,,,,94100
AIKO,,VIA DEI MILLE 22,TORINO,C4 - Climate / Green Energy / Food Tech,,aiko,,AIKO is an innovative company specialized in the development of Artificial Intelligence-based software for the automation of space missions.,Yes,,,2017,,,Space Economy,"February 20, 2026 8:33 PM",,,,,11686290013,,,1,,,,SMEs Traction,TO,Nd,,,,,,,https://aikospace.com/,10123
Proesys,,LARGO BACONE 16/C,ROMA,C4 - Climate / Green Energy / Food Tech,,proesys,,"ProEsys is a world leader in IoT solutions via GEO/LEO satellite for vertical applications and national infrastructures, using LoRa and 5G-NTN technology. Experts in the design and implementation of RF communication solutions for monitoring critical infrastructures using SatCom GEO / LEO.",No,,,2014,,,Space Economy,"October 23, 2024 10:23 PM",,,,,12934641007,,,1,,,,SMEs Traction,RM,Nd,,,,,,,,00137
Miprons,,"VIA DEI
  LAURI 32",SEGNI,C4 - Climate / Green Energy / Food Tech,,miprons,,MIPRONS is developing the first miniaturized water-electrolysis space propulsion system for: a) Satellites and/or related carriers; b) Extra-atmospheric drones; c) Last stages of the throwers; d) Small Spacecraft Mission Service. The project is covered by 5 patents filed worldwide.,No,,,2019,,,Space Economy,"October 23, 2024 10:35 PM",,,,,15179721004,,,1,,,,SMEs Traction,RM,Latium,,,,,,,https://www.miprons.com/,Error
Latitudo 40,,VIA UGO NIUTTA 36,NAPOLI,C4 - Climate / Green Energy / Food Tech,,latitudo40,,"Latitudo 40 uses data from space(EO downstream)to support a new ""environmental operating system"" for designing sustainable cities and places of the future, leveraging innovative AI/ML algorithms for pattern analysis, risk identification, and support of mitigation actions.We use Gen-AI for simulation",No,,Francesco Amato,2017,,,Space Economy,"October 23, 2024 10:02 PM",,,,,08702381214,Francesco Amato (https://www.notion.so/Francesco-Amato-1e565d57c009801184c6fcbdb0a559f6?pvs=21),,1,,,,SMEs Traction,NA,Campania,,Francesco Amato,https://www.linkedin.com/in/francescoamato,,,,,80128
Hipert,,VIA GIUSEPPE CAMPI 213/B,MODENA,C4 - Climate / Green Energy / Food Tech,,hipert,,"Hipert enables autonomous robotic systems to perceive the environment, plan correct actions, and apply appropriate actuation commands safely, all in real-time. With extensive experience in full-stack solutions in autonomous robotics, Hipert provides high-level automated solutions.",No,,,2020,,,Space Economy,"October 23, 2024 10:00 PM",,,,,03921570366,,,1,,,,SMEs Traction,MO,Emilia-Romagna,,,,,,,,41125
Gravisat,,VIA VELA 42,TORINO,C4 - Climate / Green Energy / Food Tech,,gravisat,,"By deploying a constellation of spacecraft equipped with patented relativistic gravimeters, Gravisat is set to create a world-first dynamic model of the Earth's gravity field.",No,,,2023,,,Space Economy,"October 23, 2024 9:59 PM",,,,,12838030018,,,1,,,,SMEs Traction,TO,Piedmont,,,,,,,https://www.gravisat.com/,10128
Media Lario,,LOCALITA' PASCOLO ,BOSISIO PARINI,C4 - Climate / Green Energy / Food Tech,,medialario,,"Media Lario produces complex optical systems for Space Telescopes, Satellites and optical communications systems based on unique patented technology known as Repli-formed Optics(tm) - producing precision optical components in hours compared to days or weeks for traditional optics manufacturing.",No,,,1993,,,Space Economy,"October 23, 2024 10:09 PM",,,,,01956450132,,,1,,,,SMEs Traction,LC,Lombardy,,,,,,,https://www.medialario.com/,23842
ADD-ASTRA,,VIA DON MILANI 70,MODENA,C4 - Climate / Green Energy / Food Tech,,add-astra,,"ADD-ASTRA is an innovative start-up established to match the needs in terms of development, implementation and qualification of polymeric, composite, metal and graphene-based materials for 3D printing technologies.",No,,,2021,,,Space Economy,"October 23, 2024 9:13 PM",,,,,03948470368,,,1,,,,SMEs Traction,MO,Emilia-Romagna,,,,,,,https://www.add-astra.it//,41122
A.D.S. International,,VIA PIO GALLI-SINDACALISTA 3,ANNONE DI BRIANZA,C4 - Climate / Green Energy / Food Tech,,a.d.s.international,,A.D.S. International is an independent private company operating in the design and production of Astronomy and Defense Systems.We are equipped with up-to-date facilities where we perform in-house all the most critical steps of the development and qualification process of our systems.,No,,,1997,,,Space Economy,"October 23, 2024 9:13 PM",,,,,12279020155,,,1,,,,SMEs Traction,LC,Lombardy,,,,,,,https://www.ads-int.com/,23841
Elsel,,"VIA
  FONTEVIVO, 21/M",LA SPEZIA,C4 - Climate / Green Energy / Food Tech,,elsel,,Elsel is a company specialized in the design and manufacturing of electronical and electromechanical products for the defence and railway sector.We support the most ambitious projects of its clients: the major players of the Italian and foreign Defence and railway industry.,No,,,1985,,,Space Economy,"October 23, 2024 9:46 PM",,,,,00804600112,,,1,,,,SMEs Traction,SP,Liguria,,,,,,,https://www.elsel.net/,19125
REA,,VIA VINCENZO DE MARINIS 16,ACQUAVIVA DELLE FONTI,C4 - Climate / Green Energy / Food Tech,,rea,,"REA is an Italian startup specializing in designing, researching, and developing clothing and protective tools for medical, aerospace and space applications. Our main product is EMSi an electrostimulation intra-vehicular suit designed to counteract the effects of microgravity on an astronaut's body.",No,,,2022,,,Space Economy,"October 23, 2024 10:24 PM",,,,,08667100724,,,1,,,,SMEs Traction,BA,Apulia,,,,,,,,70021
Tecnottica Consonni,,"VIA INDIPENDENZA, 9",CALCO,C4 - Climate / Green Energy / Food Tech,,tecnotticaconsonni,,"Tecnottica Consonni is an optical manufacturing company specialized in the manufacturing of custom optical components and systems for aerospace, military, machine vision, biomedical and several industrial applications. ",No,,,1957,,,Space Economy,"October 23, 2024 10:30 PM",,,,,00207780131,,,1,,,,SMEs Traction,,Lombardy,,,,,,,,23885
Next Generation Robotics,,VIA LUIGI BIANCHI 82,PISA,RT-1,,nextgenerationrobotics,,"Offering advanced robotics solutions, Next Generation Robotics focuses on the development of intelligent robotic systems for various applications.",No,,Massimiliano Gabardi,,,,Generative AI,"October 23, 2024 10:17 PM",,,,,02377080508,Massimiliano Gabardi (https://www.notion.so/Massimiliano-Gabardi-2df7b95be04a41c48189260a332d0ad2?pvs=21),,2-SF,,,,Regione Toscana,PI,Tuscany,,Massimiliano Gabardi,,,,,nextgen-robotics.com,56123
Ganiga Innovation,,VIA VALDINIEVOLE NORD 66,BIENTINA,RT-1,,ganigainnovation,,"Ganiga's Hoooly, an AI-based smart bin and software solution, revolutionizes waste management by enhancing efficiency, speed, and sustainability for B2B/B2B2C markets.",Yes,,Nicolas Lorenzo Zeoli,2021,Between 1M and 5M,,Generative AI,"February 20, 2026 8:36 PM",,,,DB%20Companies/Ganiga_One_Pager.pdf,02420420503,Nicolas Lorenzo Zeoli (https://www.notion.so/Nicolas-Lorenzo-Zeoli-26d4c550fe8a409189a291110383b803?pvs=21),,2-SF,,,,Regione Toscana,PI,Tuscany,,Nicolas Lorenzo Zeoli,http://linkedin.com/in/nicolas-lorenzo-zeoli-ganiga,13,,"€1,500,000.00",https://ganiga.ai/,56031
Hyntelo,,VIA DEL GESU' 62,ROMA,RT-1,,hyntelo,,"Hyntelo offers digital transformation solutions and consultancy, competing with firms like Aktana and Trueblue in the AI space.",No,,Fabio Musso,,,,Generative AI,"October 23, 2024 10:00 PM",,,,,13485741006,Fabio Musso (https://www.notion.so/Fabio-Musso-e726006b107f43a79235895409258604?pvs=21),,2-SF,,,,Regione Toscana,RM,Tuscany,,Fabio Musso,,,,,hyntelo.com,00186
Purilian,,VIA DEI DELLA ROBBIA 46,FIRENZE,RT-1,,purilian,,"Purilian s.r.l. focuses on AI-driven solutions for music, offering dynamic and personalized playback without predefined playlists.",No,,Cosimo Barberi,2021,,,Generative AI,"October 23, 2024 10:23 PM",,,,,07089720481,Cosimo Barberi (https://www.notion.so/Cosimo-Barberi-6a6eb22464f1472fb73e98c6e9ce590a?pvs=21),,2-SF,,,,Regione Toscana,FI,Tuscany,,Cosimo Barberi,,,,,purilian.com/en,50132
Prometeo,,VIALE TOSELLI N 94 INT 5,SIENA,RT-1,,prometeo,,Prometeo empowers clients to become Data Driven Companies with technology solutions.,No,,Giulio Ancilli,1994,400k€,,Generative AI,"October 23, 2024 10:23 PM",,,,DB%20Companies/One_Pager_Prometeo.pdf,00857440523,Giulio Ancilli (https://www.notion.so/Giulio-Ancilli-d57d7e480046479d9d319f4e3b86b403?pvs=21),,2-SF,,,,Regione Toscana,SI,Tuscany,,Giulio Ancilli,,,,,https://www.prometeonet.it/en/,53100
Binoocle Institute,,PIAZZA DE'MOZZI 3,FIRENZE,RT-1,,binoocleinstitute,,"Binoocle Institute srl develops safety solutions for clients, leveraging technology to create protective measures for various needs.",No,,Mario Puccioni,,,,Generative AI,"October 23, 2024 9:23 PM",,,,,06860730487,Mario Puccioni (https://www.notion.so/Mario-Puccioni-3bb6956e7d5f47fd8e2e5bc7f4f97fe6?pvs=21),,2-SF,,,,Regione Toscana,FI,Tuscany,,Mario Puccioni,,,,,binoocle.com,50125
ArtCentrica,,"VIA FRA GIOVANNI ANGELICO
  3/A/R",FIRENZE,RT-1,,artcentrica,,"ArtCentrica S.r.l. operates in the intersection of creative industries and AI, offering educational technology solutions for the arts.",No,,Marco Cappellini,,Between 0 and 500k,,Generative AI,"October 25, 2024 7:11 PM",,,,,07172590486,Marco Cappellini (https://www.notion.so/Marco-Cappellini-573c2851dbae4bbda8f49e6fbbe64406?pvs=21),,2-SF,,,,Regione Toscana,FI,Tuscany,,Marco Cappellini,,5,,"€400,000.00",artcentrica.com,50121
IPLABS,,VIA MALPASSO N 42 - INT 2,SANSEPOLCRO,RT-1,,iplabs,,"IPLABS SRL offers cybersecurity solutions and has developed Voipbl.org, a platform for protecting against VoIP system attacks.",No,,Michele Piccini,,Bootstrapped,,Cybersecurity,"November 12, 2024 9:07 PM",,,,,02291460513,Michele Piccini (https://www.notion.so/Michele-Piccini-5aab6ea811044a429342e1f7ab9594cd?pvs=21),,2-SF,,,,Regione Toscana,AR,Tuscany,,Michele Piccini,,18,,€0.00,iplabs.it,52037
Accelerat,,"VIA LUIGI ALAMANNI LOTTO D/2
  5A",SAN GIULIANO TERME,RT-1,,accelerat,,"Accelerat stands out with its innovative approach to cybersecurity, providing comprehensive protection for modern safety-critical cyber-physical systems.",No,,Giorgiomaria Cicero,,,,Cybersecurity,"October 23, 2024 9:13 PM",,,,,02399380506,Giorgiomaria Cicero (https://www.notion.so/Giorgiomaria-Cicero-9b196cf2402647e48867bb48ced59e2a?pvs=21),,2-SF,,,,Regione Toscana,PI,Tuscany,,Giorgiomaria Cicero,,,,,Accelerat.eu,56017
Enapter,,VIA LAVORIA 56/G,CRESPINA LORENZANA,RT-1,,enapter,,Enapter offers a modular hydrogen generator using patented AEM technology for low-cost green hydrogen.,No,,Simone Perini,,,,Green Energy,"October 23, 2024 9:46 PM",,,,,13404981006,Simone Perini (https://www.notion.so/Simone-Perini-289d062d756245719ba6f0dda20148d2?pvs=21),,2-SF,,,,Regione Toscana,PI,Tuscany,,Simone Perini,,,,,enapter.com,56042
EXE - Engineering for Environment,,VIA MONTEROSA 37,POGGIBONSI,RT-1,,exe-engineeringforenvironment,,EXE specializes in environmental engineering solutions with a focus on decarbonisation technologies and sustainable development.,No,,Mauro Belardi,,,,Green Energy,"October 23, 2024 9:48 PM",,,,,01495500520,Mauro Belardi (https://www.notion.so/Mauro-Belardi-22ab12e70ebb4f86a96b6d374fa2f653?pvs=21),,2-SF,,,,Regione Toscana,SI,Tuscany,,Mauro Belardi,,,,,exe-engineering.com/en/,53036
Link.it,,VIA SAN MARTINO 51,PISA,RT-1,,link.it,,"Link.it provides middleware infrastructural software for public administrations, aiming to enhance communication and interoperability.",No,,Claudio Castronuovo,,,,ICT,"October 23, 2024 10:06 PM",,,,,01313050500,Claudio Castronuovo (https://www.notion.so/Claudio-Castronuovo-ef0853a4f9bd4cfaa2a6a3f464a13e6f?pvs=21),,2-SF,,,,Regione Toscana,PI,Tuscany,,Claudio Castronuovo,,,,,link.it,56125
Trigit,,VIA VACCHERECCIA 9 B,SAN GIOVANNI VALDARNO,RT-1,,trigit,,Trigit Srl offers an ICT platform where companies can find support and collaboration opportunities for business growth and development.,No,,Mattia Aglietti,,,,ICT,"October 23, 2024 10:32 PM",,,,,02424870513,Mattia Aglietti (https://www.notion.so/Mattia-Aglietti-00b6291edb3d4487be3a4238a6457862?pvs=21),,2-SF,,,,Regione Toscana,AR,Tuscany,,Mattia Aglietti,,,,,trigit.it,52027
BRTCONSULTING,,VIA VITTORIO VENETO 39,AREZZO,RT-1,,brtconsulting,,BRTCONSULTING SRL introduces a new 3C manufacturing business model aimed at revolutionizing the liquid factory concept in Industry 5.0.,No,,Simone Riceputi,,,,Industry 5.0,"October 23, 2024 9:29 PM",,,,,01187760523,Simone Riceputi (https://www.notion.so/Simone-Riceputi-8c320ddad2564ab9812273774f695480?pvs=21),,2-SF,,,,Regione Toscana,AR,Tuscany,,Simone Riceputi,,,,,brtconsulting.it,52100
Plannest,,VIA DUCA D'AOSTA N 20,FIRENZE,"RT-1, RT-3",,plannest,,"Plannest is an innovative startup addressing last-minute cancellations in the fitness industry with their unique business model. Plannest is currently in an early growth stage, with a validated product and paying customers. We offer a management software solution for personal trainers and fitness centers, already used by over 250 professionals. Our team consists of 4 people: a CEO with a background in fitness and startups, a full-stack developer, a B2B sales manager, and a marketing manager. We operate with a lean organizational structure, where the CEO oversees product, sales, and strategic partnerships, while development and marketing work closely together to improve the product and scale customer acquisition.",No,,"Cosimo Luigi Mattei (NOT COMING FOR RT3) ,Daniel Messina",,500k euros,"135,000",Sport and Fitness,"August 4, 2025 8:49 PM",,,,,07162630482,"Cosimo Luigi Mattei (NOT COMING FOR RT3)  (https://www.notion.so/Cosimo-Luigi-Mattei-NOT-COMING-FOR-RT3-d2e7963d0d0843bf80e6bc8ffe03d32c?pvs=21), Daniel Messina (https://www.notion.so/Daniel-Messina-23465d57c009805fba7ec9b80fba53df?pvs=21)",,2-SF,"DB%20Companies/8ec9b322965f-Pitch_sf.pdf, DB%20Companies/366ee1869936-Pitch_sf.pdf",,,Regione Toscana,FI,Tuscany,"Launch in the US market, securing at least 10 pilot gyms and hotel fitness departments.

Release AI modules (Fitness Manager AI, Sales AI, Desk AI) and onboard first 100 users on AI features.

Expand the team to 8 people by hiring 1 AI/ML engineer, 1 customer success manager, and 2 sales representatives (EU/US).

Increase MRR by 3x, driven by B2B contracts and AI feature upsells.

Secure 3 strategic partnerships, including 1 fitness chain and 1 hospitality group.
Our focus is on accelerating product adoption while maintaining a lean operational model, targeting sustainable unit economics within 18 months.","Cosimo Luigi Mattei (NOT COMING FOR RT3) ,Daniel Messina",,,,"€135,000.00",plannest.it,50129
IMMERXIVE,,VIA SALVI CRISTIANI 20,FIRENZE,RT-1,,immerxive,,IMMERXIVE offers Virtual Training experiences; those allow the user to immerse themselves in a personalized virtual environment with the possibility of moving and interacting within the same.,No,,Francesco Cucchiara,,,,Virtual Reality,"October 23, 2024 10:01 PM",,,,,06644060482,Francesco Cucchiara (https://www.notion.so/Francesco-Cucchiara-e05c3fec96c84b138574e57367c5bb0c?pvs=21),,2-SF,,,,Regione Toscana,FI,Tuscany,,Francesco Cucchiara,,,,,immerxive.io,50135
KPI,,PIAZZA ANTONIO CASOTTI 2,REGGIO NELL'EMILIA,C5 - Generative AI,,kpi,,"Using LLM, Odience by KPI6 decodes the digital DNA of a target audience, providing data to improve marketing and advertising strategies.",No,,Maria Cristina Alimenti,2015,Between 1M and 5M,,Generative AI,"September 17, 2025 10:24 PM",,,,DB%20Companies/KPI6_One_Pager.pdf,02687020350,Maria Cristina Alimenti (https://www.notion.so/Maria-Cristina-Alimenti-ec52b61197944fabbf0e2e29032cd48c?pvs=21),,2-No SF,,,,Startup Acceleration,RE,Emilia-Romagna,,Maria Cristina Alimenti,,,,,https://kpi6.com,42121
Brandplane,,VIA MORISINI 23,VICENZA,C11 - AI in Game Dev / Immersive Technologies / Metaverse,,brandplane,,"Brandplane empowers marketers with an AI-enhanced SaaS platform, streamlining processes and fostering creativity to reduce costs and resource waste.",No,,Emanuele Bartolesi,2023,Between 500k and 1M,,Generative AI,"September 16, 2025 11:07 AM",,,,DB%20Companies/Brandplane_One_Pager.pdf,04453640247,Emanuele Bartolesi (https://www.notion.so/Emanuele-Bartolesi-02d48dac24d243389443ef622010bed5?pvs=21),,1-No,,,,"Startup Acceleration, Startup Bootcamp",VI,Veneto,,Emanuele Bartolesi,,14,,"€500,000.00",https://www.brandplane.co,36100
Volumio,,BORGO DEGLI ALBIZI 15,FIRENZE,RT-1,,volumio,,Volumio unifies audio content in one platform using Generative AI to enhance and aggregate the music listening experience.,Yes,,Michelangelo Guarise,2020,Bootstrapped,,Generative AI,"February 20, 2026 8:47 PM",,,,DB%20Companies/Volumio_One_Pager.pdf,07009020483,Michelangelo Guarise (https://www.notion.so/Michelangelo-Guarise-e44a94e493034f10ac30fea5aac7aa62?pvs=21),,2-SF,,,,Regione Toscana,FI,Tuscany,,Michelangelo Guarise,,,,,https://volumio.com/,50122
Algo,,VIA CAMERANA 6B,TORINO,C5 - Generative AI,,algo,,"Algo is a data-visualization studio specializing in video automation. It builds dashboards that empower teams to create videos effortlessly, with AI.",No,,"Luca Gonnelli,Marina Barbieri,Ani Karamanukyan",2021,Bootstrapped,,Generative AI,"November 12, 2024 9:07 PM",,,,DB%20Companies/Algo_One_Pager.pdf,12472880017,"Luca Gonnelli (https://www.notion.so/Luca-Gonnelli-06d02c5f30544e039ca02dcfeb474c19?pvs=21), Marina Barbieri (https://www.notion.so/Marina-Barbieri-9bcaafff4bff4ca8b4ef2abdbe292a1e?pvs=21), Ani Karamanukyan (https://www.notion.so/Ani-Karamanukyan-8cff57838e5b4dc5bab4b2514092f93f?pvs=21)",Torino,2-SF,,,,Startup Acceleration,TO,Piedmont,,"Luca Gonnelli,Marina Barbieri,Ani Karamanukyan",,10,,€0.00,https://algo.tv,10128
CAELUS,,VIA FRANCESCO COLETTI 35,ROMA,C5 - Generative AI,,caelus,,"CAELUS provides an AI-powered software suite to
speed-up and optimize the licensing & design of new
nuclear installations.",No,,"Gian Marco Damiani,Alessio Iuvara",2023,Between 0 and 500k,,Generative AI,"March 18, 2026 6:26 PM",,,,DB%20Companies/Caelus_One_Pager.pdf,17356521009,"Gian Marco Damiani (https://www.notion.so/Gian-Marco-Damiani-4dcde2433d974dcba02b7cafd97c0843?pvs=21), Alessio Iuvara (https://www.notion.so/Alessio-Iuvara-86e6755797e04a3d899d034017e9256b?pvs=21)",,2-SF,,,,Startup Acceleration,RM,Latium,,"Gian Marco Damiani,Alessio Iuvara",,25,,"€100,000.00",https://caelus-nuclear.com/,00191
Myndoor,,VIA ALDO MORO 5/3,ROSATE,C5 - Generative AI,,myndoor,,Myndoor helps organizations in detecting stress before it takes place by analyzing messages in internal communication channels (e.g. Slack).,No,,Matteo Mendula,2021,Between 0 and 500k,,Generative AI,"October 23, 2024 10:16 PM",,,,DB%20Companies/Myndoor_One_Pager.pdf,12097060961,Matteo Mendula (https://www.notion.so/Matteo-Mendula-4110f666f1e4449993b2e0b9a65626df?pvs=21),,2-SF,,,,Startup Acceleration,MI,Lombardy,,Matteo Mendula,,,,,https://www.myndoor.it/,20088
DataSpark AI,,VIA DELLE GARDENIE N 292 INT T,GROTTAGLIE,C5 - Generative AI,,datasparkai,,"DataSpark offers a generative AI platform that simplifies enterprise AI adoption, with customizable tools and models for task automation on a pay-per-use basis.",Yes,,"Giuseppe Ettorre,Daniele Ligorio",2023,Bootstrapped,,Generative AI,"February 20, 2026 8:35 PM",,,,DB%20Companies/DataSpark_One_Pager.pdf,03402700730,"Giuseppe Ettorre (https://www.notion.so/Giuseppe-Ettorre-f1ef3673c02f49cd82a1883555fe5787?pvs=21), Daniele Ligorio (https://www.notion.so/Daniele-Ligorio-4f8e0818ff7f488e919efff5da58396f?pvs=21)",,2-SF,,,,Startup Acceleration,TA,Apulia,,"Giuseppe Ettorre,Daniele Ligorio",,,,,https://ai.dataspark.org/,74023
WAVENURE,,VIA DOGANA 3,MILANO,C5 - Generative AI,,wavenure,,"WAVENURE develops AI-driven predictive models and WealthTech solutions, enhancing decision-making and performance for financial institutions.",No,,Nicola Massucci,2019,Bootstrapped,,Generative AI,"October 23, 2024 10:33 PM",,,,DB%20Companies/Wavenure_One_Pager.pdf,09355870966,Nicola Massucci (https://www.notion.so/Nicola-Massucci-48923dfdaaff490780273aabbebafe33?pvs=21),,2-SF,,,,Startup Acceleration,MI,Lombardy,,Nicola Massucci,,,,,https://wavenure.com/,20123
Zefi,,VIALE GIACOMO LEOPARDI 151,LECCE,C5 - Generative AI,,zefi,,"Zefi is the AI copilot that lets companies build products customers love. We aim to solve painful unstructured data analysis for product folks, CX leaders, and those who want to grow the customer base, reduce churn, increase ROI. We offer a platform, distinguished by complex AI systems wrapped in a friendly UI. Our revenue comes from SaaS subscriptions and annual contracts. We've 1.3k people on the waiting list, a 600-member community, and pilots with companies like Casavo, Smartpricing, etc.",No,,,2023,,,Generative AI,"October 23, 2024 10:34 PM",,,,,05303800758,,,2-No SF,,,,Startup Acceleration,LE,Apulia,,,,,,,https://www.zefi.ai/,73100
Small Pixels,,VIALE DEI MILLE 60,FIRENZE,C5 - Generative AI,,smallpixels,,"Small Pixels elevates real-time video quality with generative AI, delivering crisp images and reducing bandwidth for a sustainable, high-definition experience.",No,,"Fabio Clabot,Tiberio Uricchio",2020,Between 500k and 1M,,Generative AI,"October 23, 2024 10:29 PM",,,,DB%20Companies/One_Pager_Small_Pixels.pdf,07034060488,"Fabio Clabot (https://www.notion.so/Fabio-Clabot-2139f99e2b6a43fea7b04e29aa513084?pvs=21), Tiberio Uricchio (https://www.notion.so/Tiberio-Uricchio-ba25eca103dc46668f9096d5c5128f5c?pvs=21)",Firenze,2-SF,,,,Startup Acceleration,FI,Tuscany,,"Fabio Clabot,Tiberio Uricchio",,,,,https://smallpixels.ai/,50131
Keplero AI,,VIA MIGLIARA 50 SX 3211,PONTINIA,C5 - Generative AI,,kepleroai,,"Keplero AI delivers an advanced AI-powered customer service platform. Our technology specializes in automating key online engagement points, including website chat and email, using cutting-edge AI. Our unique proactive and solution-oriented AI mimics human-like interactions, offering a seamless experience for users. Our goal is to empower Small and Medium-sized Enterprises (SMEs) by enhancing their customer service. Currently, MRR of $6,500 stems from our subscription-based model.",No,,,2023,,,Generative AI,"October 23, 2024 10:05 PM",,,,,03251240598,,,1,,,,Startup Acceleration,LT,Latium,,,,,,,https://keplero.ai/,04014
CRONO,,VIALE CASSALA 30,MILANO,C5 - Generative AI,,crono,,"Crono is an AI-powered Sales Platform, revolutionizing the sales process for B2B companies. Crono tackles the inefficiencies plaguing outbound sales, such as tool over-saturation and low productivity. Being the only platform to streamlining the entire process into one system, Crono supercharges sales efforts and our unique AI technology enhances the effectiveness of outreach strategies. We have a subscription per seat revenue model serving more than 70 customers with with 60k of ARR",No,,,2023,,,Generative AI,"October 23, 2024 9:40 PM",,,,,12998080969,,,2-No SF,,,,Startup Acceleration,MI,Lombardy,,,,,,,https://www.crono.one/,20143
Aptus.AI,,VIA DELL'ARGINE 1,PISA,C5 - Generative AI,,aptus.ai,,An AI-powered SaaS that optimizes regulatory change and compliance operations by automating collection and analysis of regulatory updates.,No,,"Andrea Tesei,Lorenzo De Mattei",2018,Between 1M and 5M,,Generative AI,"October 23, 2024 9:16 PM",,,,DB%20Companies/Aptus.AI_One_Pager.pdf,02288220508,"Andrea Tesei (https://www.notion.so/Andrea-Tesei-90cdefbaba324534a793476527fcd320?pvs=21), Lorenzo De Mattei (https://www.notion.so/Lorenzo-De-Mattei-63bbe018ffdf4c9e9a0609bb3eec31d7?pvs=21)",Pisa,2-SF,,,,Startup Acceleration,PI,Tuscany,,"Andrea Tesei,Lorenzo De Mattei",,,,,https://www.aptus.ai/,56122
Fogsphere,,VIA J F KENNEDY 2,CATANZARO,C5 - Generative AI,,fogsphere,,"Fogsphere is Software company in the HSE market. We aim to solve field safety visibility and real time risk reaction for industrial clients. Where there are workers on the fields,  exposed to risk of various nature. We offer the Fogsphere platform, distinguished by its capability to pair AI Computer Vision to detect visual risks with IoT to actuate safety measures. Our revenue comes from yearly licensing the platform and the AI models Currently, we have less than $500k in traction.",No,,,2021,,,Generative AI,"October 23, 2024 9:59 PM",,,,,03782150795,,,1,,,,Startup Acceleration,CZ,Calabria,,,,,,,https://fogsphere.com,88100
RIC3D,,VIA CARLO CRIVELLI 15/1,MILANO,C5 - Generative AI,,ric3d,,"RIC3D is the ideal Italian partner for the development of software platforms and complex models for the medical, tourism and industrial design sectors.",No,,,2018,,,Generative AI,"October 23, 2024 10:25 PM",,,,,10542170963,,,1,,,,Startup Acceleration,MI,Lombardy,,,,,,,https://ric3d.it/,20122
ResilientX Italia,,VIA LEONARDO DA VINCI N 15,LECCO,C5 - Generative AI,,resilientxitalia,,"ResilientX Security pioneers in Exposure Management for MSPs and SMBs, offering continuous protection for digital assets against external cyber threats.",No,,Matteo Sala,2023,Between 0 and 500k,,Generative AI,"October 23, 2024 10:25 PM",,,,DB%20Companies/ResilientX_Italia_One_Pager.pdf,04116480130,Matteo Sala (https://www.notion.so/Matteo-Sala-211f2222e6f84c0bb0d63d0a599756b5?pvs=21),Valmadrera (Lecco),2-SF,,,,Startup Acceleration,LC,Lombardy,,Matteo Sala,,,,,https://resilientx.com,23900
Profiter,,CORSO VITTORIO EMANUELE II 143,BARI,C5 - Generative AI,,profiter,,"Profiter employs advanced AI to revolutionize stock management and replenishment in the pharmaceutical sector. Our solution targets reducing stockouts in hospitals and pharmacies, enhancing warehouse efficiency, and ensuring consistent medicine availability, thereby streamlining healthcare logistics.",No,,,2021,,,Generative AI,"October 23, 2024 10:23 PM",,,,,08575730729,,,1,,,,Startup Acceleration,BA,Apulia,,,,,,,https://profiter.ai/,70122
Ludwig,,VIA FIUME 6,PALERMO,C5 - Generative AI,,ludwig,,"Trusted already by millions of users worldwide, Ludwig is the AI-powered writing platform created to improve English writing skills. Write, find your English sentence in the best contexts, rewrite any phrase and find alternatives, and check your grammar. All in one place.",No,,,2014,,,Generative AI,"October 23, 2024 10:06 PM",,,,,06333200829,,,1,,,,Startup Acceleration,PA,Sicily,,,,,,,https://ludwig.guru/,90133
Talentware,,VIA ANDREA SOLARI 34,MILANO,C5 - Generative AI,,talentware,,"Talentware is an AI-powered talent management platform that helps companies engage, develop, and retain their talents through a skill-based approach. We offer a SaaS modular platform designed for mid-large companies, focused but not limited to the European market. Our revenue comes from a monthly fee charged to the company per employee. Currently, we have an expected ARR of 350k€ in 2024.",No,,,2023,,,Generative AI,"October 23, 2024 10:30 PM",,,,,13050040966,,,1,,,,Startup Acceleration,MI,Lombardy,,,,,,,https://betalentware.com/,20144
Restaurants Club,,VIA COMELICO 18,MILANO,C5 - Generative AI,,restaurantsclub,,AI agent-based SaaS built on proprietary models that supports restaurants in customer acquisition and retention through automated touchpoints and optimized content marketing.,No,,"Piermatteo Grieco,Elisa Seghetti",2020,Between 1M and 5M,,Generative AI,"October 23, 2024 10:25 PM",,,,DB%20Companies/AiGot_One_Pager.pdf,11498080966,"Piermatteo Grieco (https://www.notion.so/Piermatteo-Grieco-3d233a1f5ce64ac182f00885ca8804d8?pvs=21), Elisa Seghetti (https://www.notion.so/Elisa-Seghetti-0e0048b6b360487e9792f1aeee5f7657?pvs=21)",,2-SF,,,,Startup Acceleration,MI,Tuscany,,"Piermatteo Grieco,Elisa Seghetti",,,,,https://aigot.com/,20135
OpenMall,,VIA CROCE ROSSA 21,NAPOLI,C5 - Generative AI,,openmall,,"OpenMall is an innovative startup that has created a Social Commerce managed by AI that through an interactive 3D platform, virtual assistants and XR, offers to store and users a unique and personalized experience until to the Metaverse. OM wants to revolutionize the online and physical sales system. Our business model provides free access to the marketplace and community, advanced Saas and custom services with accessible economic conditions and a fee on sales. We have already get an income",No,,,2021,,,Generative AI,"October 23, 2024 10:20 PM",,,,,11813740963,,,1,,,,Startup Acceleration,NA,Lombardy,,,,,,,https://openmall.ai,80131
Billd,,PIAZZA ERITREA 3,NAPOLI,C5 - Generative AI,,billd,,Billd replaces paper receipts collecting Offline Market big data through a disruptive and patented device.,No,,,2023,,,Generative AI,"October 23, 2024 9:22 PM",,,,,10375601217,,,1,,,,Startup Acceleration,NA,Campania,,,,,,,https://billd.it/,80122
Hiop,,VIA CAPRI N 44,ALTAMURA,C5 - Generative AI,,hiop,,"Hiop is a data platform allowing companies of any size to get and use their data for analytics and AI. Most companies don’t have mature data capabilities, and if they can’t use their data, they can’t use AI. We provide such capabilities without data engineering knowledge or a data infrastructure, thanks to original and proprietary cloud-native technology and framework. Our platform is a tiered SaaS. We launched the product in 2023 and already gained strong MRRs and use cases",No,,,2020,,,Generative AI,"October 23, 2024 10:00 PM",,,,,08436090727,,,1,,,,Startup Acceleration,BA,Apulia,,,,,,,https://www.hiop.io,70022
CENTAI,,CORSO INGHILTERRA 3,TORINO,C5 - Generative AI,,centai,,"CENTAI is a joint-stock company between a group of AI researchers and Intesa Sanpaolo, the largest Italian bank. It's at the same time a start-up and a research institute. CENTAI’s mission is to push the boundaries of applied and foundational research in AI developing trustworthy, fair, green and sustainable solutions. Our revenue comes from developing AI research projects for our customers, including, e.g., Intesa Sanpaolo and the Italian Government (Presidenza Consiglio dei Ministri).",No,,,2022,,,Generative AI,"October 23, 2024 9:39 PM",,,,,12667610013,,,1,,,,Startup Acceleration,TO,Piedmont,,,,,,,https://centai.eu,10138
Develhope,,VIA LIBERTA' 58,PALERMO,C5 - Generative AI,,develhope,,"We're the ""Learn now, Pay later” tech School to fight youth unemployment, with +1600 students in 2023. We use a ""flipped-classroom"" educational approach that allows us to scale rapidly and on different audiences. We're now integrating an AI-augmented educational technology on our proprietary LMS (AI-tutoring) in order to reduce training costs and make education more accessible: building a vectorial database with +20k corrected exercises to implement in the Retrieval Augmented Generation for LLM.",No,,,2019,,,Generative AI,"October 23, 2024 9:43 PM",,,,,06803120820,,,1,,,,Startup Acceleration,PA,Sicily,,,,,,,https://www.develhope.co/it/sign-up/,90143
Spoki,,VIALE FRANCIA SNC ,SAN VITO DEI NORMANNI,C5 - Generative AI,,spoki,,"Spoki enhances SME engagement in e-commerce, education, and automotive via WhatsApp.",No,,"Mattia Pace,Giorgio Pagliara",2023,Between 500k and 1M,,Generative AI,"October 27, 2024 2:47 AM",,,,DB%20Companies/NextAI_Spoki_One_Pager.pdf,02717930743,"Mattia Pace (https://www.notion.so/Mattia-Pace-82e1e7523e004efd9989a4ce6c772ba9?pvs=21), Giorgio Pagliara (https://www.notion.so/Giorgio-Pagliara-246e9357a3594a5481ec9fcdf6eeae44?pvs=21)",,2-SF,,,,Startup Acceleration,BR,Apulia,,"Mattia Pace,Giorgio Pagliara",,28,,"€550,000.00",https://spoki.it/en/,72019
SaidText,,STRADA MONTECHIARUGOLO 5/G,PARMA,C5 - Generative AI,,saidtext,,"SaidText enhances factory communication with voice-to-text transcription and seamless CRM/ERP system integration, focusing on manufacturing sectors. Our service targets workers and managers, improving interaction and reducing miscommunication.AI can generate analytics and improvements from saved communication history. We operate on a subscription basis and have secured seven clients with four POCs from January 2023 to January 2024, demonstrating our solution's effectiveness and market growth.",No,,,2023,,,Generative AI,"October 23, 2024 10:28 PM",,,,,03035200348,,,1,,,,Startup Acceleration,PR,Emilia-Romagna,,,,,,,https://www.saidtext.com,43123
Admind.AI,,VIA GIUSEPPE MAZZINI 9,MILANO,C5 - Generative AI,,admind.ai,,"Admind.AI is a marketing and AI technology company that specializes in providing intelligent digital advertising solutions. We aim to solve the issue of ineffective and costly digital ads for marketers and businesses. We offer a platform that uses AI to optimize online advertising campaigns, distinguished by our proprietary algorithms that predict and improve advertising performance. Our revenue comes from a subscription-based model. Currently, we pride ourselves on serving numerous clients, con",No,,,2022,,,Generative AI,"October 23, 2024 9:13 PM",,,,,12694200960,,,1,,,,Startup Acceleration,MI,Lombardy,,,,,,,https://www.admind.ai/en/,20123
Apprendo,,VIA JACOPO MARINONI 12,UDINE,C5 - Generative AI,,apprendo,,"Viblio is a recommender system connects people with knowledge, efficiently managing skill obsolescence and improve productivity. Viblio semantically analyzes job roles, industry technological trends, individualpersonality traits, and international digital learning offerings through AI to propose relevant, customized, multi-content playlists (courses, webinars, podcasts, videos) with a highly social and behavior-based UX.",No,,,2021,,,Generative AI,"October 23, 2024 9:16 PM",,,,,03029040304,,,1,,,,Startup Acceleration,UD,Friuli-Venezia Giulia,,,,,,,https://www.viblio.com,33100
QuestIT,,VIA LEONIDA CIALFI 23,SIENA,C1 - AI / Metaverse / Culture & Creativity,,questit,,"QuestIT is an Italian company that develops proprietary artificial intelligence solutions. Particularly, since 2018, we have developed Algho, an AI conversational platform that generates intelligent Digital Humans. We have some customers in Italy and in rest part of Europe in 12 industries like: bank, energy, public administration, e-commerce, travel, software house. Our customer are, for example: Banca Sella, Old Wilde West, PubliAcque, 30th municipalities, ENI, Gaia S.p.A and so on.",No,,,2007,,,Generative AI,"October 23, 2024 10:23 PM",,,,,01214250522,,,1,,,,Startup Acceleration,SI,Tuscany,,,,,,,https://www.quest-it.com,53100
Cyberneid,,VIA CROCE ROSSA 21,NAPOLI,C5 - Generative AI,,cyberneid,,"Cyberneid is a startup specializing in artificial intelligence, electronic identity, and blockchain.Cyberneid supplies services and solutions for:- electronic identity cards and passports;- virtual electronic identities- digital signature and certification of documents- identity-proofing reinforced with Deep Learning;- eKYC optimized with Machine Learning- secure onboarding and strong authentication;- eid wallet on the blockchain",No,,,2019,,,Generative AI,"October 23, 2024 9:42 PM",,,,,09319631215,,,1,,,,Startup Acceleration,NA,Campania,,,,,,,https://www.cyberneid.com,80131
Aida,,VIA PORLEZZA 16,MILANO,C5 - Generative AI,,aida,,"AidaMask has developed a NLP model specialized in identifying and masking sensitive data, ensuring the protection of confidential information in Generative AI conversations with third-party models. This service is particularly beneficial for businesses and organizations seeking to harness the advantages of the best AI models while maintaining stringent data security, in compliance with regulations like GDPR. Our MVP is being tested with first Corporates (+€10k commitments) with SaaS pricing.",Yes,,,2023,,,Generative AI,"February 20, 2026 8:33 PM",,,,,11064040964,,,1,,,,Startup Acceleration,MI,Lombardy,,,,,,,https://aidamask.com/,20123
Nimbo Jobs,,VIA GUGLIELMO MARCONI 29,GROPPARELLO,C5 - Generative AI,,nimbojobs,,"Nimbo.ai is a platform that connects people and gig-workers. We aim to solve the challenge of finding the right talent for small every-day jobs. We offer a simple and intuitive chat interface, distinguished by our smart matching algorithm and LLM that recommends the best candidates for each job. Our revenue comes from charging employers a fee for each successful job. Currently, we have over +1000 registered users and more than 120 active job postings.",No,,,2020,,,Generative AI,"October 23, 2024 10:19 PM",,,,,01806350334,,,1,,,,Startup Acceleration,PC,Emilia-Romagna,,,,,,,https://nimbo.ai,29025
Netix,,VIA MADONNETTA 215,MONTECCHIO MAGGIORE,C5 - Generative AI,,netix,,"netiXverso is a decision Intelligence platform, integrated with an AI Model specially trained, to search and analyze reputational information referred to Target counterparties. We prevent companies from the beginning of relationships  with counterparties with high reputational risk:  suppliers, partners etc. We offer our platform with SaaS contract. Target companies are all those eligible for CSRD EU Directive, as it is a strong safeguard for business ethics. POCs done, ready for the market.",No,,,2023,,,Generative AI,"October 23, 2024 10:17 PM",,,,,03939110247,,,1,,,,Startup Acceleration," VI",Latium,,,,,,,https://www.netixverso.com,36075
Audacia Innovations,,,,C5 - Generative AI,,audaciainnovations,,"We are a start up operating in the music industry. We provide all artists and their record labels of all sizes with innovative tools for sustainable careers and monetization. We sold our first beta service in May 2022 and have already gained significant traction: after subscribing to our services, the client (an artist or a record label)receives access to our proprietary platform,thus entering a personal account where we provide insights,strategic growth advices and if requested, also content.",No,,,2021,,,Generative AI,"March 18, 2026 6:26 PM",,,,,02062520891,,,1,,,,Startup Acceleration,,Sicily,,,,,,,https://www.audaciainnovations.com/,
Restworld,,CORSO CASTELFIDARDO 30/A,TORINO,C5 - Generative AI,,restworld,,"Restworld is an innovative HR tech startup that specializes in efficient staff recruitment and management solutions, with a focus on the Horeca (Hospitality, Restaurant, and Catering) sector. Our platform is designed to empower businesses in the hospitality industry to optimize their staffing processes, reduce costs, and improve team-building.",No,,,2020,,,Generative AI,"October 23, 2024 10:25 PM",,,,,12270120012,,,1,,,,Startup Acceleration,TO,Piedmont,,,,,,,https://restworld.it,10128
Innovatech,,"Via Umbria, 7",Roma,C5 - Generative AI,,innovatech,,"INNOVATECH è la società di IGI Investimenti Group specializzata nell’acquisizione di partecipazioni di minoranza in start up e PMI innovative  italiane costituite ai sensi del Dlgs 221/2012 ed iscritte nella sezione speciale del registro delle imprese. La società è proprietaria di software di AI che, con un sistema ad analisi multivariata, sono in grado di misurare il valore delle aziende su parametri inerziali.",No,,,2021,,,Generative AI,"October 23, 2024 10:01 PM",,,,,16163091008,,,1,,,,Startup Acceleration,RM,Latium,,,,,,,https://www.innovatechpartecipazioni.com,00187
Dermaself,,VIA VALASSINA 29,MILANO,C5 - Generative AI,,dermaself,,"Dermaself is an online dermatology service that provides easy and affordable personalised skincare thanks to AI technology. We aim to bridge the gap in the Dermatology market for young people affected by acne. We offer acne skincare products, distinguished by personalisation. Our revenue comes from B2C subscriptions. Currently, we have 1.300 registered users.",No,,,2023,,,Generative AI,"October 23, 2024 9:43 PM",,,,,10236321211,,,1,,,,Startup Acceleration,MI,Lombardy,,,,,,,https://www.dermaself.it/,20159
Mine Crime,,VIA PALESTRO 7,ANCONA,C5 - Generative AI,,minecrime,,"Mine Crime is specialized in collecting, cleaning and analyzing geocoded data on crime and urban decay. Our technology heavily relies upon AI/ML and it processes +16k data-sources internationally. Afterwards, our integrated math-model “RTM”, works the crime-data, hold in a proprietary database with +35Mln events, into multi-composite predictive risk indicators that we share with our clients, medium-big corporate, through our platform in order to support their risk management activities.",No,,,2021,,,Generative AI,"October 23, 2024 10:14 PM",,,,,11493730961,,,1,,,,Startup Acceleration,AN,The Marches,,,,,,,https://www.minecrime.it/,60122
IIO,,VIA PAOLO DA CANNOBIO 2,MILANO,C5 - Generative AI,,iio,,"IIO is a Voice Interaction AI platform delivering a Real Human Operator experience by recognizing in real time the customer's emotions and self-adapting to any context. The first suite of enterprise solutions that creates intelligent virtual assistants on corporate knowledge bases using generative AI in conversational form.We aim to transform the way people interact with technology providing a personalized, intuitive and empathetic customer experience. Our revenues comes from SaaS B2B(2C) model",No,,,2022,,,Generative AI,"October 23, 2024 10:01 PM",,,,,12289670965,,,1,,,,Startup Acceleration,MI,Lombardy,,,,,,,https://iio.ai/,20122
menumal.it,,"VIA CASE
  ROSSE 231",SERAVEZZA,C5 - Generative AI,,menumal.it,,"Menumal is a post-pandemic, hyper-scalable saas-menu with deep customisation and high integration. 90 active restaurants and 8500€ turnover in the first month with local bathing establishments. To date, Menumal has superseded all major digital menu competitors, despite an activation cost of 300/400€ that no one else applies, on the strength of a graphical interface generated in very few minutes thanks to AGI and a super-lean sales model called 'demo-driven'.",No,,,2023,,,Generative AI,"October 23, 2024 10:10 PM",,,,,02664270465,,,1,,,,Startup Acceleration,LU,Tuscany,,,,,,,https://menumal.it,55047
Athics,,VIA MEUCCIO RUINI 10,REGGIO NELL'EMILIA,C5 - Generative AI,,athics,,"Athics is an Italian cognitive science company, founded in 2018 and based in Milan, specialized in Conversational AI and psychometric profiling.We operate on the local and International market to ""make innovation accessible to everyone, with our solutions: Crafter.ai, a SaaS Conversational AI platform to create AI chatbots, and PortrAIt, a real-time psychometric profiling technology, that is able to detect users' main psychometric traits, to choose the next best action to take.",No,,,2018,,,Generative AI,"October 23, 2024 10:38 PM",,,,,02804960355,,,1,,,,Startup Acceleration,RE,Emilia-Romagna,,,,,,,https://www.athics.ai,42124
Rubyno.Studio,,VIA MORIMONDO 26,MILANO,C5 - Generative AI,,rubyno.studio,,AI powered SaaS that allows beginners with a low budget to get guaranteed visibility on all the main digital channels.,No,,"Aris Giavelli,Ciro Ottieri",2016,Bootstrapped,,Generative AI,"March 5, 2025 6:05 PM",,,,DB%20Companies/One_Pager_3V_Agency.pdf,09650970966,"Aris Giavelli (https://www.notion.so/Aris-Giavelli-d077ad99a2ba4b86bc0c6a8c57f64b77?pvs=21), Ciro Ottieri (https://www.notion.so/Ciro-Ottieri-139c00c918b24ef29ec7cec051af5245?pvs=21)",Milano,2-SF,,,,SMEs Traction,MI,Lombardy,,"Aris Giavelli,Ciro Ottieri",,7,,,https://www.rubyno.com/,20143
Aries Tech - Cathedra,,VIA MARIANI POMPEO 4,MILANO,C5 - Generative AI,,ariestech-cathedra,,"Aries Tech crafts custom software solutions, including AI, blockchain, and video game innovations, with a unique generative AI for personalized game level design.",No,,"Andrea Minotti,Luca Vajani",2014,Bootstrapped,,Generative AI,"October 23, 2024 9:17 PM",,,,DB%20Companies/Cathedra_SRL_One_Pager.pdf,08729660962,"Andrea Minotti (https://www.notion.so/Andrea-Minotti-79754b9768c945618279fbfc9698f88b?pvs=21), Luca Vajani (https://www.notion.so/Luca-Vajani-590e1a34f7eb48e6843da93719ff6aa7?pvs=21)",,2-SF,,,,SMEs Traction,MI,Lombardy,,"Andrea Minotti,Luca Vajani",,,,,https://www.ariestech.it,20128
Athlos,,VIA ZAGABRIA 53,CAGLIARI,C5 - Generative AI,,athlos,,"Athlos s.r.l. è una Software Company che sviluppa soluzioni software innovative e progetti basati su interazione uomo-macchina, intelligenza artificiale e Machine Learning nei seguenti ambiti: Digital Assistant, Natural Language Processing, Intelligent Data Processing, Computer Vision, Big data. Attraverso le più moderne tecnologie consentiamo a Pubbliche Amministrazioni e aziende sanitarie di rimanere al passo con i cambiamenti tecnologici  e aumentare efficienza e produttività.",No,,,2008,,,Generative AI,"October 23, 2024 9:33 PM",,,,,03144260928,,,2-No SF,,,,SMEs Traction,CA,Sardinia,,,,,,,https://www.athlos.biz,09129
Babelscape,,VIA CAVOUR 256,ROMA,C5 - Generative AI,,babelscape,,"Babelscape: A research university spinoff. We bring to market state-of-the-art solutions, derived from our focus on multilingual text analytics and semantic knowledge graphs.  We scale language technologies across global language markets, via SaaS products for entity extraction, and sentiment analysis. We also sell custom software development services derived from our knowledge graph.  Our clients include multi-national fortune 500 companies, academic platforms, and large government entities.",No,,,2016,,,Generative AI,"October 23, 2024 9:33 PM",,,,,13792231006,,,2-No SF,,,,SMEs Traction,RM,Latium,,,,,,,https://babelscape.com/,00184
BdSound,,VIA MOLINO 20/A,TORREVECCHIA PIA,C5 - Generative AI,,bdsound,,"BdSound specializes in cutting-edge speech and audio processing technology, enabling millions of devices worldwide to enhance voice-centric features.",No,,"Antonio Grosso,Fabio Cagnetti",2006,Between 500k and 1M,,Generative AI,"October 23, 2024 9:22 PM",,,,DB%20Companies/One_Pager_Bd_Sound.pdf,02177500184,"Antonio Grosso (https://www.notion.so/Antonio-Grosso-92a081937d18483daa8933a8f17038ab?pvs=21), Fabio Cagnetti (https://www.notion.so/Fabio-Cagnetti-c8764c31e7a84870b2ba1b6073bd9ddc?pvs=21)",,2-SF,,,,SMEs Traction,PV,Lombardy,,"Antonio Grosso,Fabio Cagnetti",,,,,https://www.bdsound.com,27010
BitBang,,VIA ENRICO MATTEI 102,BOLOGNA,C5 - Generative AI,,bitbang,,"Composable Gen AI platform powered by synthetic data that simplifies forecasts, identifies causality and reliable scenarios, and automates marketing budget allocation.",No,,"Gaspare Riccobene,Andrea De Marco",2003,Between 1M and 5M,,Generative AI,"October 23, 2024 9:23 PM",,,,DB%20Companies/One_Pager_BitBang.pdf,02329121202,"Gaspare Riccobene (https://www.notion.so/Gaspare-Riccobene-ca40f17e3a8546468f89de834637de42?pvs=21), Andrea De Marco (https://www.notion.so/Andrea-De-Marco-83ffeeb4310843a0a2c91d29ae1e1068?pvs=21)",,2-SF,,,,SMEs Traction,BO,Emilia-Romagna,,"Gaspare Riccobene,Andrea De Marco","https://www.linkedin.com/in/gaspare-riccobene/,https://www.linkedin.com/in/andreademarco",,,,https://bitbang.com/,40138
Business Changers,,"PIAZZA
  CAMILLO FINOCCHIARO APRILE 3",ROMA,C5 - Generative AI,,businesschangers,,"Business Changers enables firms to leverage technological innovation, blending AI, Web3, and blockchain into IT services and products.",No,,Pasquale Sorgentone,2012,Bootstrapped,,Generative AI,"October 23, 2024 9:39 PM",,,,DB%20Companies/Business_Changers_One_Pager.pdf,11997141004,Pasquale Sorgentone (https://www.notion.so/Pasquale-Sorgentone-c4ed0e2752684742b9acc5a6f766dbee?pvs=21),,2-SF,,,,SMEs Traction,RM,Latium,,Pasquale Sorgentone,https://www.linkedin.com/in/sorgentone/,,,,https://business-changers.it/en/,00181
CLOUD PATHOLOGY GROUP,,VIA LANZONE N 04,MILANO,C5 - Generative AI,,cloudpathologygroup,,"CPG is a SME company that provides an integrated and flexible Digital Pathology solution to optimize operational process with Cloud Technology. We aim to improve accuracy and safety in cancer diagnosis supported by an innovative AI model developed through the application of Deep Learning procedures and Convolutional Neural Networks to pathological anatomy. We offer software and service in a SAAS mode. Revenue comes from long-term service contract. Unique, open and independent solution.",No,,,2012,,,Generative AI,"October 23, 2024 9:40 PM",,,,,07753790968,,,2-No SF,,,,SMEs Traction,MI,Lombardy,,,,,,,https://cloudpathology.eu,20123
CREACTIVES,,VIA E FERMI N 4,VERONA,C5 - Generative AI,,creactives,,"Our products: Procurement (Spend Analysis) and Supply Chain (Material Master Data Governance) based on our technology (Semantic NLP and AI Deep Learning) that is unique. For big corporations, we cleanse data in 25 languages and keep it clean for years with a SaaS business model. We have first class partners like KPMG and Accenture to sell and deliver the installation projects. We have 45 clients.",No,,,2000,,,Generative AI,"October 23, 2024 9:40 PM",,,,,03245350966,,,2-No SF,,,,SMEs Traction,VR,Veneto,,,,,,,https://WWW.CREACTIVES.COM,37135
Digitiamo,,VIA UGUAGLIANZA 9,VERGIATE,C5 - Generative AI,,digitiamo,,"Digitiamo accelerates enterprise AI adoption with a comprehensive process from training to AI operation, bridging the gap from zero to full AI integration.",No,,Mirko Puliafito,2020,Between 1M and 5M,,Generative AI,"October 23, 2024 9:43 PM",,,,DB%20Companies/One_Pager_Digitiamo.pdf,03760510127,Mirko Puliafito (https://www.notion.so/Mirko-Puliafito-8da7be9a3ed14eb7b1a3bc94a7d70746?pvs=21),,2-SF,,,,SMEs Traction,VA,Lombardy,,Mirko Puliafito,,,,,https://www.digitiamo.com/en,21029
Dilium,,VIA SELVANESCO 75,MILANO,C5 - Generative AI,,dilium,,"Dilium drives digital transformation in B2B and B2C with pioneering ICT and TIM solutions, including AI, blockchain, and AR/VR, tailored to client needs.",Yes,,Donato Angelo De Ieso,2017,Between 1M and 5M,,Generative AI,"February 20, 2026 8:35 PM",,,,DB%20Companies/One_Pager_Dilium.pdf,09868270969,Donato Angelo De Ieso (https://www.notion.so/Donato-Angelo-De-Ieso-0d1f43ab5d894d0588348a99322e2a1b?pvs=21),,2-SF,,,,SMEs Traction,MI,Lombardy,,Donato Angelo De Ieso,https://www.linkedin.com/in/donatodeieso/,,,,https://www.dilium.com/home.php,20141
E4 Computer Engineering,,VIA MARTIRI DELLA LIBERTA' 66,SCANDIANO,C5 - Generative AI,,e4computerengineering,,"E4 Computer Engineering leads in high-tech solutions for HPC, AI, and cloud services, partnering with top research centers for academic and industrial advancements.",No,,"Erion Islamay,Alessandro Lasagni",2002,Bootstrapped,,Generative AI,"March 18, 2026 6:26 PM",,,,DB%20Companies/E4_Computer_Engineering_One_Pager.pdf,02005300351,"Erion Islamay (https://www.notion.so/Erion-Islamay-587c56bfbdd94bd9b4810b51972eb4cc?pvs=21), Alessandro Lasagni (https://www.notion.so/Alessandro-Lasagni-3156b279a197491ab0dac208537e31bd?pvs=21)",,2-SF,,,,SMEs Traction,RE,Emilia-Romagna,,"Erion Islamay,Alessandro Lasagni","https://www.linkedin.com/in/erionis/,https://www.linkedin.com/in/alessandrolasagni",,,,https://www.e4company.com/en/,42019
Enuan,,VIA EUMELO 32,SIRACUSA,C5 - Generative AI,,enuan,,"Enuan is a Communications Platform that specializes in Conversational AI. We aim to solve automation challenges for Enterprises that provide customer support. We offer an omnichannel, hybrid virtual agent AI platform, distinguished by its versatile integration solutions and its efficient AI training and process development. Our revenue comes from time-based and transaction-based platform usage. Currently, we have several enterprise clients within the Italian and South American markets.",No,,,2006,,,Generative AI,"October 23, 2024 10:37 PM",,,,,02062520891,,,1,,,,SMEs Traction,SR,Lombardy,,,,,,,https://www.enuan.com/,96100
Expert.ai,,VIA FORTUNATO ZENI 8,ROVERETO,C5 - Generative AI,,expert.ai,,"expert.ai – the leading enterprise AI company committed to solving complex language challenges. Delivering over 300 natural language solutions historically, expert.ai revolutionizes language-intensive processes across various sectors. We expedite the deployment of natural language solutions through our innovative hybrid AI approach. By combining deep domain expertise with the finest attributes of Large Language Models, Machine Learning, and Symbolic AI, we are at the leading edge of AI sector",No,,,1999,,,Generative AI,"October 23, 2024 9:56 PM",,,,,02608970360,,,1,,,,SMEs Traction,TN,Emilia-Romagna,,,,,,,https://www.expert.ai,38068
flowtech,,VIA TIMAVO 34,MILANO,C5 - Generative AI,,flowtech,,"flowtech revolutionizes customer service with a patented AI model that offers real-time insights and automates processes, reducing time and costs for companies.",No,,Davide La Spina,2016,Between 500k and 1M,,Generative AI,"October 23, 2024 9:59 PM",,,,DB%20Companies/One_Pager_Flowtech.pdf,09174890963,Davide La Spina (https://www.notion.so/Davide-La-Spina-a509a6a3bf9c4b56b146efdc5ff44ad1?pvs=21),Milano,2-SF,,,,SMEs Traction,MI,Lombardy,,Davide La Spina,,,,,https://flowtech.ai,20124
INTELLISYNC,,VIA SCLAFANI 40/B,ACIREALE,C5 - Generative AI,,intellisync,,"Intellisync offers comprehensive cybersecurity services with dedicated Network & Security Operation Centers, safeguarding assets across sectors. The Seeding Experience, covering software development, data analytics, and industrial integration, ensures a robust defense, fostering agile business evolution in the digital landscape. Our revenues primarily come from these divisions, highlighting our commitment to innovative solutions. Market trust is evident through a growing worldwide clientele.",No,,,2017,,,Generative AI,"October 23, 2024 10:01 PM",,,,,05477830870,,,2-No SF,,,,SMEs Traction,CT,Sicily,,,,,,,https://www.intellisync.it/,95024
Interactive Media,,VIALE CITTA' D'EUROPA 679,ROMA,C5 - Generative AI,,interactivemedia,,"Interactive Media automates contact centers with ICT/AI, enhancing customer experience for medium and large companies through advanced technologies and SaaS solutions.",No,,"Debora Moura,Roberto Valente",1996,Between 500k and 1M,,Generative AI,"October 25, 2024 7:17 PM",,,,DB%20Companies/One_Pager_Interactive_Media.pdf,05057871005,"Debora Moura (https://www.notion.so/Debora-Moura-7fcf91521085403cb4d9eb25c4fb24dc?pvs=21), Roberto Valente (https://www.notion.so/Roberto-Valente-74f87d46ce0f4bdaa9b82f294115c626?pvs=21)",,2-SF,,,,SMEs Traction,RM,Latium,,"Debora Moura,Roberto Valente",,40,,"€500,000.00",https://imnet.com,00144
Krateo,,VIA ENRICO FERMI 11 ,VERONA,C5 - Generative AI,,krateo,,Krateo’s PlatformOps accelerates Cloud Native adoption for enterprises with an open-source automation platform leveraging standard Kubernetes APIs.,No,,Diego Braga,2023,Bootstrapped,,Generative AI,"October 23, 2024 10:36 PM",,,,DB%20Companies/One_Pager_Krateo.pdf,04980060232,Diego Braga (https://www.notion.so/Diego-Braga-47131af309d04ee8adbcfc6364b43f88?pvs=21),,2-SF,,,,SMEs Traction,VR,Veneto,,Diego Braga,,,,,https://krateo.io,37134
Macoev,,PIAZZA EUROPA 7 9 11,PRATO,C5 - Generative AI,,macoev,,"macoev is a solution provider that accompanies companies in every sector, everywhere in the world, in the implementation of Digital Transformation technologies, in the optimization of processes and in the design of digital experiences and solutions to land them on new levels of innovation. All this without ever losing sight of the human dimension, the true launching point for the authentic quality of our consultancy and our solutions.",No,,,2016,,,Generative AI,"October 23, 2024 10:06 PM",,,,,02369730979,,,1,,,,SMEs Traction,PO,Tuscany,,,,,,,https://macoev.com,59100
Nextbit,,"VIALE
  PAPINIANO 51",MILANO,C5 - Generative AI,,nextbit,,"Nextbit leverages its R&D to offer proprietary AI solutions and consultancy for complex data science challenges across finance, telco, and oil & gas sectors.",No,,,2006,Between 0 and 500k,,Generative AI,"October 23, 2024 10:18 PM",,,,DB%20Companies/One_Pager_Nextbit.pdf,01145050454,,,2-No SF,,,,SMEs Traction,MI,Lombardy,,,,,,,https://www.nextbit.it/,20123
Radicalbit,,VIA TORTONA 4,MILANO,C5 - Generative AI,,radicalbit,,"Radicalbit's MLOps platform streamlines AI model deployment and monitoring, emphasizing real-time metrics, low-code applications, and regulatory compliance.",No,,"Roberto Bentivoglio,Michele Ridi",2015,Between 1M and 5M,,Generative AI,"November 15, 2024 9:32 PM",,,,DB%20Companies/Radicalbit_One_Pager.pdf,09292580967,"Roberto Bentivoglio (https://www.notion.so/Roberto-Bentivoglio-5aeba3c0ae0b462eb89bbe8f639ed397?pvs=21), Michele Ridi (https://www.notion.so/Michele-Ridi-d5b724f4a5924e73b80dd6af4bb36991?pvs=21)",,2-SF,,,,SMEs Traction,MI,Lombardy,,"Roberto Bentivoglio,Michele Ridi",,14,,"€1,900,000.00",https://radicalbit.ai,20144
WordLift,,VIA GIULIA 117,ROMA,C5 - Generative AI,,wordlift,,"WordLift is a cutting-edge generative AI platform designed to elevate a business's revenue and audience engagement by automating SEO. Our primary goal is to synchronize websites with Google's language, ensuring optimal visibility and performance in the online realm.WordLift analyzes text, identifies concepts, and interlinks them to create a cohesive Knowledge Graph. Our revenue model is subscription-based for small and medium businesses and high-level professional services for enterprises.",No,,,2017,,,Generative AI,"October 23, 2024 10:34 PM",,,,,14111521002,,,2-No SF,,,,SMEs Traction,RM,Latium,,,,,,,https://wordlift.io/,00186
XCALLY,,VIA I MAGGIO N 13,PADERNO DUGNANO,C5 - Generative AI,,xcally,,"XCALLY is innovative software company specializing in AI-Driven omnichannel contact center solutions. Our solutions are designed for diverse industries, focusing on AI-driven customer care to streamline operations and enrich user experiences. Our unique approach combines comprehensive functionality with user-friendly design, ensuring a smooth customer journey across all communication touchpoints and Generative Conversational AI.",No,,,2007,,,Generative AI,"October 23, 2024 10:34 PM",,,,,09668910012,,,1,,,,SMEs Traction,MI,Lombardy,,,,,,,https://www.xcally.ai/,20037
Adaptronics,,VIA FILIPPO TURATI 40,MILANO,C4 - Climate / Green Energy / Food Tech,,adaptronics,,"Adaptronics is a company that specializes in the production of smart electroadhesive fingertips, designed to enhance the grasping capabilities of robots and automatic machines both on Earth and in Space. The company's products are aimed at improving versatility, effectiveness, and efficiency in industrial automation and Space operations. Adaptronics is currently engaged in five ongoing PoCs valued at over 300k€ with packing machine producers and has received more than 10 LOIs from potential industrial and Space customers. The company recently secured a pre-seed funding round of 685k€ and has grown to a team of 10.",Yes,,Camilla Conti,2022,Between 500k and 1M,,"Hardware & Robotics, Space Economy","February 20, 2026 8:32 PM",,http://www.linkedin.com/company/adaptronics,https://api.typeform.com/responses/files/14902b823b3e35507c64066d7ad5cf01aa2f32ea031afc522422fbbe454e4fdf/Adaptronics_Logo_Blu_RGB.png,DB%20Companies/ONE_PAGER_-_Adaptronics.docx.pdf,12394070960,Camilla Conti (https://www.notion.so/Camilla-Conti-03b75651240d43fabd58fac371bf2ceb?pvs=21),"Milano, Bologna",2-SF,https://api.typeform.com/responses/files/804a42529aecf1b59576528a5827611ca4f89f75d8fc6abc4d4382a7bf24ae40/AdapTronics___pitch_deck_v2_medQ.pdf,,,SMEs Traction,MI,Emilia-Romagna,,Camilla Conti,,,,,https://adaptronics.it,20121
AnteMotion,,VIA DELLA STAZIONE 27,TRENTO,C6 - Hardware & Robotics,,antemotion,,"AnteMotion is an Italian engineering startup that focuses on creating simulation tools. These tools are designed to aid in the virtual testing, training, and validation of Autonomous Vehicles (ADAS/AV). The company's expertise lies in the development of these specialized tools, positioning them as a key player in the autonomous vehicle industry. Their innovative solutions are aimed at enhancing the safety and efficiency of autonomous vehicles through rigorous virtual testing and validation processes.",No,,Luca Gasbarro,2018,Between 1M and 5M,,Hardware & Robotics,"November 12, 2024 9:01 PM",,http://www.linkedin.com/company/antemotion,https://api.typeform.com/responses/files/44bff4605aa27e77501288a53fb6c9162ad5f01f5c0d40a204b3aa482c33b493/AnteMotion_Logo_Contornato_White___40x171cm___white_bkground.png,DB%20Companies/ONE_PAGER_-_Antemotion.docx.pdf,02511430221,Luca Gasbarro (https://www.notion.so/Luca-Gasbarro-b0ed2f07403044a9bf0207d4d555e92c?pvs=21),Treviso,2-SF,https://api.typeform.com/responses/files/5d5974542b25d2cd63f860b4701275fc53eb39ccad6825105c40259d759d09a2/240208___Antemotion___Innovit___Sim_Tools_for_ADAS_AV_testing___validation.mov,,,SMEs Traction,TN,Trentino-South Tyrol,,Luca Gasbarro,http://www.linkedin.com/in/luca-gasbarro,23,,"€3,000,000.00",https://www.antemotion.com,38123
Evolvee,,VIA GRAMSCI 15,MOLINELLA,C6 - Hardware & Robotics,,evolvee,,"Conkreta Robotics, a brand under the start-up Evolvee Srl, is a pioneering entity in the Agritech industry. The company leverages artificial intelligence, collaborative robots, and vision systems to drive innovation in agricultural technology. Their advanced solutions aim to revolutionize traditional farming methods, enhancing efficiency and productivity.",No,,,2023,Between 0 and 500k,,Hardware & Robotics,"October 23, 2024 9:48 PM",,http://www.linkedin.com/company/conkreta-robotics,https://www.notion.soundefined,,04110491208,,,1,https://www.notion.soundefined,,,SMEs Traction,BO,Emilia-Romagna,,,,,,,https://conkretarobotics.com,40062
Park Smart,,CORSO ITALIA 298,CATANIA,C6 - Hardware & Robotics,,parksmart,,"Park Smart is a company that has created the Aisee Box, a hardware platform designed for computer vision. This innovative edge computing system allows for real-time video stream analysis using neural networks.",No,,,2014,<1M (undisclosed),,Hardware & Robotics,"October 23, 2024 10:22 PM",,http://www.linkedin.com/company/park-smart-srl,https://www.notion.soundefined,,05157870873,,,1,https://api.typeform.com/responses/files/52d261254e3391f628119be41ff61c913cafd796c91827c82ed4ec3e3a43f5ff/Park_Smart_pitch_2024.pdf,,,SMEs Traction,CT,Sicily,,,,,,,https://www.parksmart.it,95129
INTA,,VIA AUGUSTO RIGHI 20,PISA,RT-1,,inta,,"INTA is a medtech company specializing in the development of portable biosensing systems for quick biological detection, with a primary focus on diagnosing Traumatic Brain Injuries. The aim is to reduce the need for unnecessary CT scans. The company's product, designed for healthcare providers and emergency units, stands out for its portability, speed, and cost-effectiveness. INTA's revenue is generated through the sales of its reusable readers and disposable cartridges. The company is currently witnessing increased adoption of its product in emergency care settings.",No,,Alessandro Scatà,2020,Between 1M and 5M,,"Biomedical, Hardware & Robotics","October 23, 2024 10:01 PM",,http://www.linkedin.com/company/intasystems,https://www.notion.soundefined,,02369350505,Alessandro Scatà (https://www.notion.so/Alessandro-Scat-f0edc65b294c48f58ef2dd9dbc4369ed?pvs=21),,2-SF,https://api.typeform.com/responses/files/19aaf086f62411c463ccdcf1f5035fa1ab9766c0862113eab46eda0fc3ed59c7/INTA_Deck_2024.pdf,,,Regione Toscana,PI,Tuscany,,Alessandro Scatà,,,,,intasystems.net/en,56121
Test 1,,VIA CORSICA 143,BRESCIA,C6 - Hardware & Robotics,,test1,,"Test1 is a pioneering company that manufactures a patented polymer for the absorption and reuse of hydrocarbons. The company's mission is to protect water resources and encourage a circular economy, with a particular emphasis on managing spills. Their income is derived from selling to environmental solution providers, hydrocarbon transport companies, and governments. Test1 has achieved considerable success, partnering with major industry players and conducting successful trials, which has placed them at the cutting edge of oil spill management solutions.",No,,,2014,Between 1M and 5M,,Hardware & Robotics,"October 23, 2024 10:31 PM",,http://www.linkedin.com/company/t1solutions-greennovation,https://www.notion.soundefined,,03597320989,,,2-No SF,https://api.typeform.com/responses/files/a0026c827d65241d1a8d69a28b5d622fe7baa74ff0c16253f56ec4d2db3ba9d3/Company_Profile_T1_Solutions_short.pdf,,,SMEs Traction,BS,Lombardy,,,,,,,https://t1.solutions/,25125
Trackting,,VIA BORGOGNINA 5,CARTOCETO,C6 - Hardware & Robotics,,trackting,,"Trackting is a company that specializes in designing and producing smart-connected systems for protection. Their primary offerings include advanced anti-theft GPS systems for two-wheeled vehicles such as motorbikes, bikes, and e-bikes. The products are user-friendly, requiring no installation, and come with an integrated SIM and a rechargeable battery that lasts for months. Trackting's revenue is generated from both device sales and services, which include connectivity and insurance. The majority of their sales, 95%, are conducted directly online. In 2024, the company achieved a turnover of 2M€, marking a significant 75% growth year on year.",No,,Claudio Carnevali,2000,Between 0 and 500k,,Hardware & Robotics,"October 23, 2024 10:31 PM",,http://www.linkedin.com/company/trackting,https://api.typeform.com/responses/files/ce4f4cab8500c6c580905ab375a66b6e68c6708c1cbae21d806ce8f8248985a8/Logo_Trackting__R__LD.png,DB%20Companies/ONE_PAGER_-_Trackting.docx.pdf,02036680417,Claudio Carnevali (https://www.notion.so/Claudio-Carnevali-52dfe27ec6354bdba3fff6ed58e86026?pvs=21),Rome,2-SF,https://api.typeform.com/responses/files/465693be9d97c75aac9ff42eed866610067f57f94f90fcb88a2af6dae25f4c3f/Trackting___Pitch__ENG_.pdf,,,SMEs Traction,PU,The Marches,,Claudio Carnevali,http://www.linkedin.com/in/claudiocarnevali,,,,https://www.trackting.com,61030
Recycleye,,HERCULES ROAD 179,LONDON,C6 - Hardware & Robotics,,recycleye,,"Recycleye is a global company that provides AI-powered sorting equipment and analytics to enhance profitability in waste management. The company combines innovative robotic and optical sorters with a comprehensive understanding of waste to reduce material sorting costs and boost plant performance. Recycleye's AI technology, as accurate as the human eye, utilizes a unique database of billions of waste images to detect materials accurately. This technology enables the company to offer dashboards that provide valuable insights for data-driven decisions in waste management.",No,,,2019,Between 15M and 30M,,Hardware & Robotics,"October 23, 2024 10:24 PM",,http://www.linkedin.com/company/recycleye,https://www.notion.soundefined,,GB346653971,,,1,https://api.typeform.com/responses/files/df2628c3402d8c5a8da2cf3711fbf7e1be167119d2a2a1093506557f4f7256cc/Recycleye_Intro_Compressed.pdf,,,SMEs Traction,UK,Emilia-Romagna,,,,,,,http://www.recycleye.com,
HIGH TECHNOLOGY SYSTEMS,,"ZONA INDUSTRIALE LOCALITA'
  TACCONE ",CITTANOVA,C6 - Hardware & Robotics,,hightechnologysystems,,"HTS srl is a small to medium-sized enterprise (SME) specializing in the assembly of electronic boards. The company possesses the necessary know-how and technologies to reliably assemble devices on selected PCBs, ensuring both the PCBs and the soldering joints are thoroughly inspected and manipulated. HTS srl offers a range of services related to electronics, including conformal coating. The company's primary source of revenue is derived from the assembly of electronic boards and testing. They utilize various methods such as PP, THB, TermalCycle, HTS, and HTOL in their assembly process.",No,,,2001,<1M (undisclosed),,Hardware & Robotics,"October 23, 2024 10:00 PM",,http://www.linkedin.com/company/htsitaly,https://www.notion.soundefined,,01344660897,,,2-No SF,https://api.typeform.com/responses/files/2e931485d57608b6a8edf860a45b9f1da0b9db7b4e40156844c66ce036be0d1b/Slide_HTS_24.pdf,,,SMEs Traction,RC,Calabria,,,,,,,https://WWW.HTSITALY.IT,89022
Oversonic Robotics,,VIA RIVABELLA 7,BESANA IN BRIANZA,C5 - Generative AI,,oversonicrobotics,,"Oversonic is a pioneer in Italy, having engineered, certified, and launched a cognitive humanoid robot. This achievement is a result of their proprietary artificial intelligence platform and robust automation capabilities. Their robots, powered by proprietary neural networks, can interact autonomously with their surroundings. As a Benefit Corporation, the company is committed to using artificial intelligence responsibly, with a focus on welfare purposes.",No,,,2020,Between 15M and 30M,,"Generative AI, Hardware & Robotics","October 23, 2024 10:21 PM",,http://www.linkedin.com/company/oversonic-robotics-group,https://api.typeform.com/responses/files/681e72e49560a13259164d958b8fc0cc5073f919a0b707525d81f6b2ba16799a/Logo_Oversonic.png,DB%20Companies/ONE_PAGER_-_Oversonic_Robotics.docx.pdf,11470500965,,,1,https://www.notion.soundefined,,,Startup Acceleration,MB,Lombardy,,,,,,,https://oversonicrobotics.com,20842
DevIBrain,,VIA COGHETTI 6,BERGAMO,C5 - Generative AI,,devibrain,,"DevIBrain is an industrial innovation company that merges IT and industrial automation skills to create innovative market solutions. Their offerings include highly innovative technology software, with their revenue primarily generated from software sales and consultancy services.",No,,,2021,Between 0 and 500k,,"Generative AI, Hardware & Robotics","October 23, 2024 10:37 PM",,http://www.linkedin.com/company/devibrain,https://api.typeform.com/responses/files/56ebd43d15b7a1b2dbf4334572d771a41a380beee9a1a8459f7482feaea9faa7/Logo_DevIBrain.png,DB%20Companies/ONE_PAGER_-_Devibrain.docx.pdf,04507220160,,,1,https://api.typeform.com/responses/files/51ed3c3322b2b67ddfddec2874f5cd0cc75be3a2ed14e5cc8c87259b36110942/DevIBrain_Decks.pdf,,,Startup Acceleration,BG,Lombardy,,,,,,,https://www.devibrain.com,24128
Azzurrodigitale Machine Integration,,VIA DELLA CROCE ROSSA N 42,PADOVA,C6 - Hardware & Robotics,,azzurrodigitalemachineintegration,,"Azzurrodigitale Machine Integration is a software and Industrial IoT development firm that specializes in creating asset management solutions for industrial tools. Their flagship product, MATIX, is designed to enhance tool lifecycle management and minimize downtime for manufacturing companies. The company's unique approach combines cloud software solutions with connected IIoT sensors. Their business model is based on revenue from both software and hardware sales. As of 2023, they have over 30 customers and have generated revenues of approximately 400 €k.",No,,Riccardo Pistorello,2020,Between 500k and 1M,,Hardware & Robotics,"October 23, 2024 9:22 PM",,http://www.linkedin.com/company/matix-intelligent-mold-management,https://www.notion.soundefined,DB%20Companies/ONE_PAGER_-_Matix_Azzurrodigitale.docx.pdf,05299440288,Riccardo Pistorello (https://www.notion.so/Riccardo-Pistorello-f168666dfafe4daaba4f001d135315f5?pvs=21),Milan,2-SF,https://api.typeform.com/responses/files/51dd9c03a5cb7fae4f1cb63fef7a112f27dce0eaef7cc6a352751b4a71c15a49/20240131_MATIX_Tool_Lifecycle_Management_ENG.pdf,,,SMEs Traction,PD,Veneto,,Riccardo Pistorello,http://www.linkedin.com/in/riccardopistorello,,,,https://www.matix.cloud/,35129
Truesense,,VIALE LOMBARDIA 217,MONZA,C6 - Hardware & Robotics,,truesense,,"Truesense is a pioneering platform solutions provider specializing in Ultrawideband Ranging & Radar applications, Edge AI Software, and Innovative IoT. The company offers scalable solutions to its customers, ranging from Software platform services to Hardware design, including Modules & Customized Platform. Truesense holds a unique position in Europe, being the only company with both UWB Radar & Ranging competence and exclusive knowledge on the hybridization of ranging & doppler functionalities in a single device. It is also the only European supplier of NXP multi Modules.",No,,Alessandro Bassi,2020,Between 500k and 1M,,Hardware & Robotics,"March 18, 2026 6:26 PM",,http://www.linkedin.com/company/truesense,https://api.typeform.com/responses/files/9c980c37eb05a928acd791c4386924a354c281db665258a8c0f7e2b3be053327/logo_truesense_blue_gradient.PNG,DB%20Companies/ONE_PAGER_-_Truesense.docx.pdf,11283690961,Alessandro Bassi (https://www.notion.so/Alessandro-Bassi-a0575ca735d64030897556c8f6281b6e?pvs=21),Monza,2-SF,https://api.typeform.com/responses/files/d037bad4e8ecbdd1ce03659952f4e732c619137de8d886c14866687aca48843b/TrueSense_SEED_ROUND_Pitch_Deck.eng_.pdf,,,SMEs Traction,MB,Lombardy,,Alessandro Bassi,http://www.linkedin.com/in/alessandro-bassi-b73b4aa,10,,"€500,000.00",https://www.truesense.it,20900
Proxima Robotics,,VIA ENRICO BETTI 2,PISA,C6 - Hardware & Robotics,,proximarobotics,,"Proxima Robotics is a small to medium-sized enterprise (SME) specializing in providing a software framework for production flow management using mobile robots. Their primary goal is to eliminate time wastage and partial automation issues in manufacturing companies. They offer a Software as a Service (SAAS) solution, characterized by easy integration and comprehensive digitization of processes, resulting in holistic management. Proxima Robotics charges recurring fees for each robot or machinery managed. At present, the company has three paying early adopters, with 30 robots operating round the clock, and two industrial proof of concepts.",No,,,2017,<1M (undisclosed),,Hardware & Robotics,"October 23, 2024 10:23 PM",,http://www.linkedin.com/company/proximarobotics,https://www.notion.soundefined,,02278140500,,,1,https://api.typeform.com/responses/files/5ff105121bc8c10f0190aa0c49cf23934bc7b40c3bf06fc04d95fa7e4c481c26/Pitch_Deck.pdf,,,SMEs Traction,PI,Tuscany,,,,,,,https://proximarobotics.com/,56124
Athleticae,,PIAZZA SOLFERINO 20,TORINO,C6 - Hardware & Robotics,,athleticae,,"Athleticae is a startup specializing in the development of sports equipment using advanced metamaterials. The company focuses on creating sustainable, high-performing, and fully personalized gear for athletes of all skill levels and ages. Their patented flagship product addresses vibration-related problems common among tennis players, offering a unique playing experience. Athleticae generates revenue through B2B, B2C, and licensing models. To date, they have a customer base spanning 13 countries globally.",No,,,2023,Between 0 and 500k,,Hardware & Robotics,"October 23, 2024 9:17 PM",,http://www.linkedin.com/company/athleticae,https://www.notion.soundefined,,12938140014,,,1,https://api.typeform.com/responses/files/a61bf007a0ac991677756cadd1b2371ff34ada9ab27eb0130fcd0f041c4a9c0d/Pitch_Deck_AMbelievbale™.pdf,,,SMEs Traction,TO,Piedmont,,,,,,,https://www.athleticae.com,10121
SED,,VIA DELLE REGIONI 265,CERTALDO,C6 - Hardware & Robotics,,sed,,"Our company offers comprehensive electrification solutions, assisting customers from the initial stages of machine design to the market launch phases. Our capabilities are enhanced by our in-house hardware-software research and development and production facilities. We specialize in providing original equipment manufacturers (OEMs) with both custom and standard controllers and human-machine interfaces (HMIs). Our integrated approach ensures seamless support throughout the product development process.",No,,,1975,<1M (undisclosed),,Hardware & Robotics,"October 23, 2024 10:29 PM",,http://www.linkedin.com/company/s.e.d.,https://www.notion.soundefined,,01088120488,,,1,https://api.typeform.com/responses/files/a7fc385ada5a0b09f7f9363b5a79644950937fcee74581950ed08b1c4d6f53f0/Innovit.pdf,,,SMEs Traction,FI,Tuscany,,,,,,,https://sedgroup.it,50052
R4P,,VIA RUSSOLI 3,MILANO,C6 - Hardware & Robotics,,r4p,,"The company is a collective of engineers, mathematicians, and physicists dedicated to the research and development of essential components across various industries. Their expertise lies in optical, mechanical, electronic, and software design. They excel in real-time image processing, kinematic and dynamic analysis, and real-time motion planning and correction. The team is proficient in parallel and distributed computing, real-time control architectures, and Linux systems. They also specialize in managing and integrating industrial field bus systems. Their work is pivotal in advancing technological capabilities in numerous sectors.",No,,,2005,<1M (undisclosed),,Hardware & Robotics,"October 23, 2024 10:24 PM",,http://www.linkedin.com/company/r4p,https://www.notion.soundefined,,05609310965,,,2-No SF,https://api.typeform.com/responses/files/709391c736532f027ffe5792ce95ee26b35ccc9ea626714d30e1f4a13e80815b/r4p_presentation_en.pdf,,,SMEs Traction,MI,Lombardy,,,,,,,https://www.r4p.it,20143
ARS Automation,,VIA GIAMBATTISTA VICO 7,AREZZO,C6 - Hardware & Robotics,,arsautomation,,"ARS is a company that focuses on innovating parts feeding systems for factory automation. They offer a unique solution to the problem of managing various parts with different shapes and sizes through a vision-based feeder system. Their primary customers are assembly and packaging operations across various industries, including Medtech. The company generates its revenue through the sales of its products and service contracts. Having successfully implemented their systems in multiple industries, ARS is increasingly becoming the preferred choice for flexible parts feeding solutions.",No,,Andrea Mazzini,2002,Between 1M and 5M,,Hardware & Robotics,"October 23, 2024 9:17 PM",,http://www.linkedin.com/company/ars-automation-srl,https://api.typeform.com/responses/files/815f30fd83990441100d46ab819c1d41abea53ade2d2dc6fc8dbaf74f08a5355/logo_arsautomation.png,DB%20Companies/ONE_PAGER_-_ARS_Automation.docx.pdf,01739760518,Andrea Mazzini (https://www.notion.so/Andrea-Mazzini-e40998ff25fc47999edceba23d0b6aed?pvs=21),Arezzo,2-SF,https://api.typeform.com/responses/files/67ce9c7ddb7b70815e458008c9d1838c8c8a0bfa6fcd64a4403a147fd356aaa9/FlexiBowl®_Presentation_12_23___Light.pdf,,,SMEs Traction,AR,Tuscany,,Andrea Mazzini,http://www.linkedin.com/in/andrea-mazzini-261076105,,,,https://www.flexibowl.com,52100
Mad Automation,,VIA MALPASSO 15,SANSEPOLCRO,C6 - Hardware & Robotics,,madautomation,,"Mad Automation is a software developer and manufacturer of end-of-line solutions, dedicated to enhancing performance and production efficiency in the packaging and handling industry. The company's commitment to researching new technical solutions and improving existing systems has led to a comprehensive range of state-of-the-art machinery. This includes cartoning machines for self-protected capsules, case packers, palletisers, and Laser Guided Vehicles (LGVs). Mad Automation also develops software to complement their machinery, ensuring a seamless integration into any production line. Their innovative approach aims to deliver maximum benefits to their clients.",No,,,2007,<1M (undisclosed),,Hardware & Robotics,"October 23, 2024 10:06 PM",,http://www.linkedin.com/company/mad-automation-srl,https://www.notion.soundefined,,01900280510,,,1,https://api.typeform.com/responses/files/390bfa8f404b46cd8c12df839cb5d23c82a2b884eea8b884e1913209695e02ff/MAD_AUTOMATION_SRL___company_profile_EN.pdf,,,SMEs Traction,AR,Tuscany,,,,,,,https://www.madautomation.it,52037
Roboze,,VIA VINCENZO AULISIO 31/33,BARI,C6 - Hardware & Robotics,,roboze,,"The company specializes in the manufacturing of high-performance 3D printers, materials, and parts. They are committed to providing top-quality products that cater to the needs of various industries. Their 3D printers are designed to deliver superior performance, ensuring high precision and efficiency. The company also produces a wide range of materials and parts, further enhancing the functionality and versatility of their 3D printers. Their commitment to innovation and quality makes them a reliable choice for businesses seeking advanced 3D printing solutions.",No,,,2013,Between 5M and 15M,,Hardware & Robotics,"October 23, 2024 10:25 PM",,http://www.linkedin.com/company/roboze,https://www.notion.soundefined,,07513040720,,,1,https://api.typeform.com/responses/files/bc290583c958c79ff0115fc5472f32b1e2c5d5f87a67fe969d6cdbd1d4fbee47/Company_Profile___Presentation___ENG__0.0_.pdf,,,SMEs Traction,BA,Apulia,,,,,,,https://roboze.com,70124
P.R.I.S.M.E.D.,,VIA M SE DI VILLABIANCA 101,PALERMO,C6 - Hardware & Robotics,,p.r.i.s.m.e.d.,,"PRISMED is a startup leveraging Robotics, Augmented Reality, and Big Data analysis within an IoT ecosystem to minimize the risk of skin, lung, and urinary infections. The company focuses on continuous surveillance and prevention of infections, a task that has become expensive due to the growing number of vulnerable patients. PRISMED distinguishes itself by substituting manual procedures with a robotic AI service. The company's revenue model is based on renting the complete service, including the OSS.",No,,,2020,Between 1M and 5M,,Hardware & Robotics,"October 23, 2024 10:21 PM",,,https://www.notion.soundefined,,06865000829,,,1,https://api.typeform.com/responses/files/7d0c2066c675042ef57c9d1b1dd6e78599b87b1b90d8be6a32ece3fe09137f98/Pitch_rev_03.pdf,,,SMEs Traction,PA,Sicily,,,,,,,https://www.prismed.it,90143
Western CO,,VIA PASUBIO N 1-3,SAN BENEDETTO DEL TRONTO,C3 - Startup Bootcamp,,westernco,,"Western CO is a leading company in the off-grid PV sector, known for its reliability and expertise. The company's success is attributed to its continuous investment in Research and Development, the professionalism of its staff, and the business acumen gained over many years. Western CO's mission is to innovate and research systems for the utilization of renewable sources, with a focus on promoting widespread self-production. Their products are a testament to their commitment to sustainable energy solutions.",No,,"Giancarlo Cimini,Alessandra Cimini",1984,Between 1M and 5M,,"Green Energy, Hardware & Robotics","March 18, 2026 6:25 PM",,http://www.linkedin.com/company/western-co-srl,https://www.notion.soundefined,DB%20Companies/Western_One_Pager.pdf,01192450441,"Giancarlo Cimini (https://www.notion.so/Giancarlo-Cimini-0db1c477d3c14bf6b307b61b928f35c2?pvs=21), Alessandra Cimini (https://www.notion.so/Alessandra-Cimini-9336e980ee3944bb9be50ce34fb89d55?pvs=21)",San Benedetto del Tronto,2-SF,https://www.notion.soundefined,,,SMEs Traction,AP,The Marches,,"Giancarlo Cimini,Alessandra Cimini","https://www.linkedin.com/in/giancarlocimini/,https://www.linkedin.com/in/alessandra-cimini/",,,,https://www.western.it/en/,63074
DRB,,VIA E TOTI 29,MONZA,C6 - Hardware & Robotics,,drb,,"DRB is a technology firm specializing in the development of user-friendly and cost-effective solutions for automatic drone asset inspections and innovative air mobility. The company's unique approach combines a patented localization solution with proprietary AI software, aiming to simplify and reduce the costs of asset maintenance while enabling safe, innovative mobility services. DRB generates revenue through renting their inspection solution and licensing. Their client base includes some of the most prominent energy companies.",No,,,2016,Between 0 and 500k,,"Hardware & Robotics, Space Economy","October 23, 2024 9:45 PM",,http://www.linkedin.com/company/drb-automatic-drone-technologies,DB%20Companies/DRB.png,DB%20Companies/ONE_PAGER_DRB.pdf,09729170960,,,2-No SF,https://api.typeform.com/responses/files/eac7c4a81c075750e2fcc3df792e276a0c91d4f536ba649cece37e26b85018d9/Investor_pitch_mobility.pdf,,,SMEs Traction,MB,Lombardy,,,,,,,http://drb.aero,20900
INVENTVM Semiconductor,,VIALE ALESSANDRO BRAMBILLA 60,PAVIA,C6 - Hardware & Robotics,,inventvmsemiconductor,,"INVENTVM is a leading semiconductor company that focuses on designing power management and audio mixed signal integrated circuits. The company primarily serves the consumer and automotive markets, delivering top-tier performance and efficiency. INVENTVM is renowned for its innovative architectures that consistently push the boundaries of technology. Despite being a fabless company, it maintains a strong presence in the industry through its specialization and commitment to excellence.",No,,,2017,<1M (undisclosed),,Hardware & Robotics,"October 23, 2024 10:01 PM",,http://www.linkedin.com/company/inventvm-semiconductor,https://www.notion.soundefined,,09899780960,,,1,https://www.notion.soundefined,,,SMEs Traction,PV,Lombardy,,,,,,,https://www.inventvm.com,27100
Vado Srl,,"CORSO UNIONE SOVIETICA
  612/15/C",TORINO,C6 - Hardware & Robotics,,vadosrl,,"Vado is an Internet of Things (IoT) company that specializes in transforming vending machines into nanostores, which are connected to popular delivery apps. The company's goal is to enable retailers globally to sell their products 24/7 via delivery in a profitable manner. Vado offers an automated delivery solution by either installing a connected vending machine or integrating their IoT hardware into existing vending machines of other companies. The company's revenue is generated from a fixed Software as a Service (SaaS) fee and vending machine sales. Over the past four months, Vado has reported a monthly recurring revenue of €35K.",No,,,2020,Between 500k and 1M,,Hardware & Robotics,"October 23, 2024 10:32 PM",,http://www.linkedin.com/company/vado-vending-automatic-delivery-operations,https://www.notion.soundefined,,12381060016,,,2-No SF,https://api.typeform.com/responses/files/e6dec7b8598b822a9cca561d5c8d0bd8947d25cf5824a0d8078c44a0abb611cd/Pitch_Innovit.pdf,,,SMEs Traction,TO,Piedmont,,,,,,,https://www.vadosrl.com,10135
Awentia,,VIALE D'AGOSTINO 151/D,IMOLA,C6 - Hardware & Robotics,,awentia,,"Awentia is a technology company that specializes in creating innovative monitoring solutions. They convert images into actionable data for real-time insights in diverse environments. Their flagship product is an autonomous visual inspection system designed to effectively monitor distributed assets. The company generates revenue through the sales of licenses for this proprietary system. Their primary application field is in monitoring distributed agronomic environments, as showcased on their website, www.awagritech.com.",No,,"Federico Frontali,Mauro Manfredi",2022,Between 0 and 500k,,"Generative AI, Hardware & Robotics","October 23, 2024 9:21 PM",,http://www.linkedin.com/company/awentia,https://api.typeform.com/responses/files/73b22be76bd9598422fcbddc2fa3193755e5a028a6d70e485082566e8ddbe26d/logo_01__3__big.png,DB%20Companies/ONE_PAGER_-_Awentia.pdf,04049161203,"Federico Frontali (https://www.notion.so/Federico-Frontali-ee33d1d2878f4703a3267f15c0918c40?pvs=21), Mauro Manfredi (https://www.notion.so/Mauro-Manfredi-2f944c6c3b9142ebb2df527b17146cde?pvs=21)","Imola,Fabriano",2-SF,https://api.typeform.com/responses/files/862b22c773434363e33d09cb53c78bd842266737db6bcfbeee04bdca387c79ab/_R__Pitch_Deck_Awentia_™️_ENG.V_Jan24.pdf,,,SMEs Traction,BO,Emilia-Romagna,,"Federico Frontali,Mauro Manfredi","http://www.linkedin.com/in/federico-frontali,http://www.linkedin.com/in/mrmauromanfredi",,,,https://awentia.com/,40026
BionIT Labs,,VIA CRACOVIA 1,SOLETO,"C6 - Hardware & Robotics, CDP 2",,bionitlabs,,"BionIT Labs is an Italian medical technology company based in Soleto, Apulia, founded in 2018. Their mission is to apply information technologies to bionics in order to transform disabilities into new possibilities.

Launched Adam’s Hand, the first fully adaptive bionic hand using a single motor and AI algorithms to automatically adjust finger movements to objects. It is designed to simplify users’ lives by eliminating the need to select predefined grip patterns. The fingers automatically adapt to the shape and size of the objects being grasped, offering intuitive and natural control. This biomimetic approach improves autonomy and facilitates the integration of the prosthesis as a natural extension of the user's body.",No,,"Giovanni Zappatore,Fabrizio Morgagni",2018,Between 5M and 15M,,Hardware & Robotics,"September 24, 2025 1:33 AM",,http://www.linkedin.com/company/bionitlabs,https://api.typeform.com/responses/files/f6db233190650d69f4a85749cc5952679f9a4341d3fbda5836f3233f017c91ac/Logo_BionIT_Labs_Black.png,DB%20Companies/Bionit.pdf,04929230755,"Giovanni Zappatore (https://www.notion.so/Giovanni-Zappatore-e91b58633418441eb3a2cab43743ca47?pvs=21), Fabrizio Morgagni (https://www.notion.so/Fabrizio-Morgagni-27765d57c00980b9aed9c16be95bc372?pvs=21)",Lecce,2-SF,https://www.notion.soundefined,,,"CDP 2, SMEs Traction",LE,Apulia,,"Giovanni Zappatore,Fabrizio Morgagni",http://www.linkedin.com/in/giovanni-zappatore,,,,https://bionitlabs.com,73010
Proteso,,VIA GIACOMO LEOPARDI 7,MILANO,C2 - Cybersecurity / Blockchain / IoT / Robotics,,proteso,,"Proteso is a deep-tech startup that designs powered exoskeletons for industrial workers in logistics, manufacturing, and airports. The company's primary goal is to prevent low-back pain and injuries among workers. Their exoskeletons are not only comfortable but also preferred by users, and are complemented by data analytics services that provide insights into worker well-being and operations. Proteso's revenue model is based on the sales of exoskeletons and data subscriptions. The company is currently in the pilot stage with early customers and is preparing for an industrial launch.",No,,,2022,Between 0 and 500k,,Hardware & Robotics,"October 23, 2024 10:23 PM",,http://www.linkedin.com/company/proteso,https://api.typeform.com/responses/files/a396be18f8c3a74f0b4e3104788a83fea6cb99271fbb2fb6224b6eceb65b06cd/positivo_colore_tight.png,DB%20Companies/ONE_PAGER_-_Proteso.docx.pdf,12277470964,,,1,https://api.typeform.com/responses/files/952f3cbc6d4357d7071cc51b06b12d8b22815a158f6aa3997416a044b764f610/Proteso_pitch_1.2.pdf,,,SMEs Traction,MI,Lombardy,,,,,,,https://www.proteso.it,20123
Sea Further,,,,C6 - Hardware & Robotics,,seafurther,,"Sea Further is a pioneering biotech company specializing in the production of eco-friendly catalysts designed to replace rare metals in energy systems. They are the world's first and only company offering biologically doped graphene and its derivatives to fuel cell and supercapacitor manufacturers. This provides an efficient, scalable, and eco-friendly alternative to metals like platinum and cobalt. Their business model is based on direct B2B sales of their innovative products. Currently, they serve 12 of the leading companies in the fuel cell sector.",No,,,2020,Between 1M and 5M,,Hardware & Robotics,"October 23, 2024 10:28 PM",,http://www.linkedin.com/company/seafurther,https://www.notion.soundefined,,FR77000149046,,,2-No SF,https://api.typeform.com/responses/files/529caa67783661128c743ba39e27c96049191f28be2883e21ca67e8a0b409c63/Sea_Further_eDeck.pdf,,,SMEs Traction,,Lombardy,,,,,,,https://www.sea-further.com,
Awentia,,VIALE D'AGOSTINO 151/D,IMOLA,C5 - Generative AI,,awentia,,"Awentia is a technology company that specializes in creating innovative monitoring solutions. They convert images into actionable data for real-time insights in diverse environments. Their flagship product is an autonomous visual inspection system designed to effectively monitor distributed assets. The company generates revenue through the sales of licenses for this proprietary system. Their primary application field is in monitoring distributed agronomic environments, as showcased on their website, www.awagritech.com.",No,,,2022,Between 0 and 500k,,"Generative AI, Hardware & Robotics","October 23, 2024 10:38 PM",,http://www.linkedin.com/company/awentia,https://api.typeform.com/responses/files/73b22be76bd9598422fcbddc2fa3193755e5a028a6d70e485082566e8ddbe26d/logo_01__3__big.png,DB%20Companies/ONE_PAGER_-_Awentia.pdf,04049161203,,,1,https://api.typeform.com/responses/files/862b22c773434363e33d09cb53c78bd842266737db6bcfbeee04bdca387c79ab/_R__Pitch_Deck_Awentia_™️_ENG.V_Jan24.pdf,,,Startup Acceleration,BO,Emilia-Romagna,,,,,,,https://awentia.com/,40026
DevIBrain,,VIA COGHETTI 6,BERGAMO,C6 - Hardware & Robotics,,devibrain,,"DevIBrain is an industrial innovation company that merges IT and industrial automation skills to create innovative market solutions. Their offerings include highly innovative technology software, with their revenue primarily generated from software sales and consultancy services.",No,,Fabio Zanchi,2021,Bootstrapped,,"Generative AI, Hardware & Robotics","October 27, 2024 2:44 AM",,http://www.linkedin.com/company/devibrain,https://api.typeform.com/responses/files/56ebd43d15b7a1b2dbf4334572d771a41a380beee9a1a8459f7482feaea9faa7/Logo_DevIBrain.png,DB%20Companies/ONE_PAGER_-_Devibrain.docx.pdf,04507220160,Fabio Zanchi (https://www.notion.so/Fabio-Zanchi-cb7db203934e474a9dcad0c374ca1f67?pvs=21),Nembro,2-SF,https://api.typeform.com/responses/files/51ed3c3322b2b67ddfddec2874f5cd0cc75be3a2ed14e5cc8c87259b36110942/DevIBrain_Decks.pdf,,,SMEs Traction,BG,Lombardy,,Fabio Zanchi,http://www.linkedin.com/in/fabio-zanchi-470a53282,10,,,https://www.devibrain.com,24128
Oversonic Robotics,,"VIA
  RIVABELLA 7",BESANA IN BRIANZA,C6 - Hardware & Robotics,,oversonicrobotics,,"Oversonic is a pioneer in Italy, having engineered, certified, and launched a cognitive humanoid robot. This achievement is a result of their proprietary artificial intelligence platform and robust automation capabilities. Their robots, powered by proprietary neural networks, can interact autonomously with their surroundings. As a Benefit Corporation, the company is committed to using artificial intelligence responsibly, with a focus on welfare purposes.",No,,"Emanuele Pisano,Paolo Denti,Francesco Carlo Denti",2020,Between 15M and 30M,,"Generative AI, Hardware & Robotics","October 23, 2024 10:21 PM",,http://www.linkedin.com/company/oversonic-robotics-group,https://api.typeform.com/responses/files/681e72e49560a13259164d958b8fc0cc5073f919a0b707525d81f6b2ba16799a/Logo_Oversonic.png,DB%20Companies/ONE_PAGER_-_Oversonic_Robotics.docx.pdf,11470500965,"Emanuele Pisano (https://www.notion.so/Emanuele-Pisano-48a7cc7018f142b8b41b6023705a4000?pvs=21), Paolo Denti (https://www.notion.so/Paolo-Denti-541193071ffc4c388de27019b38192a0?pvs=21), Francesco Carlo Denti (https://www.notion.so/Francesco-Carlo-Denti-16d4cdbcc05e4247980afcf9c79b3b3c?pvs=21)",Milano,2-SF,https://www.notion.soundefined,,,SMEs Traction,MB,Lombardy,,"Emanuele Pisano,Paolo Denti,Francesco Carlo Denti","http://www.linkedin.com/in/emanuele-pisano-00b5981b7,http://www.linkedin.com/in/paolo-denti",,,,https://oversonicrobotics.com,20842
INTA,,VIA AUGUSTO RIGHI 20,PISA,C6 - Hardware & Robotics,,inta,,"INTA is a medtech company specializing in the development of portable biosensing systems for quick biological detection, with a primary focus on diagnosing Traumatic Brain Injuries. The aim is to reduce the need for unnecessary CT scans. The company's product, designed for healthcare providers and emergency units, stands out for its portability, speed, and cost-effectiveness. INTA's revenue is generated through the sales of its reusable readers and disposable cartridges. The company is currently witnessing increased adoption of its product in emergency care settings.",No,,,2020,Between 1M and 5M,,"Biomedical, Hardware & Robotics","October 23, 2024 10:01 PM",,http://www.linkedin.com/company/intasystems,https://www.notion.soundefined,,02369350505,,,2-No SF,https://api.typeform.com/responses/files/19aaf086f62411c463ccdcf1f5035fa1ab9766c0862113eab46eda0fc3ed59c7/INTA_Deck_2024.pdf,,,SMEs Traction,PI,Tuscany,,,,,,,intasystems.net/en,56121
Ganiga Innovation,,VIA VALDINIEVOLE NORD 66,BIENTINA,C5 - Generative AI,,ganigainnovation,,"Ganiga's Hoooly, an AI-based smart bin and software solution, revolutionizes waste management by enhancing efficiency, speed, and sustainability for B2B/B2B2C markets.",No,,Nicolas Lorenzo Zeoli,2021,Between 1M and 5M,,Generative AI,"October 21, 2025 9:44 PM",,,,DB%20Companies/Ganiga_One_Pager.pdf,02420420503,Nicolas Lorenzo Zeoli (https://www.notion.so/Nicolas-Lorenzo-Zeoli-26d4c550fe8a409189a291110383b803?pvs=21),,2-SF,,,,Startup Bootcamp,PI,Tuscany,,Nicolas Lorenzo Zeoli,http://linkedin.com/in/nicolas-lorenzo-zeoli-ganiga,13,,"€1,500,000.00",https://ganiga.ai/,56031
Prometeo,,VIALE TOSELLI N 94 INT 5,SIENA,C5 - Generative AI,,prometeo,,Prometeo empowers clients to become Data Driven Companies with technology solutions.,No,,"Giulio Ancilli,Aurora Burroni",1994,Between 0 and 500k,,Generative AI,"October 23, 2024 10:23 PM",,,,DB%20Companies/One_Pager_Prometeo.pdf,00857440523,"Giulio Ancilli (https://www.notion.so/Giulio-Ancilli-d57d7e480046479d9d319f4e3b86b403?pvs=21), Aurora Burroni (https://www.notion.so/Aurora-Burroni-31ec17b5bbd3404eb00db6ed98bf0158?pvs=21)",,2-SF,,,,SMEs Traction,SI,Tuscany,,"Giulio Ancilli,Aurora Burroni",https://www.linkedin.com/in/aurora-burroni-857980223/,,,,https://www.prometeonet.it/en/,53100
Purilian,,VIA DEI DELLA ROBBIA 46,FIRENZE,C5 - Generative AI,,purilian,,"Purilian s.r.l. focuses on AI-driven solutions for music, offering dynamic and personalized playback without predefined playlists.",No,,,2021,,,Generative AI,"October 23, 2024 10:23 PM",,,,,07089720481,,,1,,,,Startup Acceleration,FI,Tuscany,,,,,,,purilian.com/en,50132
Volumio,,BORGO DEGLI ALBIZI 15,FIRENZE,C5 - Generative AI,,volumio,,Volumio unifies audio content in one platform using Generative AI to enhance and aggregate the music listening experience.,No,,"Michelangelo Guarise,Francesco Musi",2020,Bootstrapped,,Generative AI,"October 23, 2024 10:33 PM",,,,DB%20Companies/Volumio_One_Pager.pdf,07009020483,"Michelangelo Guarise (https://www.notion.so/Michelangelo-Guarise-e44a94e493034f10ac30fea5aac7aa62?pvs=21), Francesco Musi (https://www.notion.so/Francesco-Musi-720d7095327f4e71bfbf8307e97b6f39?pvs=21)",,2-SF,,,,Startup Acceleration,FI,Tuscany,,"Michelangelo Guarise,Francesco Musi",,,,,https://volumio.com/,50122
DRB,,VIA E TOTI 29,MONZA,C4 - Climate / Green Energy / Food Tech,,drb,,"DRB is a technology firm specializing in the development of user-friendly and cost-effective solutions for automatic drone asset inspections and innovative air mobility. The company's unique approach combines a patented localization solution with proprietary AI software, aiming to simplify and reduce the costs of asset maintenance while enabling safe, innovative mobility services. DRB generates revenue through renting their inspection solution and licensing. Their client base includes some of the most prominent energy companies.",No,,"Giuseppe Mena,Diego Piazza",2016,Between 0 and 500k,,"Hardware & Robotics, Space Economy","October 23, 2024 9:45 PM",,http://www.linkedin.com/company/drb-automatic-drone-technologies,DB%20Companies/DRB.png,DB%20Companies/ONE_PAGER_DRB.pdf,09729170960,"Giuseppe Mena (https://www.notion.so/Giuseppe-Mena-b4d001903a624d2f9f7e0ffa2e0e6944?pvs=21), Diego Piazza (https://www.notion.so/Diego-Piazza-0ff558c6632f43f587c6043999b141d6?pvs=21)",Milano,2-SF,https://api.typeform.com/responses/files/eac7c4a81c075750e2fcc3df792e276a0c91d4f536ba649cece37e26b85018d9/Investor_pitch_mobility.pdf,,,SMEs Traction,MB,Lombardy,,"Giuseppe Mena,Diego Piazza",,,,,http://drb.aero,20900
Adaptronics,,VIA FILIPPO TURATI 40,MILANO,C6 - Hardware & Robotics,,adaptronics,,"Adaptronics is a company that specializes in the production of smart electroadhesive fingertips, designed to enhance the grasping capabilities of robots and automatic machines both on Earth and in Space. The company's products are aimed at improving versatility, effectiveness, and efficiency in industrial automation and Space operations. Adaptronics is currently engaged in five ongoing PoCs valued at over 300k€ with packing machine producers and has received more than 10 LOIs from potential industrial and Space customers. The company recently secured a pre-seed funding round of 685k€ and has grown to a team of 10.",No,,"Lorenzo Agostini,Nicolò Berdozzi,Lorenzo Agostini",2022,Between 500k and 1M,,"Hardware & Robotics, Space Economy","February 20, 2026 8:34 PM",,http://www.linkedin.com/company/adaptronics,https://api.typeform.com/responses/files/14902b823b3e35507c64066d7ad5cf01aa2f32ea031afc522422fbbe454e4fdf/Adaptronics_Logo_Blu_RGB.png,DB%20Companies/ONE_PAGER_-_Adaptronics.docx.pdf,12394070960,"Lorenzo Agostini (https://www.notion.so/Lorenzo-Agostini-8d4f5de5c7144dc7bf0c1758d01165be?pvs=21), Nicolò Berdozzi (https://www.notion.so/Nicol-Berdozzi-b234ea8b3f9e4e0ebd9e4ba82bd83b87?pvs=21), Lorenzo Agostini (https://www.notion.so/Lorenzo-Agostini-eda7ec0ee9ae45e3be00040f26767ee3?pvs=21)",Bologna,2-SF,https://api.typeform.com/responses/files/804a42529aecf1b59576528a5827611ca4f89f75d8fc6abc4d4382a7bf24ae40/AdapTronics___pitch_deck_v2_medQ.pdf,,,SMEs Traction,MI,Emilia-Romagna,,"Lorenzo Agostini,Nicolò Berdozzi,Lorenzo Agostini","http://www.linkedin.com/in/lorenzo-agostini,http://www.linkedin.com/in/nicol%c3%b2-berdozzi-45b728209",,,,https://adaptronics.it,20121
Involve Space,,"VIA
  BRUSA 69",CANZO,C4 - Climate / Green Energy / Food Tech,,involvespace,,"Involve Space is a startup that has created an innovative stratospheric platform, which allows a broad range of activities, ranging from testing to earth observation and telecommunications. Furthermore, the company has a proprietary AI software to make its platform flight and control autonomous.",No,,Claudio Piazzai,2021,Between 1M and 5M,,Space Economy,"October 23, 2024 10:01 PM",,,DB%20Companies/Involve_Space.png,DB%20Companies/ONE_PAGER_-_InvolveSpace.pdf,03955390137,Claudio Piazzai (https://www.notion.so/Claudio-Piazzai-6b0bb6ac22314f4bb94e65a9feacda1c?pvs=21),,2-SF,,,,SMEs Traction,CO,Lombardy,,Claudio Piazzai,,,,,https://www.involvespace.it/,22035
Western CO,,VIA PASUBIO N 1-3,SAN BENEDETTO DEL TRONTO,C6 - Hardware & Robotics,,westernco,,"Western CO is a leading company in the off-grid PV sector, known for its reliability and expertise. The company's success is attributed to its continuous investment in Research and Development, the professionalism of its staff, and the business acumen gained over many years. Western CO's mission is to innovate and research systems for the utilization of renewable sources, with a focus on promoting widespread self-production. Their products are a testament to their commitment to sustainable energy solutions.",No,,,1984,Between 1M and 5M,,"Green Energy, Hardware & Robotics","October 23, 2024 10:33 PM",,http://www.linkedin.com/company/western-co-srl,https://www.notion.soundefined,,01192450441,,,1,https://www.notion.soundefined,,,SMEs Traction,AP,The Marches,,,,,,,https://www.western.it/en/,63074
Osense,,VIA SAN PIETRO 56,MOLFETTA,C3 - Startup Bootcamp,,osense,,"Osense is a software solution to help businesses measure and optimize their carbon footprint, enabling them to reduce emissions and operate more efficiently with the power of AI to advance sustainability in complex ecosystems",No,,"Giuseppe de Candia,Cosimo Cecchini",2021,Between 0 and 500k,,CleanTech,"October 23, 2024 10:20 PM",,,,DB%20Companies/Osense_One_Pager.pdf,08540570721,"Giuseppe de Candia (https://www.notion.so/Giuseppe-de-Candia-4c55eae16c454120b79fa090ef313fcb?pvs=21), Cosimo Cecchini (https://www.notion.so/Cosimo-Cecchini-c58aa8b6ea574873a7d0d0172c369de9?pvs=21)",Bari,2-SF,,,,SMEs Traction,BA,Apulia,,"Giuseppe de Candia,Cosimo Cecchini","https://www.linkedin.com/in/giuseppe-de-candia-325b37174/,https://www.linkedin.com/in/cosimocecchini/",,,,http://www.osense.ai/,70056
Home Food,,VIA SAN VITALE 40/5D,BOLOGNA,C3 - Startup Bootcamp,,homefood,,"Cesarine is an innovative platform for the online sale of food experiences (cooking class, dining..) of traditional Italian, regional and local cuisine, organized and prepared in their own homes by a select network of local home cooks. We promote local economy, responsible travel, italian culture.",No,,,2014,,,FoodTech,"October 23, 2024 10:00 PM",,,,,03416251209,,,1,,,,SMEs Traction,BO,Emilia-Romagna,,,,,,,https://cesarine.com,40125
Proteso,,VIA GIACOMO LEOPARDI 7,MILANO,C6 - Hardware & Robotics,,proteso,,"Proteso is a deep-tech startup that designs powered exoskeletons for industrial workers in logistics, manufacturing, and airports. The company's primary goal is to prevent low-back pain and injuries among workers. Their exoskeletons are not only comfortable but also preferred by users, and are complemented by data analytics services that provide insights into worker well-being and operations. Proteso's revenue model is based on the sales of exoskeletons and data subscriptions. The company is currently in the pilot stage with early customers and is preparing for an industrial launch.",No,,"Mauro Odorico,Stefano Toxiri",2022,Between 0 and 500k,,Hardware & Robotics,"November 12, 2024 8:51 PM",,http://www.linkedin.com/company/proteso,https://api.typeform.com/responses/files/a396be18f8c3a74f0b4e3104788a83fea6cb99271fbb2fb6224b6eceb65b06cd/positivo_colore_tight.png,DB%20Companies/ONE_PAGER_-_Proteso.docx.pdf,12277470964,"Mauro Odorico (https://www.notion.so/Mauro-Odorico-fddcbfbabe404853b67fb23fe30770df?pvs=21), Stefano Toxiri (https://www.notion.so/Stefano-Toxiri-a79a653e81474bd490f61110efe78d21?pvs=21)","Milan,Cagliari",2-SF,https://api.typeform.com/responses/files/952f3cbc6d4357d7071cc51b06b12d8b22815a158f6aa3997416a044b764f610/Proteso_pitch_1.2.pdf,,,SMEs Traction,MI,Lombardy,,"Mauro Odorico,Stefano Toxiri","http://www.linkedin.com/in/mauro-odorico-6901542,http://www.linkedin.com/in/stefanotoxiri",4,,"€200,000.00",https://www.proteso.it,20123
Altilia,,VIA ALESSANDRO VOLTA 41,RENDE,C5 - Generative AI,,altilia,,"Altilia Intelligent Automation™ (AIA) platform transforms enterprises with AI-driven document processing, text analysis, and knowledge management, scaling to meet demanding workloads.",No,,Antonio Colasante,2010,Between 1M and 5M,,Generative AI,"November 12, 2024 9:01 PM",,,,DB%20Companies/One_Pager_Altilia.pdf,10780921002,Antonio Colasante (https://www.notion.so/Antonio-Colasante-5ca5f769ae6c4648a0fa519f7b8d9b6c?pvs=21),,2-SF,,,,SMEs Traction,CS,Calabria,,Antonio Colasante,,55,,"€3,000,000.00",https://altilia.ai,87036
Nano-Tech,,VIA CARFRATELLI 17,ASCOLI PICENO,C4 - Climate / Green Energy / Food Tech,,nano-tech,,"Nano-Tech deals with nano-technologies and produces innovative composite materials for the aerospace. Thanks to a patented technology and the know-how in the homogeneous and effective dispersion of nano particles, Nano-Tech has developed unique products, more robust, lighter and more heat resistant",No,,"Giuseppe Galimberti,Eros Cecconi",2016,Between 5M and 15M,,Space Economy,"October 25, 2024 7:13 PM",,,DB%20Companies/Nano-Tech.png,DB%20Companies/Nano-Tech_-_One_Pager.pdf,02099930444,"Giuseppe Galimberti (https://www.notion.so/Giuseppe-Galimberti-73ad189bf5184fb1923d106d67b2a5fb?pvs=21), Eros Cecconi (https://www.notion.so/Eros-Cecconi-c1f9c533e7b344fc908ac9981e2435d9?pvs=21)","Milano,Sirolo (AN)",2-SF,,,,SMEs Traction,AP,The Marches,,"Giuseppe Galimberti,Eros Cecconi",https://www.linkedin.com/in/giuseppe-galimberti-8129296/,15,,"€5,100,000.00",https://www.italnanotech.com/,63100
Aptus.AI,,VIA DELL'ARGINE 1,PISA,C1 - AI / Metaverse / Culture & Creativity,,aptus.ai,,An AI-powered SaaS that optimizes regulatory change and compliance operations by automating collection and analysis of regulatory updates.,No,,,2018,Between 1M and 5M,,Generative AI,"October 23, 2024 9:16 PM",,,,DB%20Companies/Aptus.AI_One_Pager.pdf,02288220508,,,1,,,,Startup Acceleration,PI,Tuscany,,,,,,,https://www.aptus.ai/,56122
Domethics,,VIA PIETRO MICCA 20,TORINO,C3 - Startup Bootcamp,,domethics,,"Domethics offering solutions to reduce waste and CO2 emissions. The main product, Adriano, transforms old smartphones into smart home gateways, minimizing environmental impact and supporting the fight against climate change, providing features for energy control, resulting in over 30% savings.",No,,,2014,,,Green Energy,"October 23, 2024 9:43 PM",,,,,11219800015,,,1,,,,Startup Acceleration,TO,Piedmont,,,,,,,www.domethics.com,10122
ecosostenibile.eu,,"PIAZZA DI S MARIA LIBERATRICE
  47",ROMA,C3 - Startup Bootcamp,,ecosostenibile.eu,,"ecosostenibile.eu Benefit Company, is the innovative ESGtech startup that accelerates the transition towards a low-carbon & high-circular economy realizing eCO2: the only platform in SaaS modality that allows companies to achieve ESG objectives, measuring sustainability, fulfilling compliance",No,,Daniele Roscino,2022,,,CleanTech,"October 23, 2024 9:46 PM",,,,DB%20Companies/ecosostenibile_One_Pager.pdf,16488411006,Daniele Roscino (https://www.notion.so/Daniele-Roscino-c989519e98fe490ca89f19f71bdc4e9d?pvs=21),Roma,2-No SF,,,,Startup Acceleration,RM,Latium,,Daniele Roscino,,,,,https://www.e-co2.website/,00153
Federmanager Academy Delegation,,,,FEDERMANAGER,,federmanageracademydelegation,,,No,,"Matteo Murgia,Anna Claudia Tiberi,Elena Piani,Claudia Trazza,Claudio Bocchetti,Luigi Severini,Claudio Cocchi,Andrea Davitti,Anna Maria Benzoni,Lucio Dassie’,Simone Anichini,Giordana Rodriguez,Marco Bertolina,Beatrice Olivari,Valeria Grillo,Cecilia Chizzali,Ciro Ascione,Francesco Novaretti,Leonardo Taurino,Marco Valerio Fosso,Massimo Casadio,Fausto Parodi,Beatrice Rinaldi,Gianluca Zappa,Ennio Cesa,Mauro Periccioli,Maurizio Bottari,Claudia Perin,Lucia Ferrari,Fabrizio Chiriatti,Valeria Baiotto,Matteo Passera,Giampiero Ricciardi,Alberto Paganini,Simona Guerinoni,Alessandra Bertulli,Michelangelo Polizzi,Giuseppe Dominici,Giovanni Pergola,Federico Mioni,Ilaria Agostinelli,Umberto Pizzigallo,Guglielmo Calabrese,Tiziana De Marino,Andrea Lanzarini,Davide Ippolito,Francesco Ferraro,Massimo Colorio,Leonardo Agueli,Francesco Airenti,Marco Fregatti,Roberto Rocchegiani,Giuseppe Vadala,Elena Palozzo,Francesco Reda,Alberto Frattini,Francesco Ferraro,Giuseppe Vadala,Maurizio Bottari,Tiziana De Marino,Simona Guerinoni,Claudia Trazza,Giampiero Ricciardi,Giuseppe Dominici,Francesco Airenti,Fabrizio Chiriatti,Beatrice Rinaldi,Simone Anichini,Mauro Periccioli,Giovanni Pergola,Andrea Lanzarini,Francesco Novaretti,Anna Maria Benzoni,Massimo Casadio,Elena Palozzo,Marco Valerio Fosso,Luigi Severini,Claudia Perin,Ilaria Agostinelli,Leonardo Taurino,Matteo Murgia,Lucio Dassie’,Michelangelo Polizzi,Gianluca Zappa,Claudio Bocchetti,Fausto Parodi,Marco Fregatti,Cecilia Chizzali,Andrea Davitti,Marco Bertolina,Giordana Rodriguez,Anna Claudia Tiberi,Roberto Rocchegiani,Alberto Paganini,Valeria Baiotto,Francesco Reda,Massimo Colorio,Leonardo Agueli,Federico Mioni,Ennio Cesa,Lucia Ferrari,Elena Piani,Davide Ippolito,Valeria Grillo,Beatrice Olivari,Alessandra Bertulli,Matteo Passera,Umberto Pizzigallo,Claudio Cocchi,Guglielmo Calabrese,Ciro Ascione,Alberto Frattini",,,,,"May 16, 2025 11:39 PM",,,,,,"Matteo Murgia (https://www.notion.so/Matteo-Murgia-0cd6f3bb398741d49676b9c000f354ca?pvs=21), Anna Claudia Tiberi (https://www.notion.so/Anna-Claudia-Tiberi-3c21fb1bc6354bc1ac13ad68b3398a18?pvs=21), Elena Piani (https://www.notion.so/Elena-Piani-4b516888465a421295654c91c97089a0?pvs=21), Claudia Trazza (https://www.notion.so/Claudia-Trazza-6fad6bfc51f84cbf915b2d3234edfded?pvs=21), Claudio Bocchetti (https://www.notion.so/Claudio-Bocchetti-8bbdd1259dc94e4aa736745a9b06e4b3?pvs=21), Luigi Severini (https://www.notion.so/Luigi-Severini-9b3f6afd58c44a67862dabac208bfea3?pvs=21), Claudio Cocchi (https://www.notion.so/Claudio-Cocchi-24b2e91e707d4e95b5da36a846faa81f?pvs=21), Andrea Davitti (https://www.notion.so/Andrea-Davitti-63edec4a15a740c2a930b2312220a8b9?pvs=21), Anna Maria Benzoni (https://www.notion.so/Anna-Maria-Benzoni-75f5f65dddc54f9187eb2d9fadb22572?pvs=21), Lucio Dassie’ (https://www.notion.so/Lucio-Dassie-78eb6f57c7d842bdb7d4796baf3bdc87?pvs=21), Simone Anichini (https://www.notion.so/Simone-Anichini-81ca132efb274be1a86246bb365a1da8?pvs=21), Giordana Rodriguez (https://www.notion.so/Giordana-Rodriguez-84efec62700b480aac4fdc3bcf4c8bd1?pvs=21), Marco Bertolina (https://www.notion.so/Marco-Bertolina-180c63669ea94f8299eeb338e46fd14b?pvs=21), Beatrice Olivari (https://www.notion.so/Beatrice-Olivari-0667f10ca7f24f7bb186f7c5e4c3106b?pvs=21), Valeria Grillo (https://www.notion.so/Valeria-Grillo-899c16ceb987436690acc9aff4563772?pvs=21), Cecilia Chizzali (https://www.notion.so/Cecilia-Chizzali-906eae7d8ef44c388f8038f9a8dbe1c6?pvs=21), Ciro Ascione (https://www.notion.so/Ciro-Ascione-946d5700427747b39c58ff8a40fab927?pvs=21), Francesco Novaretti (https://www.notion.so/Francesco-Novaretti-02833f28e2d04f6f894ebdcd0f7f62ea?pvs=21), Leonardo Taurino (https://www.notion.so/Leonardo-Taurino-4120d7fa99d24cbe8039655d96503198?pvs=21), Marco Valerio Fosso (https://www.notion.so/Marco-Valerio-Fosso-5542e02d7a894215bfd4d7e2874f5b0b?pvs=21), Massimo Casadio (https://www.notion.so/Massimo-Casadio-8894cb28f1ed4b908ec56158a0dcd6ad?pvs=21), Fausto Parodi (https://www.notion.so/Fausto-Parodi-448950d5629d4ede87abed90028f0ae8?pvs=21), Beatrice Rinaldi (https://www.notion.so/Beatrice-Rinaldi-631618bc79d44b20a2a1fc7e8e4395d3?pvs=21), Gianluca Zappa (https://www.notion.so/Gianluca-Zappa-5738655a2e124983bf1ce0d004d8e6bf?pvs=21), Ennio Cesa (https://www.notion.so/Ennio-Cesa-11827923018441a08611ff6774ca96d3?pvs=21), Mauro Periccioli (https://www.notion.so/Mauro-Periccioli-142585078b6e40f3883ea59cdb2da01d?pvs=21), Maurizio Bottari (https://www.notion.so/Maurizio-Bottari-2779239486104c57936f8142ff87763a?pvs=21), Claudia Perin (https://www.notion.so/Claudia-Perin-67450823a10e441bb5131db34bcb98e0?pvs=21), Lucia Ferrari (https://www.notion.so/Lucia-Ferrari-a7cf181aa7ff41d395520099b0e35d36?pvs=21), Fabrizio Chiriatti (https://www.notion.so/Fabrizio-Chiriatti-a8dd15f04ad6468e9f1226df21a549f3?pvs=21), Valeria Baiotto (https://www.notion.so/Valeria-Baiotto-a9f341124a37405eaf41ac7ea963aa83?pvs=21), Matteo Passera (https://www.notion.so/Matteo-Passera-a12c45a2526147dd95d113f3482fc30b?pvs=21), Giampiero Ricciardi (https://www.notion.so/Giampiero-Ricciardi-a22f2c3649144f0e8057fcb2c680fee0?pvs=21), Alberto Paganini (https://www.notion.so/Alberto-Paganini-a836eca2221f4828b44b80efc720c883?pvs=21), Simona Guerinoni (https://www.notion.so/Simona-Guerinoni-acdefbe08de34e5ca0d4065f638c4cb0?pvs=21), Alessandra Bertulli (https://www.notion.so/Alessandra-Bertulli-aee03950452541529ffac554dfc589a6?pvs=21), Michelangelo Polizzi (https://www.notion.so/Michelangelo-Polizzi-aff9d49b5db1441faeb997b36929b76a?pvs=21), Giuseppe Dominici (https://www.notion.so/Giuseppe-Dominici-ba59fc682fc64ce0a0b8998f68ed8e83?pvs=21), Giovanni Pergola (https://www.notion.so/Giovanni-Pergola-ccee56fa822c4ce3b3bd15d79888b48b?pvs=21), Federico Mioni (https://www.notion.so/Federico-Mioni-d9a84dbab0504f01ab7baef92ecc9198?pvs=21), Ilaria Agostinelli (https://www.notion.so/Ilaria-Agostinelli-d601972f0ed646b9b612e2aaa5ad2b44?pvs=21), Umberto Pizzigallo (https://www.notion.so/Umberto-Pizzigallo-dcbc9e9064124ccfbaba95829f4c79c5?pvs=21), Guglielmo Calabrese (https://www.notion.so/Guglielmo-Calabrese-dddcdf79f00044dd9f70dd81bf22381b?pvs=21), Tiziana De Marino (https://www.notion.so/Tiziana-De-Marino-dfbc1753440748c99f70b51e0b5b09b2?pvs=21), Andrea Lanzarini (https://www.notion.so/Andrea-Lanzarini-e5ca62600ba24f7d82aa8eba95b7e756?pvs=21), Davide Ippolito (https://www.notion.so/Davide-Ippolito-e79f90e7abb9422f826d15d6b306e8cb?pvs=21), Francesco Ferraro (https://www.notion.so/Francesco-Ferraro-e92a4b7c325b46c9909c52141fedc52c?pvs=21), Massimo Colorio (https://www.notion.so/Massimo-Colorio-e0749c8340cd43e498bdff651f2a12d9?pvs=21), Leonardo Agueli (https://www.notion.so/Leonardo-Agueli-edf4954cf8264c37bd3e554a28aec39f?pvs=21), Francesco Airenti (https://www.notion.so/Francesco-Airenti-f1b247a257d54f73bd55bca5715a8bb1?pvs=21), Marco Fregatti (https://www.notion.so/Marco-Fregatti-f6bcdee5ca694fff8cf82600e44ba43d?pvs=21), Roberto Rocchegiani (https://www.notion.so/Roberto-Rocchegiani-f8aef36931c74b0bb10097ebfc576755?pvs=21), Giuseppe Vadala (https://www.notion.so/Giuseppe-Vadala-f118afb10e3845228ed97897e2d6b930?pvs=21), Elena Palozzo (https://www.notion.so/Elena-Palozzo-fdd633b5f9be48308bff46168f6c646d?pvs=21), Francesco Reda (https://www.notion.so/Francesco-Reda-fecb19db7f7f401482314376dd45add8?pvs=21), Alberto Frattini (https://www.notion.so/Alberto-Frattini-203a38cb166b42558e6a69d11a5d92f1?pvs=21), Francesco Ferraro (https://www.notion.so/Francesco-Ferraro-0b419bbc51d74985ab5675ace9dbd2c4?pvs=21), Giuseppe Vadala (https://www.notion.so/Giuseppe-Vadala-3e0d47740efe4acab8798a91bc049f5f?pvs=21), Maurizio Bottari (https://www.notion.so/Maurizio-Bottari-6a15f969672c4f22ae9ed48a62c4181c?pvs=21), Tiziana De Marino (https://www.notion.so/Tiziana-De-Marino-6a550e0537484aa7a0e5ee64f3ac97e9?pvs=21), Simona Guerinoni (https://www.notion.so/Simona-Guerinoni-7bff8740fe844886a8aa50bb34e1dda8?pvs=21), Claudia Trazza (https://www.notion.so/Claudia-Trazza-7ccfbdef11204b9e8876043d98644a9c?pvs=21), Giampiero Ricciardi (https://www.notion.so/Giampiero-Ricciardi-25d54686d2f341f79edd5e97d1f51477?pvs=21), Giuseppe Dominici (https://www.notion.so/Giuseppe-Dominici-47f87dfbf7454a9283c867ab9902ad3b?pvs=21), Francesco Airenti (https://www.notion.so/Francesco-Airenti-65f28d7b1a60458e9fc34bf325770b92?pvs=21), Fabrizio Chiriatti (https://www.notion.so/Fabrizio-Chiriatti-69c880eff3344a6fb000952f067eb999?pvs=21), Beatrice Rinaldi (https://www.notion.so/Beatrice-Rinaldi-72eea0b8c3464146a5cb06c5eb6fe1a3?pvs=21), Simone Anichini (https://www.notion.so/Simone-Anichini-76ea807633ca487e87f469d9e2beb5de?pvs=21), Mauro Periccioli (https://www.notion.so/Mauro-Periccioli-78c6505d374b47a085cbd260f1fb8376?pvs=21), Giovanni Pergola (https://www.notion.so/Giovanni-Pergola-80f02b391eec4d48af14fef81c82f8df?pvs=21), Andrea Lanzarini (https://www.notion.so/Andrea-Lanzarini-93e25435472045699ace08ec5799188c?pvs=21), Francesco Novaretti (https://www.notion.so/Francesco-Novaretti-098a6edced684000835b065071ee9c66?pvs=21), Anna Maria Benzoni (https://www.notion.so/Anna-Maria-Benzoni-0148e0131ec74d8298aa555d23e56dbe?pvs=21), Massimo Casadio (https://www.notion.so/Massimo-Casadio-392fffd705ec40bbbbe07af41aceff72?pvs=21), Elena Palozzo (https://www.notion.so/Elena-Palozzo-810c04f190bc46629a56776280a2b21a?pvs=21), Marco Valerio Fosso (https://www.notion.so/Marco-Valerio-Fosso-901ac658c3c745a783ef7c3ef2d507a0?pvs=21), Luigi Severini (https://www.notion.so/Luigi-Severini-5798c10d656d453b97a334ec4dc83183?pvs=21), Claudia Perin (https://www.notion.so/Claudia-Perin-6297f73203394709b8c5e635bd124a28?pvs=21), Ilaria Agostinelli (https://www.notion.so/Ilaria-Agostinelli-15389daba63943f3b6af323bd58c77dd?pvs=21), Leonardo Taurino (https://www.notion.so/Leonardo-Taurino-57309bcf84294cd8a790069d22b4aee8?pvs=21), Matteo Murgia (https://www.notion.so/Matteo-Murgia-646333fc4ff44f11b58d39af8eb49336?pvs=21), Lucio Dassie’ (https://www.notion.so/Lucio-Dassie-748749a273f04eb3b66dcb3edcf2f4d7?pvs=21), Michelangelo Polizzi (https://www.notion.so/Michelangelo-Polizzi-6771601ebc024a1486f61367d6c9637b?pvs=21), Gianluca Zappa (https://www.notion.so/Gianluca-Zappa-35762197b4fc4c04b7e5815fc4ac9bd0?pvs=21), Claudio Bocchetti (https://www.notion.so/Claudio-Bocchetti-48503693dd16446d94f72740f80a7769?pvs=21), Fausto Parodi (https://www.notion.so/Fausto-Parodi-a6af7882a89e4c8b9059f76749175ee5?pvs=21), Marco Fregatti (https://www.notion.so/Marco-Fregatti-a6ebcbc95c2b486388522f3fee8ae75e?pvs=21), Cecilia Chizzali (https://www.notion.so/Cecilia-Chizzali-a25e269b729f4285b8d8ae4b1e56dccc?pvs=21), Andrea Davitti (https://www.notion.so/Andrea-Davitti-a80131d126e844f7ba82c7a16bb4d5a2?pvs=21), Marco Bertolina (https://www.notion.so/Marco-Bertolina-b73ff27e822c44efa8a5505de742806d?pvs=21), Giordana Rodriguez (https://www.notion.so/Giordana-Rodriguez-b2750b94bd36419e85aee20f00e71317?pvs=21), Anna Claudia Tiberi (https://www.notion.so/Anna-Claudia-Tiberi-b5052135db634f53803f00ec91ed3ca4?pvs=21), Roberto Rocchegiani (https://www.notion.so/Roberto-Rocchegiani-bd2203e9dc534c14bcbbaa89d84a8222?pvs=21), Alberto Paganini (https://www.notion.so/Alberto-Paganini-c0ea3814c31a441ba8b929a125c2398e?pvs=21), Valeria Baiotto (https://www.notion.so/Valeria-Baiotto-c3b028c212d74440b19de3d372fbaa38?pvs=21), Francesco Reda (https://www.notion.so/Francesco-Reda-c5c79d632ec64981aa9658a6b332e495?pvs=21), Massimo Colorio (https://www.notion.so/Massimo-Colorio-c05ead5e1ac041bca8f14199608b6f9e?pvs=21), Leonardo Agueli (https://www.notion.so/Leonardo-Agueli-c7b29380905c4ac4877e862690680fde?pvs=21), Federico Mioni (https://www.notion.so/Federico-Mioni-c4404fffbc6741baa6101bea291d1d51?pvs=21), Ennio Cesa (https://www.notion.so/Ennio-Cesa-d3f453f6f48440d880c1c413200e382c?pvs=21), Lucia Ferrari (https://www.notion.so/Lucia-Ferrari-d4f547678676400b8f248fd0bd92018d?pvs=21), Elena Piani (https://www.notion.so/Elena-Piani-d37b36eea32841a7b25d613640b8c171?pvs=21), Davide Ippolito (https://www.notion.so/Davide-Ippolito-d809e085b0ae421186d3f24677d61a11?pvs=21), Valeria Grillo (https://www.notion.so/Valeria-Grillo-dbb895bca7614087bebf7cf0804e2da2?pvs=21), Beatrice Olivari (https://www.notion.so/Beatrice-Olivari-dc3235bf549a4a808aceb520ec358bc7?pvs=21), Alessandra Bertulli (https://www.notion.so/Alessandra-Bertulli-dd2d66f669854b0780b1e18d6eb9fe04?pvs=21), Matteo Passera (https://www.notion.so/Matteo-Passera-dd55e79b4b9643c2bd13d82183ee1480?pvs=21), Umberto Pizzigallo (https://www.notion.so/Umberto-Pizzigallo-df458b998bd448d6a70158af12284389?pvs=21), Claudio Cocchi (https://www.notion.so/Claudio-Cocchi-e56b6e4f9ec4490695564c112191a93b?pvs=21), Guglielmo Calabrese (https://www.notion.so/Guglielmo-Calabrese-f6d4049cdda646048896be73bd28047f?pvs=21), Ciro Ascione (https://www.notion.so/Ciro-Ascione-f6553b731341488f95d258658df92d76?pvs=21), Alberto Frattini (https://www.notion.so/Alberto-Frattini-0231f297aa5f41aa8aca484521f21923?pvs=21)",,2-SF,,,,FEDERMANAGER ACADEMY,,Lombardy,,"Matteo Murgia,Anna Claudia Tiberi,Elena Piani,Claudia Trazza,Claudio Bocchetti,Luigi Severini,Claudio Cocchi,Andrea Davitti,Anna Maria Benzoni,Lucio Dassie’,Simone Anichini,Giordana Rodriguez,Marco Bertolina,Beatrice Olivari,Valeria Grillo,Cecilia Chizzali,Ciro Ascione,Francesco Novaretti,Leonardo Taurino,Marco Valerio Fosso,Massimo Casadio,Fausto Parodi,Beatrice Rinaldi,Gianluca Zappa,Ennio Cesa,Mauro Periccioli,Maurizio Bottari,Claudia Perin,Lucia Ferrari,Fabrizio Chiriatti,Valeria Baiotto,Matteo Passera,Giampiero Ricciardi,Alberto Paganini,Simona Guerinoni,Alessandra Bertulli,Michelangelo Polizzi,Giuseppe Dominici,Giovanni Pergola,Federico Mioni,Ilaria Agostinelli,Umberto Pizzigallo,Guglielmo Calabrese,Tiziana De Marino,Andrea Lanzarini,Davide Ippolito,Francesco Ferraro,Massimo Colorio,Leonardo Agueli,Francesco Airenti,Marco Fregatti,Roberto Rocchegiani,Giuseppe Vadala,Elena Palozzo,Francesco Reda,Alberto Frattini,Francesco Ferraro,Giuseppe Vadala,Maurizio Bottari,Tiziana De Marino,Simona Guerinoni,Claudia Trazza,Giampiero Ricciardi,Giuseppe Dominici,Francesco Airenti,Fabrizio Chiriatti,Beatrice Rinaldi,Simone Anichini,Mauro Periccioli,Giovanni Pergola,Andrea Lanzarini,Francesco Novaretti,Anna Maria Benzoni,Massimo Casadio,Elena Palozzo,Marco Valerio Fosso,Luigi Severini,Claudia Perin,Ilaria Agostinelli,Leonardo Taurino,Matteo Murgia,Lucio Dassie’,Michelangelo Polizzi,Gianluca Zappa,Claudio Bocchetti,Fausto Parodi,Marco Fregatti,Cecilia Chizzali,Andrea Davitti,Marco Bertolina,Giordana Rodriguez,Anna Claudia Tiberi,Roberto Rocchegiani,Alberto Paganini,Valeria Baiotto,Francesco Reda,Massimo Colorio,Leonardo Agueli,Federico Mioni,Ennio Cesa,Lucia Ferrari,Elena Piani,Davide Ippolito,Valeria Grillo,Beatrice Olivari,Alessandra Bertulli,Matteo Passera,Umberto Pizzigallo,Claudio Cocchi,Guglielmo Calabrese,Ciro Ascione,Alberto Frattini","linkedin.com/in/matteomurgia,linkedin.com/in/annatiberi,linkedin.com/in/elenapiani,https://www.linkedin.com/in/claudiatrazza, www.linkedin.com/in/claudiobocchetti,https://www.linkedin.com/in/luigiseverini/,linkedin.com/in/claudiococchiprofilo,https://www.linkedin.com/in/andrea-davitti,https://www.linkedin.com/in/annamaria-benzoni-9582a7?utm_source=share&utm_campaign=share_via&utm_content=profile&utm_medium=ios_app,www.linkedin.com/in/lucio-dassiè-0a1275b,linkedin.com/in/simone-anichini-59923b41,www.linkedin.com/in/giordana-rodriguez-1915aa9,https://www.linkedin.com/in/marcobertolina/,www.linkedin.com/in/lanzariniandrea67416701123456789,www.linkedin.com/in/valeria-ing-grillo-831a94a6,https://www.linkedin.com/in/cecilia-chizzali?utm_source=share&utm_campaign=share_via&utm_content=profile&utm_medium=ios_app,https://www.linkedin.com/in/ciro-ascione-4a399343/,linkedin.com/in/francesco-novaretti,linkedin.com/in/leonardotaurino,www.linkedin.com/in/marcovaleriofosso,https://www.linkedin.com/in/massimocasadio/,linkedin.com/in/faustoparodi,https://www.linkedin.com/in/beatrice-rinaldi/?originalSubdomain=it,https://www.linkedin.com/in/gianlucazappa?utm_source=share&utm_campaign=share_via&utm_content=profile&utm_medium=android_app,https://www.linkedin.com/in/ennio-cesa/,https://www.linkedin.com/in/periccioli/,linkedin.com/in/mauriziobottari,linkedin.com/in/claudiaperin,https://www.linkedin.com/in/lucia-ferrari-1401fi/,www.linkedin.com/in/fabrizio-chiriatti-621085139,https://www.linkedin.com/in/valeria-baiotto/,https://www.linkedin.com/in/matteopassera/,www.linkedin.com/in/gianpiero-ricciardi-9ab01a89,linkedin.com/in/albertopaganini1968,https://www.linkedin.com/in/simonaguerinoni/,linkedin.com/in/alessandra-bertulli-a9083726,https://www.linkedin.com/in/michelangelopolizzi,https://www.linkedin.com/in/giuseppe-dominici-2549665/,https://www.linkedin.com/in/giovanni-pergola-infosfera/,https://www.linkedin.com/in/federico-mioni-a03b3a40/,https://www.linkedin.com/in/ilaria-agostinelli/?locale=en_US,https://www.linkedin.com/in/pizzigalloumberto/,www.linkedin.com/in/guglielmo-calabrese-3104471,www.linkedin.com/in/tiziana-de-marino ,www.linkedin.com/in/lanzariniandrea67416701123456789,https://www.linkedin.com/in/davide-ippolito-reputation/?trk=public_post_follow-articles,https://www.linkedin.com/in/francesco-ferraro-122a0510/,https://www.linkedin.com/in/massimo-colorio/,linkedin.com/in/leonardo-agueli-584b422,linkedin.com/in/francescoairenti,www.linkedin.com/in/marcofregatti,linkedin.com/in/roberto-rocchegiani-6a4978a,https://www.linkedin.com/in/giuseppe-vadala-bb1370103?lipi=urn%3Ali%3Apage%3Ad_flagship3_profile_view_base_contact_details%3BUY3%2F26JVQL%2BPMyikbwiJQw%3D%3D,https://www.linkedin.com/in/elena-palozzo/,www.linkedin.com/in/francescoreda,https://www.linkedin.com/in/alberto-frattini/,https://www.linkedin.com/in/francesco-ferraro-122a0510/,https://www.linkedin.com/in/giuseppe-vadala-bb1370103?lipi=urn%3Ali%3Apage%3Ad_flagship3_profile_view_base_contact_details%3BUY3%2F26JVQL%2BPMyikbwiJQw%3D%3D,linkedin.com/in/mauriziobottari,www.linkedin.com/in/tiziana-de-marino ,https://www.linkedin.com/in/simonaguerinoni/,https://www.linkedin.com/in/claudiatrazza,www.linkedin.com/in/gianpiero-ricciardi-9ab01a89,https://www.linkedin.com/in/giuseppe-dominici-2549665/,linkedin.com/in/francescoairenti,www.linkedin.com/in/fabrizio-chiriatti-621085139,https://www.linkedin.com/in/beatrice-rinaldi/?originalSubdomain=it,linkedin.com/in/simone-anichini-59923b41,https://www.linkedin.com/in/periccioli/,https://www.linkedin.com/in/giovanni-pergola-infosfera/,www.linkedin.com/in/lanzariniandrea67416701123456789,linkedin.com/in/francesco-novaretti,https://www.linkedin.com/in/annamaria-benzoni-9582a7?utm_source=share&utm_campaign=share_via&utm_content=profile&utm_medium=ios_app,https://www.linkedin.com/in/massimocasadio/,https://www.linkedin.com/in/elena-palozzo/,www.linkedin.com/in/marcovaleriofosso,https://www.linkedin.com/in/luigiseverini/,linkedin.com/in/claudiaperin,https://www.linkedin.com/in/ilaria-agostinelli/?locale=en_US,linkedin.com/in/leonardotaurino,linkedin.com/in/matteomurgia,www.linkedin.com/in/lucio-dassiè-0a1275b,https://www.linkedin.com/in/michelangelopolizzi,https://www.linkedin.com/in/gianlucazappa?utm_source=share&utm_campaign=share_via&utm_content=profile&utm_medium=android_app, www.linkedin.com/in/claudiobocchetti,linkedin.com/in/faustoparodi,www.linkedin.com/in/marcofregatti,https://www.linkedin.com/in/cecilia-chizzali?utm_source=share&utm_campaign=share_via&utm_content=profile&utm_medium=ios_app,https://www.linkedin.com/in/andrea-davitti,https://www.linkedin.com/in/marcobertolina/,www.linkedin.com/in/giordana-rodriguez-1915aa9,linkedin.com/in/annatiberi,linkedin.com/in/roberto-rocchegiani-6a4978a,linkedin.com/in/albertopaganini1968,https://www.linkedin.com/in/valeria-baiotto/,www.linkedin.com/in/francescoreda,https://www.linkedin.com/in/massimo-colorio/,linkedin.com/in/leonardo-agueli-584b422,https://www.linkedin.com/in/federico-mioni-a03b3a40/,https://www.linkedin.com/in/ennio-cesa/,https://www.linkedin.com/in/lucia-ferrari-1401fi/,linkedin.com/in/elenapiani,https://www.linkedin.com/in/davide-ippolito-reputation/?trk=public_post_follow-articles,www.linkedin.com/in/valeria-ing-grillo-831a94a6,www.linkedin.com/in/lanzariniandrea67416701123456789,linkedin.com/in/alessandra-bertulli-a9083726,https://www.linkedin.com/in/matteopassera/,https://www.linkedin.com/in/pizzigalloumberto/,linkedin.com/in/claudiococchiprofilo,www.linkedin.com/in/guglielmo-calabrese-3104471,https://www.linkedin.com/in/ciro-ascione-4a399343/,https://www.linkedin.com/in/alberto-frattini/",,,,,
Diamante,,VIALE DEL LAVORO 33,VERONA,C7 - 	 Life Sciences & Digital Health,,diamante,,"Diamante SB srl, pioneers in autoimmune therapy with its novel Antigen-Specific Immunotherapy for Rheumatoid Arthritis, utilizing eco-friendly Plant-based production technology. This unique approach targets self-reactive immune cells, offering the potential to alter disease progression while preserving overall immune function, without side effects. Our model anticipates significant revenues through licensing, with an upfront payment of €15 million expected in 2026.",No,,Valentina Garonzi,2016,Between 1M and 5M,,"Life Sciences, Therapeutics","October 23, 2024 10:37 PM",,,,DB%20Companies/Diamante_One_Pager.pdf,04418400232,Valentina Garonzi (https://www.notion.so/Valentina-Garonzi-43210517ed5e44268d0b5b2672fb1750?pvs=21),,2-SF,,,,Startup Acceleration,VR,Veneto,,Valentina Garonzi,"
https://www.linkedin.com/in/valentinagaronzi/?originalSubdomain=it
",,,,https://www.diamante.tech,37134
enGenome,,VIA FERRATA 5,PAVIA,C7 - 	 Life Sciences & Digital Health,,engenome,,"enGenome serves molecular labs that perform genome sequencing for diagnostics. Our SaaS eVai represents a breakthrough technology for the interpretation of human genomic variations that a) has been ranked as a best-in-class tool for the diagnosis of single-gene diseases, b) can interpret variant combinations thus enabling the diagnosis of multi-gene diseases, c) is integrated with our GenAI technology to retrieve and summarize the scientific literature associated with genomic variants.",No,,"
Ettore Rizzo",2016,Between 1M and 5M,,"Life Sciences, Platform Bio","October 23, 2024 10:37 PM",,,,DB%20Companies/enGenome_One_Pager.pdf,02618680181,"
Ettore Rizzo (https://www.notion.so/Ettore-Rizzo-054675ced0344a408ea6c5500dc1109b?pvs=21)",,2-SF,,,,SMEs Traction,PV,Lombardy,,"
Ettore Rizzo","
https://www.linkedin.com/in/ettore-rizzo-phd-mba-562b1727/?originalSubdomain=it
",,,,https://www.engenome.com,27100
Datatellers,,VIA DELLA MENDOLA 21,BOLZANO,C7 - 	 Life Sciences & Digital Health,,datatellers,,"Datatellers is a consulting company specialized in Ai that helps organizations through the complex process of digital transformation. We operate primarily in biotech, Agritech and fintech fields and we are funding our own research program for AI applications in those industries. We have developed an dataplatform specialized for the integration and process automation of data coming from biotech labs.",No,,,2014,<1M (undisclosed),,Life Sciences,"October 23, 2024 9:41 PM",,,,,02847840218,,,1,,,,SMEs Traction,BZ,Trentino-South Tyrol,,,,,,,https://datatellers.info,39100
NIB biotec,,VIA GIOACCHINO QUARELLO 15/A,TORINO,C7 - 	 Life Sciences & Digital Health,,nibbiotec,,"NIB biotec is a SME that develops in vitro diagnostic devices for prostate cancer. We aim to solve the lack of accurate diagnostic tests for all men between 40-80 years of age. We offer optimized point-of-care urine tests distinguished by high specificity, portability, low cost, real-time results. Our revenue comes from direct selling of the product to the costumers (private clinics, urologists...). Currently, we have launched two prospective studies in the Piedmont region (Italy).",No,,,2017,Between 1M and 5M,,Life Sciences,"October 23, 2024 10:18 PM",,,,,11815350019,,,1,,,,SMEs Traction,TO,Piedmont,,,,,,,https://www.nibbiotec.com/,10135
Profiter,,CORSO VITTORIO EMANUELE II 143,BARI,C7 - 	 Life Sciences & Digital Health,,profiter,,"Profiter is an AI-powered startup optimizing stock management for the pharmaceutical sector. We prevent stockouts in hospitals and pharmacies, ensuring efficient inventory levels. Our AI-driven platform offers precise demand forecasting, serving healthcare providers with a unique, accuracy-focused solution. We operate on a subscription-based revenue model. wholesalers and a couple of pharmaceutical companies.",No,,,2021,Between 500k and 1M,,Life Sciences,"October 23, 2024 10:23 PM",,,,,08575730729,,,1,,,,Startup Acceleration,BA,Apulia,,,,,,,https://profiter.ai/eng/,70122
RIC3D,,VIA CARLO CRIVELLI 15/1,MILANO,C7 - 	 Life Sciences & Digital Health,,ric3d,,"RIC3D S.r.l. is an innovative startup established with the mission of strengthening the healthcare sector's confidence in new technologies, thereby accelerating research and development. Founded in 2018 through the initiative of Ms. Clara Bernasco, the company aims to help provide more and better care for patients in need through the production and commercialization of innovative products or services with high technological value.",No,,,2018,Between 500k and 1M,,"Life Sciences, Platform Bio","October 23, 2024 10:25 PM",,,,DB%20Companies/RIC3D_One_Pager.pdf,10542170963,,,2-SF,,,,Startup Acceleration,MI,Lombardy,,,,,,,https://ric3d.it/,20122
medicud,,VIALE BRUNO BUOZZI 47,ROMA,C7 - 	 Life Sciences & Digital Health,,medicud,,"Medicud is a medical device startup that develops novel wound care solutions. Medicud produces Dryum, an incisional negative pressure wound therapy device that reduces from 10% to just 3% the occurrence of surgical site infection. There are more than 230 million surgical incision yearly a market value 17B€. the revenue model is a B2B with the device sold to hospitals & clinics via distributors. At the moment we completed a first in human clinical trial and have LOIs from distributors.",No,,"
Antonio Nunzio D'angelo,
Andrea Cazzulani",2020,Between 500k and 1M,,"Life Sciences, Medical Device","November 19, 2024 10:28 PM",,,,DB%20Companies/Medicud_One_Pager.pdf,15737511004,"
Antonio Nunzio D'angelo (https://www.notion.so/Antonio-Nunzio-D-angelo-50e2c5dc787d4b708765d2d794c77177?pvs=21), 
Andrea Cazzulani (https://www.notion.so/Andrea-Cazzulani-0e9a7f426a294870bd84d56729354000?pvs=21)",,2-SF,,,,Startup Acceleration,RM,Latium,,"
Antonio Nunzio D'angelo,
Andrea Cazzulani","
https://www.linkedin.com/in/antonio-nunzio-d-angelo/?originalSubdomain=it
,
https://www.linkedin.com/in/andreacazzulani/?originalSubdomain=it
",,,,https://medicud.it,00197
Human Factor & Innovations,,VIALE BEATRICE D'ESTE 42,MILANO,C7 - 	 Life Sciences & Digital Health,,humanfactor&innovations,,"HFI is a SME that develops digital solutions for health. We aim to solve following problems: a) motivation for healthy behaviors, and b) efficient/personalized care. Target customers: insurance and pharmaceutical companies and professionals. Our solutions are distinguished by a interoperable architecture (FHIR-HL7) with AI algorithms. Our revenue comes from a) savings of health insurance coverage agreements and b) royalties per visit from professionals. Currently, we are in pre-commercialization",No,,,2016,<1M (undisclosed),,Life Sciences,"October 23, 2024 10:36 PM",,,,,09707840964,,,1,,,,SMEs Traction,MI,Lombardy,,,,,,,https://www.innovahf.eu,20122
Wisepath,,VIA S. MARIA 55,ROVERETO,C7 - 	 Life Sciences & Digital Health,,wisepath,,"Wisepath is a US-based start up committed to revolutionize professional development by using commercial video games and AI to bring to market the latest research in behavioral and cultural psychology. SkillQuest, our first product, is the first online training platform that accurately measures and train soft skills in a scalable, intuitive, and engaging way.",No,,,2022,Between 0 and 500k,,Life Sciences,"October 23, 2024 10:33 PM",,,,,02649200223,,,1,,,,Startup Acceleration,TN,Piedmont,,,,,,,https://www.wisepath.ai,38068
Medics,,VIA AMEDEO AVOGADRO 19,TORINO,C7 - 	 Life Sciences & Digital Health,,medics,,"We are dedicated to solving the challenges faced by surgeons in achieving optimal precision and accuracy during complex procedures. Our target customers are surgeons and hospitals seeking advanced solutions for minimally invasive surgery. We offer a unique combination of hardware and software, including HA3D and ICON, that provide real-time 3D visualization and navigation, significantly improving surgical outcomes. Our revenue model is based on the sale of HA3D systems and related services. We have already gained significant traction in the market with a growing number of customers.",No,,"
Leandro Basso,
Fausto Sbaiz",2016,Between 1M and 5M,,"Digital Health, Life Sciences","November 19, 2024 10:28 PM",,,,DB%20Companies/MEDICS_One_Pager.pdf,11621780011,"
Leandro Basso (https://www.notion.so/Leandro-Basso-a46005b31b6a4e61beb9400a96c646c8?pvs=21), 
Fausto Sbaiz (https://www.notion.so/Fausto-Sbaiz-4a0bf8276e5240f583c489a1e810fa0a?pvs=21)",,2-SF,,,,SMEs Traction,TO,Piedmont,,"
Leandro Basso,
Fausto Sbaiz","
https://www.linkedin.com/in/leandrobasso/?originalSubdomain=it
,
https://www.linkedin.com/in/fausto-sbaiz-7a593b19/
",31,,"€4,000,000.00",https://www.medics3d.com/en/,10121
Exosomics,,"STRADA PETRICCIO E BELRIGUARDO
  35",SIENA,C7 - 	 Life Sciences & Digital Health,,exosomics,,Exosomics has a Multi-Cancer Early Detection (MCED) spin-off project based on a proprietary (IP protected) diagnostic approach focusing on two new classes of multi-tumor protein biomarkers associated with circulating Exosomes. Cancer survival depends on  early detection. Now no MCED test is available while this is a major medical and social need. We offer a unique solution which is better performing and cheaper than competitors (Grail and Exact Sciences). Preliminary clinical data are promising.,No,,,2011,Between 1M and 5M,,Life Sciences,"October 23, 2024 10:37 PM",,,,,01317090528,,,1,,,,Startup Acceleration,SI,Tuscany,,,,,,,https://www.exosomics.eu,53100
Life Meter,,"VIA
  NICOLETTO VERNIA 20",CHIETI,C7 - 	 Life Sciences & Digital Health,,lifemeter,,"Life Meter is an italian company focused on technology, life sciences and digital health. We aim to help in solving cardio-respiratory problems for our customers. We offer BrOxy M, a non-invasive and wearable medical device that helps in early diagnosis of diseases. Our revenue comes from this specific model, being improved over time.",No,,,2016,Between 1M and 5M,,"Life Sciences, Medical Device","October 23, 2024 10:06 PM",,,,DB%20Companies/LifeMeter_One_Pager.pdf,02570030698,,,2-SF,,,,Startup Acceleration,CH,Abruzzo,,,,,,,https://www.lifemetersrl.com/,66100
DOCTORAPP,,VIA XXVIII APRILE 15,CUNEO,C7 - 	 Life Sciences & Digital Health,,doctorapp,,Pmi innovativa  con sede a Cuneo ed operante in tutta Italia  nel mondo della salute&benessere. Siamo un tech company con alto potenziale innovativo.,No,,,2018,Between 1M and 5M,,Life Sciences,"October 23, 2024 10:37 PM",,,,,03756070045,,,1,,,,SMEs Traction,CN,Piedmont,,,,,,,https://doctorapp.it/,12100
Cerebro,,"VIA
  PAISIELLO 24",MILANO,C7 - 	 Life Sciences & Digital Health,,cerebro,,"Cerebro develops non-invasive neuromodulation devices. Magnetism, light and electricity are Cerebro’s business core. Our CE certified devices are nationally patented for the high impact in innovation.Almost every Italian Region is equipped with professionals that use our devices aiming at improving patients quality of life.Our main business target are health professionals who want to be the first excellence in motor and cognitive rehabilitation world. We have a B2C transaction based model.",No,,"
Federica Peci",2018,<1M (undisclosed),,"Life Sciences, Medical Device","October 23, 2024 9:39 PM",,,,DB%20Companies/Cerebro_One_Pager.pdf,10285940960,"
Federica Peci (https://www.notion.so/Federica-Peci-7dbef8962679499f83bd07c64e6c8417?pvs=21)",,2-SF,,,,SMEs Traction,MI,Lombardy,,"
Federica Peci","
https://www.linkedin.com/in/federica-peci-a67267134/?originalSubdomain=it
",,,,https://cerebrosrl.it/,20131
Binoocle Institute,,PIAZZA DE'MOZZI 3,FIRENZE,C7 - 	 Life Sciences & Digital Health,,binoocleinstitute,,"We are a start-up that create solutions in AI, overcoming human bias through Artificial Intelligence technologies. To do that, we simulate mind brain functions using AI.Our main goal is creating solutions that drastically improve your life. We are serving the construction market with two solutions Koone and Mirroor.",No,,,2018,Between 0 and 500k,,Life Sciences,"October 23, 2024 9:23 PM",,,,,06860730487,,,1,,,,Startup Acceleration,FI,Tuscany,,,,,,,https://www.binoocle.com,50125
Daily Practice 22,,VIA TERRACINA 311,NAPOLI,C7 - 	 Life Sciences & Digital Health,,dailypractice22,,"Dailyplatform is our innovative solution for preventing accidents and injuries in the workplace. With Dailyplatform, we aim to revolutionize how companies approach workplace safety, combining advanced technologies such as IoT (Internet of Things) and AI (Artificial Intelligence) to ensure safer work environments, while simultaneously reducing operational costs and improving overall efficiency.",No,,,2020,Between 0 and 500k,,Life Sciences,"October 23, 2024 10:37 PM",,,,,09637811218,,,1,,,,Startup Acceleration,NA,Campania,,,,,,,https://dailyplatform.it,80122
CENTAI,,CORSO INGHILTERRA 3,TORINO,C7 - 	 Life Sciences & Digital Health,,centai,,"CENTAI is a joint-stock company between a group of AI researchers and Intesa Sanpaolo, the largest Italian bank. It's at the same time a start-up and a research institute. CENTAI’s mission is to push the boundaries of applied and foundational research in AI developing trustworthy, fair, green and sustainable solutions. Our revenue comes from developing AI research projects for our customers, including, e.g., Intesa Sanpaolo and the Italian Government (Presidenza Consiglio dei Ministri).",No,,,2022,,,Life Sciences,"October 23, 2024 9:39 PM",,,,,12667610013,,,1,,,,Startup Acceleration,TO,Piedmont,,,,,,,https://centai.eu,10138
Medlea,,VIA ANGELO POLIZIANO 76,ROMA,C7 - 	 Life Sciences & Digital Health,,medlea,,"Medlea is a digital health company specialized in predictive lung health.  Our technology is used to detect and classify pulmonary lesions and nodules and provide ventilatory analysis for pre-operative assessment to be used by radiologists, pneumologists and surgeons.  Our revenue stream is SaaS consumption-based on patient-based enrollment and from licencsing to pharmaceutical and adjacient industries. We are pre-revenue and have started clinical pilots in Italy and US.",No,,"
Simone Melchionna",2019,Between 0 and 500k,,"Life Sciences, Platform AI","October 25, 2024 7:09 PM",,,,DB%20Companies/MEDLEA_One_Pager.pdf,15096521008,"
Simone Melchionna (https://www.notion.so/Simone-Melchionna-ab4459289a024d4597aeaed0250c2069?pvs=21)",,2-SF,,,,Startup Acceleration,RM,Latium,,"
Simone Melchionna","
https://www.linkedin.com/in/simone-melchionna-58413728/?originalSubdomain=it
",6,,"€250,000.00",https://medlea-tech.com,00184
Servimed Industrial,,VIA TEMPIO DEL CIELO N 3/5,ROMA,C7 - 	 Life Sciences & Digital Health,,servimedindustrial,,"We are an R&D and manufacturing firm. We work in different therapeutic areas but are specialized  ophthalmology. Our products target many eye conditions including keratoconus, eye inflections, and dry eye. We work B2B, hence our customers are large pharmaceutical companies willing to in-license innovative and ready-to-market products. All our products are patented and backed by several publications in major international journals.",No,,"
Andrea Napolitano",2016,<1M (undisclosed),,"Life Sciences, Therapeutics","October 23, 2024 10:29 PM",,,,DB%20Companies/Iromed_(Servimed)_One_Pager.pdf,13406631005,"
Andrea Napolitano (https://www.notion.so/Andrea-Napolitano-5553beacf9ba4e839aa6f4f1f0157d92?pvs=21)",,2-SF,,,,Startup Acceleration,RM,Latium,,"
Andrea Napolitano","
https://www.linkedin.com/in/andreanapolitano-/?originalSubdomain=it
",,,,https://servimed-industrial.com/,00144
LOQUI,,VIA MARSALA 47,BOLOGNA,C7 - 	 Life Sciences & Digital Health,,loqui,,"Loqui is a startup that promotes text therapy, psychotherapy conducted via chat with a certified psychologist. We aim to make psychotherapy more accessible for those who interact digitally with society and wish to begin psychotherapy but are hesitant to show their face and seek greater privacy. Our target are millennials and Gen Z. Our revenue comes from a percentage(33%) of each individul therapy sessions. In 2023, our revenue was €110,000. We have had 430 clients, CLTV €250, CAC €60",No,,,2022,Between 0 and 500k,,Life Sciences,"October 23, 2024 10:36 PM",,,,,04046931202,,,1,,,,Startup Acceleration,BO,Emilia-Romagna,,,,,,,https://www.loqui.chat,40126
IIO,,VIA PAOLO DA CANNOBIO 2,MILANO,C7 - 	 Life Sciences & Digital Health,,iio,,"IIO is a Voice Interaction AI platform delivering a Real Human Operator experience by recognizing in real time the customer's emotions and self-adapting to any context. The first suite of enterprise solutions that creates intelligent virtual assistants on corporate knowledge bases using generative AI in conversational form.We aim to transform the way people interact with technology providing a personalized, intuitive and empathetic customer experience. Our revenues comes from SaaS B2B(2C) model",No,,,2022,Between 0 and 500k,,Life Sciences,"October 23, 2024 10:01 PM",,,,,12289670965,,,1,,,,Startup Acceleration,MI,Lombardy,,,,,,,https://iio.ai/,20122
AorticLab,,VIA RIBES 5,COLLERETTO GIACOSA,C7 - 	 Life Sciences & Digital Health,,aorticlab,,AorticLab is developing an innovative treatment for the aortic valve stenosis,No,,"
Stefano Osta",2017,Between 5M and 15M,,"Life Sciences, Medical Device","October 23, 2024 9:16 PM",,,,DB%20Companies/AorticLab_OnePager.pdf,11692720011,"
Stefano Osta (https://www.notion.so/Stefano-Osta-d0015e851d564b468e12426488e82361?pvs=21)",,2-SF,,,,SMEs Traction,TO,Piedmont,,"
Stefano Osta","
https://www.linkedin.com/in/stefano-osta-714608163/?originalSubdomain=it
",,,,https://www.aorticlab.com,10010
Mirnagreen,,VIA IPAZIA 2,BOLZANO,C7 - 	 Life Sciences & Digital Health,,mirnagreen,,"Mirnagreen is a science-based company that pioneers plant-microRNAs for health applications. We discover and produce natural microRNA extracts that are used in nutraceutical and cosmeceutical applications. We are the sole supplier of plant-microRNAs worldwide, thanks to our IP and patented process. Revenues come from licensing our technology to B2B customers, as well as selling our own food supplement to consumers.",No,,,2015,<1M (undisclosed),,Life Sciences,"October 23, 2024 10:16 PM",,,,,02375570229,,,1,,,,SMEs Traction,BZ,Trentino-South Tyrol,,,,,,,https://www.mirnagreen.com,39100
Biocompatibility Innovation,,VIA DE ANTONI 17/19,ESTE,C7 - 	 Life Sciences & Digital Health,,biocompatibilityinnovation,,"Biocompatibility Innovation is an IP value company that has developed a breakthrough technological platform that brings new concepts of durability and biocompatibility for implantable medical devices covering a wide variety of materials and surgical sets. We aim to solve unmet clinical needs leading to limited device durability promising superior clinical performance, preventing major causes of failures. Revenue model is royalty-based.",No,,"
Alessandro Gandaglia",2014,Between 1M and 5M,,"Life Sciences, Medical Device","March 18, 2026 6:26 PM",,,,DB%20Companies/Biocompatibility_Innovation_One_Pager.pdf,04831250289,"
Alessandro Gandaglia (https://www.notion.so/Alessandro-Gandaglia-82def3136a784959882215482a849b80?pvs=21)",,2-SF,,,,SMEs Traction,PD,Veneto,,"
Alessandro Gandaglia","
https://www.linkedin.com/in/alessandro-gandaglia-a9335214/
",,,,https://biocompatibility.bio,35042
InSimili,,VIALE GIUSEPPE FANIN 48,BOLOGNA,C7 - 	 Life Sciences & Digital Health,,insimili,,"InSimili is a biotech startup that recreates the real human body microenvironment in vitro. We aim to improve the predictivity of preclinical studies, enabling pharma/biotech companies to bring therapies to market more efficiently. We provide cell culture devices with a patented tech that regulates the concentration of oxygen and other agents in cost-effective consumables. Our main source of revenue is the sale of devices. We have several pilot studies running in European research institutes.",No,,"
Enrico Grassilli",2021,Between 0 and 500k,,"Life Sciences, Platform Bio","November 12, 2024 9:04 PM",,,,DB%20Companies/InSimili_One_Pager.pdf,03928771207,"
Enrico Grassilli (https://www.notion.so/Enrico-Grassilli-8ca210b6ab6243059dce47a03791e00f?pvs=21)",,2-SF,,,,Startup Acceleration,BO,Emilia-Romagna,,"
Enrico Grassilli","
https://www.linkedin.com/in/enricograssilli/
",3,,"€250,000.00",https://www.insimili.com,40127
BionIT Labs,,VIA CRACOVIA 1,SOLETO,C7 - 	 Life Sciences & Digital Health,,bionitlabs,,"BionIT Labs is a medtech scaleup dealing with bionics and human-machine integration. Our 30-people team developed and commercializzed Adam's Hand, the World's First Fully-Adaptive Bionic Hand, a prosthetic Hand for upper limb amputees, based on an internationally patented mechanism that makes it extremely easy to use and durable.We have a B2B revenue model with prosthetic technicians, who manufacture the socket and sell the whole prosthesis to the patient. '23 turnover: 450k€; US market: Q2 '24",No,,,2018,Between 5M and 15M,,Life Sciences,"October 23, 2024 10:38 PM",,,,,04929230755,,,1,,,,Startup Acceleration,LE,Apulia,,,,,,,https://bionitlabs.com,73010
BIONSEEK,,VIA GIOVANNI DEI MEDICI 61/B,CESANO MADERNO,C7 - 	 Life Sciences & Digital Health,,bionseek,,"BIONSEEK is an innovative startup whose main goal is to develop innovative personalized diagnostics and precision therapies for oncology patients. In particular, we aim at identifying, characterizing and validating a monoclonal antibody and/or an aptamer specifically binding to our protein of interest (a novel biomarker actionable in solid tumors which we discovered and characterized).",No,,,2023,Between 0 and 500k,,Life Sciences,"October 23, 2024 9:23 PM",,,,,13069630963,,,1,,,,Startup Acceleration,MB,Lombardy,,,,,,,https://www.bionseek.com,20811
CLOUD PATHOLOGY GROUP,,VIA LANZONE N 04,MILANO,C7 - 	 Life Sciences & Digital Health,,cloudpathologygroup,,"CPG is a SME company that provides an integrated and flexible Digital Pathology solution to optimize operational process with Cloud Technology. We aim to improve accuracy and safety in cancer diagnosis supported by an innovative AI model developed through the application of Deep Learning procedures and Convolutional Neural Networks to pathological anatomy. We offer software and service in a SAAS mode. Revenue comes from long-term service contract. Unique, open and independent solution.",No,,,2012,<1M (undisclosed),,Life Sciences,"October 23, 2024 10:38 PM",,,,,07753790968,,,1,,,,SMEs Traction,MI,Lombardy,,,,,,,https://cloudpathology.eu/,20123
Needleye Robotics,,VIA ALBERE 10,VERONA,C7 - 	 Life Sciences & Digital Health,,needleyerobotics,,Needleye is a startup that is developing an AI-robotic system for prostate biopsy. We aim to eliminate the error in the diagnosis of prostate cancer that now is > 25%. We will offer a product that will solve the 4 main problems of diagnosis by using AI and robotics. Our revenue comes from European EIC Transition and ERC PoC funds.,No,,,2022,Between 1M and 5M,,Life Sciences,"October 23, 2024 10:16 PM",,,,,04894200239,,,1,,,,Startup Acceleration,VR,Veneto,,,,,,,https://www.needleye.it,37138
Dermaself,,"VIA
  VALASSINA 29",MILANO,C7 - 	 Life Sciences & Digital Health,,dermaself,,"Dermaself is an online dermatology service that provides easy and affordable personalised skincare thanks to AI technology. We aim to bridge the gap in the Dermatology market for young people affected by acne. We offer acne skincare products, distinguished by personalisation. Our revenue comes from B2C subscriptions. Currently, we have 1.300 registered users.",No,,,2023,,,Life Sciences,"October 23, 2024 9:43 PM",,,,,10236321211,,,1,,,,Startup Acceleration,MI,Lombardy,,,,,,,https://www.dermaself.it/,20159
Aileens Pharma,,VIA DONATORI DI SANGUE 1,NOVA MILANESE,C7 - 	 Life Sciences & Digital Health,,aileenspharma,,"Aileens developed a biotech platform (HAc40) to treat inflammatory skin diseases, that is composed by sodium Hyaluronate conjugated to bacterial cell wall from unique and patented bacteria. HAc40 is able to seizure/inactivate toxins and catabolites released by pathogenetic microorganisms exosomes, able to trigger the inflammatory response. HAc40 is included in medical devices for topical use, as the mechanism of action is not steroidal and free from side effects even in pediatric patients.",No,,"
Sonia Longo Sormani",2018,Between 1M and 5M,,"Life Sciences, Therapeutics","April 2, 2025 3:59 PM",,,,DB%20Companies/Aileens_One_Pager.pdf,10396400961,"
Sonia Longo Sormani (https://www.notion.so/Sonia-Longo-Sormani-a7f084930c794150b526e8b6f685f717?pvs=21)",,2-SF,,,,SMEs Traction,MB,Lombardy,,"
Sonia Longo Sormani","
https://www.linkedin.com/in/sonia-longo-sormani-0725681a/?originalSubdomain=it
",,,,https://aileenspharma.com/,20834
Holifya,,VIA FETONTE 12,MILANO,C7 - 	 Life Sciences & Digital Health,,holifya,,"Holifya is a digital health subscription for personalised nutrition and prevention plans. Today we target 11+million adults in Italy grappling with metabolic and gut health-related issues, through bespoke diets starting from a DNA test.Our unique approach blends doctor videoconsultations, advanced lab testing (DNA tests), and AI-driven health concierge services. Traction: €60 MRR; €1 mln funds raised; 2000 B2C clients; 100+ pharmacies; 3 million proprietary genetic datapoints collected.",No,,,2020,Between 500k and 1M,,Life Sciences,"October 23, 2024 10:00 PM",,,,,11462020964,,,1,,,,Startup Acceleration,MI,Lombardy,,,,,,,https://www.holifya.com/,20151
Myndoor,,VIA ALDO MORO 5/3,ROSATE,C7 - 	 Life Sciences & Digital Health,,myndoor,,"Myndoor is an innovative company that uses proprietary AI to detect psychological stress and prevent burnout via communication analysis. Our passive approach integrates seamlessly into routines, without wearables. We sell API and Plugin solutions, including integration for Slack and Teams that we sell to scale up and corporate. Our revenue comes from license per user/month that we charge to the company (B2B). we released in late Sept/23 and currently we have 28 companies using it.",No,,,2021,,,Life Sciences,"October 23, 2024 10:16 PM",,,,,12097060961,,,1,,,,Startup Acceleration,MI,Lombardy,,,,,,,https://www.myndoor.it/,20088
Library Med,,"VIA COLLEPIANO INS. PRODUTTIVO
  3/B",TORRECUSO,C7 - 	 Life Sciences & Digital Health,,librarymed,,"Over a 1M biomedical papers enter PubMed yearly, growing in complexity and cost. Library Med, akin to Wolfram Alpha for biomedicine, deconstructs research into phases, each receiving a score from IT and AI tools based on methodological standards. This aids doctors and students in swiftly accessing robust literature and empowers researchers to enhance their work's empirical rigor, boosting publication chances. The subscription-based service got interest from a stack 5 of research hospitals.",No,,,2021,Between 0 and 500k,,Life Sciences,"October 23, 2024 10:02 PM",,,,,01803200623,,,1,,,,Startup Acceleration,BN,Campania,,,,,,,https://librarymed.com/,82030
More Than Access,,VIA CESARE MANGILI 2,MILANO,C7 - 	 Life Sciences & Digital Health,,morethanaccess,,"More Than Access (MTA) is a start up and a boutique consulting firm specialized in providing services that facilitate market access for innovative health technologies. We aim to optimize the market access of health technologies up to the patient, in an effective, timely and sustainable way, by offering customized solutions to support all stakeholders in the drug supply chain and in particular pharmaceutical companies.",No,,,2023,<1M (undisclosed),,Life Sciences,"October 23, 2024 10:16 PM",,,,DB%20Companies/More_Than_Access_-_One_Pager.pdf,12992570965,,,2-SF,,,,SMEs Traction,MI,Lombardy,,,,,,,https://www.morethanaccess.com,20121
Officinae Bio,,ISOLA DELLA GIUDECCA 692B,VENEZIA,C7 - 	 Life Sciences & Digital Health,,officinaebio,,"Officinae Bio accelerates therapeutic development for cell, gene, and mRNA sectors through advanced DNA constructs and complex combinatorial libraries. Leveraging tailored protocols, unique datasets, and design algorithms, we create safer, more effective CGT therapies. Since our inception, we have consistently achieved revenue with an average 49% YoY growth, reflecting the robust scalability of our business infrastructure. Our primary market is the EU, and we are now expanding into the US.",No,,,2020,Between 1M and 5M,,Life Sciences,"October 23, 2024 10:20 PM",,,,,04615440270,,,1,,,,Startup Acceleration,VE,Veneto,,,,,,,https://officinae.bio/,30133
Paperbox,,"VIA
  CERNAIA N 24",TORINO,C7 - 	 Life Sciences & Digital Health,,paperbox,,"Paperbox is the startup that built DINO(the videogame for the early detection of learning disorders -LDs). We aim to solve the problem of late/ underdiagnosis of LDs (affecting 1 out of 5 people) for the actors involved (specialists, schools, and families). We offer a digital platform to be used by schools and specialist, distinguished by its complete accessibility, gamified nature. Our revenue comes from specialists and school subscriptions. Currently, we have 300+ pre-orders and 8 purchases.",No,,,2022,Between 0 and 500k,,Life Sciences,"October 23, 2024 10:22 PM",,,,,12724620013,,,1,,,,Startup Acceleration,TO,Piedmont,,,,,,,https://paperbox.health,10122
INTA,,VIA AUGUSTO RIGHI 20,PISA,C7 - 	 Life Sciences & Digital Health,,inta,,"INTA is a medtech company that develops portable biosensing systems for rapid biological detection, focusing on diagnosing Traumatic Brain Injuries to minimize unnecessary CT scans. Targeting healthcare providers and emergency units, our product offers a unique blend of portability, speed, and cost-effectiveness. We generate revenue through sales of our reusable readers and disposable cartridges. Currently, we're gaining traction with increased adoption in emergency care settings.",No,,,2020,Between 1M and 5M,,Life Sciences,"October 23, 2024 10:36 PM",,,,,02369350505,,,1,,,,Startup Acceleration,PI,Tuscany,,,,,,,https://www.intasystems.net/,56121
COMFTECH,,PIAZZA CASTELLO 9,MONZA,C7 - 	 Life Sciences & Digital Health,,comftech,,"Comftech is an innovative SME specialising in designing and producing smart textiles. ComfTech sensors and software enable non-invasive, continuous and accurate data collection of physiological parameters in various medical and sports applications. Accuracy and usability are the hallmarks of our MED-certified systems, protected by international patents and our specific know-how. Our revenues are derived from B2B sales of the product and services. Comftech products are made in Italy",No,,"
Lara Alessia Moltani,
Davide Dal Castello",2010,Between 1M and 5M,,"Digital Health, Life Sciences","October 23, 2024 9:40 PM",,,,DB%20Companies/ComfTech_One_Pager.pdf,07181430963,"
Lara Alessia Moltani (https://www.notion.so/Lara-Alessia-Moltani-803e9fbe17434e9b816985794910e65f?pvs=21), 
Davide Dal Castello (https://www.notion.so/Davide-Dal-Castello-acef13d07e204133b82da4c9b5bf89bc?pvs=21)",,2-SF,,,,SMEs Traction,MB,Lombardy,,"
Lara Alessia Moltani,
Davide Dal Castello","
https://www.linkedin.com/in/alessiamoltani/?originalSubdomain=it
,
https://www.linkedin.com/in/davide-dal-castello-b7ab73163/overlay/photo/
",,,,https://www.comftech.com,20900
Mediavoice,,VIA LAURENTINA 569,ROMA,C7 - 	 Life Sciences & Digital Health,,mediavoice,,"Mediavoice's mission is to bridge the digital divide through voice technology solutions. Visually impaired people in the world today around 285 million, either BLIND or have some kind of visual impairment. The last inception of Mediavoice's product line in 2024 is a mobile solution called “Speaky Assistant” for Visually Impaired, integrating services in a seamless hands-free mobile experience as a Digital Assistant App, for sale in all Digital stores, following a yearly fee Business Model.",No,,"
Piero Pierucci,
Fabrizio Giacomelli",2000,Between 5M and 15M,,"Life Sciences, Medical Device","October 23, 2024 10:11 PM",,,,DB%20Companies/Mediavoice_OnePager.pdf,06386131004,"
Piero Pierucci (https://www.notion.so/Piero-Pierucci-db4b80d3523e44b3bbad642138e5fb10?pvs=21), 
Fabrizio Giacomelli (https://www.notion.so/Fabrizio-Giacomelli-408c572a0df749d5b0e561084e9c3667?pvs=21)",,2-SF,,,,Startup Acceleration,RM,Latium,,"
Piero Pierucci,
Fabrizio Giacomelli","
https://www.linkedin.com/in/piero-pierucci/?originalSubdomain=ch
,
https://www.linkedin.com/in/fabrizio-giacomelli-3973bb1/
",,,,https://www.mediavoice.it/en,00143
React4life,,VIA DOMENICO FIASELLA 1,GENOVA,C7 - 	 Life Sciences & Digital Health,,react4life,,"React4life is an Italian biotech company. Our MIVO® organ-on-chip technology surpasses the constraints of traditional in vitro assays and animal models, increasing reliability and predictability in drug testing, personalized medicine, and immunooncology. MIVO allows the connection of many organs, mimicking healthy or pathological conditions like the human body. We sell technology and biological assays to clients across over 22 countries, spanning academia, industry, and pharma companies.",No,,"
Silvia Scaglione,
Maurizio Aiello",2016,Between 500k and 1M,,"Life Sciences, Platform Bio","October 23, 2024 10:24 PM",,,,DB%20Companies/React4life_One_Pager.pdf,02436280990,"
Silvia Scaglione (https://www.notion.so/Silvia-Scaglione-e37eadb9002d4751a4307c654e76d0b2?pvs=21), 
Maurizio Aiello (https://www.notion.so/Maurizio-Aiello-1077152d8f594b2090e37fc837a67136?pvs=21)",,2-SF,,,,SMEs Traction,GE,Liguria,,"
Silvia Scaglione,
Maurizio Aiello","
https://www.linkedin.com/in/silvia-scaglione-25784237/?originalSubdomain=it
,
https://www.linkedin.com/in/maurizio-aiello/?originalSubdomain=it
",,,,https://www.react4life.com,16121
InSililicoTrials Technologies,,VIA RIVA GRUMULA 2,TRIESTE,C7 - 	 Life Sciences & Digital Health,,insililicotrialstechnologies,,"InSilicoTrials provides a transformative cloud simulation platform, leveraging advanced AI and in silico methods to predict clinical trial outcomes, optimizing R&D for Pharma and Biotech companies. It offers a suite of healthcare simulation tools, reducing extensive trial needs, and expediting drug development with robust, privacy-preserving synthetic patient data and a plethora of simulations from over 70 scientific partners.",No,,"
Walter Marchi,
Luca Emili",2018,Between 5M and 15M,,"Life Sciences, Platform AI","October 23, 2024 10:01 PM",,,,DB%20Companies/InSilicoTrials_One_Pager.pdf,01219730320,"
Walter Marchi (https://www.notion.so/Walter-Marchi-2c6e562efb404768b5fe13bf64f3c358?pvs=21), 
Luca Emili (https://www.notion.so/Luca-Emili-78a06cc5de5045be9ba7a77ef7187c5f?pvs=21)",,2-SF,,,,Startup Acceleration,TS,Friuli-Venezia Giulia,,"
Walter Marchi,
Luca Emili","
https://www.linkedin.com/in/walter-marchi-541363b/?originalSubdomain=it
,
https://www.linkedin.com/in/luca-emili/
",,,,https://insilicotrials.com,34123
VAXXIT,,VIA DEI VALERI N 1,ROMA,C7 - 	 Life Sciences & Digital Health,,vaxxit,,"Vaxxit and CNAIDS (ISS, Rome, IT) prioritize HIV/AIDS prevention and therapy, aiming to advance HIV-1 Tat vaccines. These vaccines restore CD4 T cell count/function and lower blood HIV provirus levels in cART-treated volunteers, potentially enabling ""periodic drug holidays"". Pricing promotes accessibility in Africa, while pharmaceutical partnerships ensure investor ROI. Collaborations with the Bill & Melinda Gates Foundation and allies accelerate progress in Tat-based HIV preventative vaccines.",No,,,2012,<1M (undisclosed),,Life Sciences,"October 23, 2024 10:32 PM",,,,,11994121009,,,1,,,,SMEs Traction,RM,Latium,,,,,,,https://www.vaxxit.com,00184
Nous Energy,,PIAZZALE EUROPA N 15,LOMAZZO,C7 - 	 Life Sciences & Digital Health,,nousenergy,,"NOUS is a biotech startup working on developing a new era of Food&Beverage supplements. Worldwide, 709 million people should avoid caffeine due to gastrointestinal or heart problems. Mindave is a sustainable caffeine alternative with no side effects that we sell as semifinished powder by kg. Our customers are Food&Beverage companies and ingredient companies. We filled the international patent in December 2023, and participated in the Plag&Play accelerator programme in San Francisco.",No,,,2023,Between 0 and 500k,,Life Sciences,"October 23, 2024 10:35 PM",,,,,02731320038,,,1,,,,Startup Acceleration,CO,Piedmont,,,,,,,https://nous.energy/,22074
CellPly,,VIA FONDAZZA 53,BOLOGNA,C7 - 	 Life Sciences & Digital Health,,cellply,,"Cellply is focused on developing next-generation analytical tools to enable comprehensive characterization of cancer immunotherapies, cell therapies and cell-based biotherapeutics. Using proprietary microfluidic technologies, end-to-end automation and AI-powered image and data analytics, Cellply has developed the VivaCyte platform. VivaCyte delivers automated co-culture creation, at scale, facilitating deep characterization of immune cell function, at single-cell resolution. Combining functional",No,,"
Massimo Bocchi,
Emiliano Spagnolo",2014,Between 5M and 15M,,"Life Sciences, Therapeutics","October 23, 2024 10:38 PM",,,,DB%20Companies/Cellply_One_Pager.pdf,03336091206,"
Massimo Bocchi (https://www.notion.so/Massimo-Bocchi-f55cf93034d54c378f96a7d0826d9c94?pvs=21), 
Emiliano Spagnolo (https://www.notion.so/Emiliano-Spagnolo-cf30992d0b93498db201464515de7e8d?pvs=21)",,2-SF,,,,SMEs Traction,BO,Emilia-Romagna,,"
Massimo Bocchi,
Emiliano Spagnolo","
https://www.linkedin.com/in/massimobocchi/?originalSubdomain=it
,
https://www.linkedin.com/in/emiliano-spagnolo-95b44323/
",,,,https://www.cellply.com,40125
WISE,,VIA MICHELANGELO BUONARROTI 38,COLOGNO MONZESE,C7 - 	 Life Sciences & Digital Health,,wise,,"WISE Srl is a medical device company developing a new generation of implantable leads with a unique technology that allows the production of stretchable and flexible electrodes on medical-grade elastic polymers with superior clinical performance. WCS, a revolutionary electrode for Intraoperative Neuromonitoring during brain tumor and epilepsy surgeriesHERON, the first paddle lead percutaneously implantable for neurostimulation for chronic pain treatment. Revenue from selling the WCS",No,,,2011,Between 1M and 5M,,Life Sciences,"October 23, 2024 10:34 PM",,,,,07329730969,,,1,,,,SMEs Traction,MI,Lombardy,,,,,,,https://www.wiseneuro.com,20093
U-Care Medical,,CORSO CASTELFIDARDO 30/A,TORINO,C7 - 	 Life Sciences & Digital Health,,u-caremedical,,"U-Care Medical develops innovative Digital Medical Device powered by artificial Intelligence to support critical care clinicians in preventing clinical complications in intensive care units throughout a proactive and personalized approach based on predictive score and AI Analytics. Our first product, the U-Care Renal Platform achieved the CE-Mark and it is currenlty on the Market in Europe and already 7 centers are using it.",No,,,2021,,,Life Sciences,"October 23, 2024 10:32 PM",,,,,12521950019,,,1,,,,Startup Acceleration,TO,Piedmont,,,,,,,https://www.u-caremedical.com,10129
Restorative Neurotechnologies,,VIA LIBERTA' 112,PALERMO,C7 - 	 Life Sciences & Digital Health,,restorativeneurotechnologies,,"The company produces a patented digital therapy (MIndlenses Professional) for rehabilitation of cognitive functions in stroke patients. The product comprehends a wearable device (prismatic goggles) interfaced with a platform of serious games targeting cognitive functions and it is going to be certified as class IIa medical device. Following initial market test with private professionals in healthcare, in the last six months Mindlenses is now sold to public hospitals, with an annual license fee.",No,,,2018,Between 1M and 5M,,Life Sciences,"October 23, 2024 10:35 PM",,,,,06740010829,,,1,,,,Startup Acceleration,PA,Sicily,,,,,,,https://restorativeneurotechnologies.com,90143
GVM Assistance,,PIAZZA TRISI 16,LUGO,C7 - 	 Life Sciences & Digital Health,,gvmassistance,,"Svolge attività nella progettazione ed erogazione di servizi digitali ed applicativi in ambito sanitario per videoconsulto, televisita, telemonitoraggio. Dispone di un App Lato pz. ( con triage gestito da un Sistema di AI) per IOS e Android e di una Piattaforma Medica con devices integrati e con Centrale Operativa con 55 Medici. Ha monitorato lo stato di salute dell'astronauta Italiano nella Missione Spaziale AX-3 E' certificata -	ISO 9001:2015(27/07/23) e -ISO 9001:2015(27/07/23)",No,,,2021,Between 500k and 1M,,Life Sciences,"October 23, 2024 10:37 PM",,,,,02700810399,,,1,,,,Startup Acceleration,RA,Emilia-Romagna,,,,,,,https://gvmassistance.it/it-it/home,48022
BrainDTech,,VIALE DECUMANO 41,MILANO,C7 - 	 Life Sciences & Digital Health,,braindtech,,"BrainDTech revolutionizes precision medicine thanks to MicroCATCH, a platform which isolates for the first time cell-specific microvesicles from biological samples. MicroCATCH, offers automated, scalable, and precise isolation from non-invasive biopsies, crucial for early diagnosis, prognosis and treatment monitoring. Revenue stems from product sales and  licensing agreements. With strong partnerships from leading research centers and pharma, BrainDTech is poised for significant market impact",No,,"
Fabio Bianco",2016,Between 1M and 5M,,"Life Sciences, Platform Bio","October 23, 2024 10:38 PM",,,,DB%20Companies/Braindtech_One_Pager.pdf,09593150965,"
Fabio Bianco (https://www.notion.so/Fabio-Bianco-a3fc8477ed6c4d76ac8fe19bd0c543f5?pvs=21)",,2-SF,,,,SMEs Traction,MI,Lombardy,,"
Fabio Bianco","
https://www.linkedin.com/in/fabio-bianco-8170b46/?originalSubdomain=it
",,,,https://www.braindtech.com,20157
Nutras,,VIA DELLA PACE 279,MACERATA,C7 - 	 Life Sciences & Digital Health,,nutras,,"Nutras Srl produces nutraceutical supplements. Our commitment to improving well-being through innovative solutions underlines our approach to improving the quality of life of people with dietary needs. Revenues are derived from e-commerce, distributors and Ho.Re.Ca. partnerships. With over 6,000 customers, a community of 10,000 people on social media and a partnership with Eurospital, our rapid growth demonstrates our significant impact on the market.",No,,,2020,Between 0 and 500k,,Life Sciences,"October 23, 2024 10:20 PM",,,,,02038670432,,,1,,,,Startup Acceleration,MC,The Marches,,,,,,,https://www.nutras.it/,62100
GEK,,VIA GIUSEPPE FRUA 22,MILANO,C7 - 	 Life Sciences & Digital Health,,gek,,"GEK is an innovative biotechnology company specializing in advanced diagnostic solutions. We aim to address the challenges of early detection of inflammation and glycation-related disorders for a broad audience, including medical professionals, patients, and research institutions. We offer precise and personalized diagnostic tests, distinguished by our ability to detect specific biomarkers through non-invasive methods. Our unique solution leverages proprietary technological platforms for dat",No,,"
Enrico Fiorentin",2011,Between 1M and 5M,,"Life Sciences, Platform Bio","October 23, 2024 10:37 PM",,,,DB%20Companies/GEK_Lab_One_Pager.pdf,07333890965,"
Enrico Fiorentin (https://www.notion.so/Enrico-Fiorentin-a75ef776e4664166b153683d7088f565?pvs=21)",,2-SF,,,,SMEs Traction,MI,Lombardy,,"
Enrico Fiorentin","
https://www.linkedin.com/in/fiorentin/?originalSubdomain=it
",,,,https://www.geklab.com/,20146
Drop Digital Health,,"VIA LEON
  PANCALDO 26",ROMA,C7 - 	 Life Sciences & Digital Health,,dropdigitalhealth,,We do R&D in digital health area. Our projects are made with important scientific companies. We made some interesting products that we are already selling and an innovative technology to support patients and doctors in motor therapy and sport without wearable sensors. We make solution on demand too.,No,,"
Miriam Storto,
David Ferrini",2023,Between 0 and 500k,,"Life Sciences, Medical Device","October 23, 2024 9:46 PM",,,,DB%20Companies/DDH_K_HERO_OnePager.pdf,16989241001,"
Miriam Storto (https://www.notion.so/Miriam-Storto-2af8e67d95ef42728ffefc4fbf27286b?pvs=21), 
David Ferrini (https://www.notion.so/David-Ferrini-e95371ac7ba54c0cbf9fbe3a2d3d6e82?pvs=21)",,2-SF,,,,Startup Acceleration,RM,Latium,,"
Miriam Storto,
David Ferrini","
https://www.linkedin.com/in/miriam-storto-43745430/?originalSubdomain=it
,
https://www.linkedin.com/in/davidferrini/
",,,,https://www.dropdigitalhealth.com,00147
CaSRevolution,,VIA TREBAZIO 3,MILANO,C7 - 	 Life Sciences & Digital Health,,casrevolution,,"CaSRevolution is a drug discovery company, exploring a novel mechanism of action to effectively treat Alzheimer's disease. It recently raised €2.1m from business angels and seed venture funds and it just started the lead identification phase of its asset. The founders and board members have decades of experience in neurodegeneration, drug discovery and company creation.",No,,,2019,Between 1M and 5M,,Life Sciences,"October 23, 2024 9:39 PM",,,,,10663370962,,,1,,,,Startup Acceleration,MI,Lombardy,,,,,,,https://casrevolution.com/,20145
Biolibrary,,CORSO VITTORIO EMANUELE 21,ASCOLI PICENO,C7 - 	 Life Sciences & Digital Health,,biolibrary,,"Biolibrary is an online platform that allows orthopaedists and doctors to create in an automatic way custom ready-to-print 3d models of prostheses and muscule-skeletal devices. With its patented algorithm, it can shift the paradigm of the procedures to develop any prostheses or musculoskeletal devices",No,,,2016,Between 0 and 500k,,Life Sciences,"October 23, 2024 10:38 PM",,,,,02273050449,,,1,,,,Startup Acceleration,AP,The Marches,,,,,,,https://www.biolibrary.it/en/,63100
Math Biology,,VIA DIOGENIANO DI ERACLEA 89,ROMA,C7 - 	 Life Sciences & Digital Health,,mathbiology,,"A DISRUPTIVE SCREENING HEALTH-TECHNOLOGY BASED ON ARTIFICIAL INTELLIGENCEFOR PREVENTION, DIAGNOSIS & SPORT",No,,"
Raffaele Maccioni,
Alessandro Cascia",2020,Between 0 and 500k,,"Life Sciences, Platform AI","March 18, 2026 6:26 PM",,,,DB%20Companies/Math_Biology_OnePager_Final.pdf,15777401009,"
Raffaele Maccioni (https://www.notion.so/Raffaele-Maccioni-cdcd8e44b890438e83d4d5c455eeb746?pvs=21), 
Alessandro Cascia (https://www.notion.so/Alessandro-Cascia-5a5e83d1b4ba419580ba7d9d2ef26e30?pvs=21)",,2-SF,,,,Startup Acceleration,RM,Latium,,"
Raffaele Maccioni,
Alessandro Cascia","
https://www.linkedin.com/in/raffaelemaccioni/?originalSubdomain=it
,
https://www.linkedin.com/in/alessandro-cascia-7b529063/
",,,,https://mathbiology.tech/,00124
Manava Plus,,VIA ALESSANDRO MANZONI 45,MILANO,C7 - 	 Life Sciences & Digital Health,,manavaplus,,"Manava Plus is a company wich operate in lifescience business. We help people with spinal cord injures (paraplegia and tetraplegia) to regain mobility and sensitivity, driven by spinal organoids powered by AI to propel physiologic-like stimulation. Medical treatments for spinal cord injuries are currently ineffective. Our competitor regain only mobility, we regain sensivity also. The price of our product is given by: current competitive price + premium for advanced technology.",No,,,2022,Between 0 and 500k,,Life Sciences,"October 23, 2024 10:06 PM",,,,,12346730968,,,1,,,,Startup Acceleration,MI,Lombardy,,,,,,,https://www.manava.plus,20121
Soundsafe Care,,VIALE TUNISIA 10,MILANO,C7 - 	 Life Sciences & Digital Health,,soundsafecare,,"Soundsafe Care is a medtech company that combines robotics and ultrasound into an innovative medical device. We aim to eliminate the side effects of the current standards of oncological care used in hospitals and veterinary clinics. Indeed, we offer a product that can revolutionize tumor treatment both for humans and companion animals. Our revenue will come from a monthly loan combined with a pay-per-use model. Currently, we have five veterinary clinics that can pre-commercially use our device.",No,,,2023,Between 1M and 5M,,Life Sciences,"October 23, 2024 10:30 PM",,,,,12985950968,,,1,,,,Startup Acceleration,MI,Tuscany,,,,,,,https://soundsafecare.com,20124
Hyntelo,,VIA DEL GESU' 62,ROMA,C7 - 	 Life Sciences & Digital Health,,hyntelo,,"Hyntelo is an AI Solutions Company that provides Artificial Intelligence software and professional services. We aim to unlock the power of data insights for our clients, especially in the Pharma and Life Science sectors. We offer our modular flagship product Lyriko, which stands out for improving customer engagement with AI, leveraging CRM interactions and enriched data. Our revenue comes from software license subscriptions and projects.",No,,,2015,<1M (undisclosed),,Life Sciences,"October 23, 2024 10:00 PM",,,,,13485741006,,,1,,,,SMEs Traction,RM,Tuscany,,,,,,,https://hyntelo.com/,00186
Gamastech,,CSO DELLE PROVINCE 116,CATANIA,C7 - 	 Life Sciences & Digital Health,,gamastech,,"Gamastech is an innovative SME specialising in medical infusion systems. We currently sell the Exacta Number One elastomeric infusion pump worldwide. Thanks to our R&D department, well supported by the CNR, we have developed the first flat ambulatory device with bag, not in elastomeric material, but in thermoplastic material. This opens a new era in our segment, thanks to the possibility of pre-loading the product with the patient solution.",No,,,2009,<1M (undisclosed),,Life Sciences,"October 23, 2024 10:37 PM",,,,,04696470873,,,1,,,,SMEs Traction,CT,Sicily,,,,,,,https://www.gamastech.com/en/home,95127
Kither Biotech,,VIA NIZZA 52,TORINO,C7 - 	 Life Sciences & Digital Health,,kitherbiotech,,"We are a pre-clinical stage company developing therapies for rare pulmonary diseases. We have unique expertise leading to strongly improved product delivery to the lung. Our key product KIT2014 is a proprietary compound to treat Cystic Fibrosis, with pre-clinical data showing a superior mode of action vs. the current standard of care. Our revenue model is based on fees from licensing KIT2014 upon reaching the clinical stage. Our potential clients are Pharma companies.",No,,,2011,Between 15M and 30M,,Life Sciences,"October 23, 2024 10:04 PM",,,,,10615040010,,,1,,,,SMEs Traction,TO,Piedmont,,,,,,,https://kitherbiotech.com,10126
Lab Service Analytica,,"VIA
  EMILIA 51/C",ANZOLA DELL'EMILIA,C7 - 	 Life Sciences & Digital Health,,labserviceanalytica,,"Lab Service Analytica srl is an innovative SME company active since 1984 in the field of production and distribution of analytical instrumentation essential to perform analysis, measurement campaigns, quality control and research in the fields of: analytical, food, environmental and in polymer characterization.",No,,,1984,<1M (undisclosed),,Life Sciences,"October 23, 2024 10:36 PM",,,,,01512281203,,,1,,,,SMEs Traction,BO,Emilia-Romagna,,,,,,,https://labservice.it,40011
Techinnova,,VIA GIOVANNI DURANDO 38,MILANO,C7 - 	 Life Sciences & Digital Health,,techinnova,,"Techinnova S.p.A. is a Milan-based company specializing in the incubation of innovative startups and technology transfer. Originally founded as a consulting firm, Techinnova has evolved into a hub of expertise in various industries, including robotics and healthcare (https://techinnova.eu/en/company/). In the robotics and healthcare sector, Techinnova has shown its versatility by developing the COMMITMENT and HEIPS projects https://techinnova.eu/en/projects/",No,,,2007,Between 5M and 15M,,"Life Sciences, Medical Device","November 12, 2024 9:08 PM",,,,DB%20Companies/Techinnova_One_Pager.pdf,03015970126,,,2-SF,,,,SMEs Traction,MI,Lombardy,,,,15,,"€7,500,000.00",https://techinnova.eu,20158
Develop-Players,,VIA PASSO CORELLI 35,CESENA,C7 - 	 Life Sciences & Digital Health,,develop-players,,"Develop-Players is a software company that develops videogames for the cognitive assessment and training of kids and adolescents with neurodevelopmental disorders . We aim to give schools, psychologists, and families a quicker, personalised, enjoyable, and more affordable way to carry out testing and rehabilitation. Our revenue model is an annual or monthly SaaS licensing. Currently, we have 60+ schools and 2,000+ students in Italy.",No,,"
Mariagrazia Benassi,
Luca Formica",2021,<1M (undisclosed),,"Digital Health, Life Sciences","October 23, 2024 9:43 PM",,,,DB%20Companies/Develop_Players_One_Pager.pdf,04584230405,"
Mariagrazia Benassi (https://www.notion.so/Mariagrazia-Benassi-7f1acdad66aa47c6823dfc1aaa2ed153?pvs=21), 
Luca Formica (https://www.notion.so/Luca-Formica-e7bd37a11e8c441ca75f142bfbc49724?pvs=21)",,2-SF,,,,SMEs Traction,FC,Emilia-Romagna,,"
Mariagrazia Benassi,
Luca Formica","
https://www.linkedin.com/in/mariagrazia-benassi-23893134/?originalSubdomain=it
,
https://www.linkedin.com/in/luca-formica/?originalSubdomain=it
",,,,https://www.develop-players.com,47522
ChemiCare,,"CORSO
  TRIESTE 15/A",NOVARA,C7 - 	 Life Sciences & Digital Health,,chemicare,,"ChemiCare is an innovative SME that develops new therapeutic solutions for unmet medical needs such as rare and autoimmune diseases. We offer an innovative small molecule (CIC-39), distinguished by the unique capacity to restore physiological calcium levels in cells. To date, our revenue came from consulting services. Our business model is built around the future licensing of the IP portfolio to a pharmaceutical company that will commercialize the drug.",No,,"
Beatrice Riva,
Luigi Azzarone",2016,Between 1M and 5M,,"Life Sciences, Therapeutics","November 15, 2024 9:31 PM",,,,DB%20Companies/ChemiCare_One_Page.pdf,02505930038,"
Beatrice Riva (https://www.notion.so/Beatrice-Riva-ba75cfbe1f8540358c64487db0128e07?pvs=21), 
Luigi Azzarone (https://www.notion.so/Luigi-Azzarone-cdb2ce0da07149aaa543b200a94cfc85?pvs=21)",,2-SF,,,,SMEs Traction,NO,Piedmont,,"
Beatrice Riva,
Luigi Azzarone","
https://www.linkedin.com/in/beatrice-riva-62363659/?originalSubdomain=it
,
https://www.linkedin.com/in/luigi-azzarone-1b348119b/?locale=en_US
",3,,"€1,072,485.00",https://www.chemicare.it/,28100
Awentia,,VIALE D'AGOSTINO 151/D,IMOLA,C7 - 	 Life Sciences & Digital Health,,awentia,,"Awentia enables the translation of contextual images from distributed assets into real-time data and information, empowering business decision-makers to enhance the results and security of their production processes by reducing waste and unexpected events through a proprietary end-to-end data qualification system",No,,,2022,Between 0 and 500k,,Life Sciences,"October 23, 2024 9:21 PM",,,,,04049161203,,,1,,,,Startup Acceleration,BO,Emilia-Romagna,,,,,,,https://awentia.com/,40026
Linari Medical,,VIA MALASOMA 26,PISA,C7 - 	 Life Sciences & Digital Health,,linarimedical,,"Linari Medical provide a medical device for remote neuro-visual rehabilitation. We aim to overcome geographical limitation in visual and cognitive rehabilitation for patients with stroke, head trauma and brain cancer. We offer integrated device, AI and cloud service, distinguished by international patent and hundreds of happy patients. Our revenue comes mainly from device renting at the patient via our network of certified ophthalmologists. Patients grow 10x in the last 3 months.",No,,"Stefano Linari,
Caterina Stimola",2019,Between 1M and 5M,,"Life Sciences, Medical Device","November 12, 2024 9:05 PM",,,,DB%20Companies/Linari_Medical_One_Pager.pdf,02316700505,"Stefano Linari (https://www.notion.so/Stefano-Linari-7a44124830ca4fa4840335b8bf82be22?pvs=21), 
Caterina Stimola (https://www.notion.so/Caterina-Stimola-c32b1cb2a44d4119a9a18332b00ca445?pvs=21)",,2-SF,,,,Startup Acceleration,PI,Tuscany,,"Stefano Linari,
Caterina Stimola","
https://www.linkedin.com/in/slinari/?locale=it_IT
,
https://www.linkedin.com/in/caterina-stimola-9219a5177/?originalSubdomain=it
",10,,"€2,000,000.00",https://www.linarimedical.com,56121
DRB,,"VIA E
  TOTI 29",MONZA,C8 - Green Energy / CleanTech / ClimateTech / AgriFood Tech,,drb,,"DRB is a technology provider that develops easy-to-use and cost-effective solutions for automatic drone asset inspections and innovative air mobility. We simplify and reduce the costs of asset maintenance, and we enable safe innovative mobility services. We uniquely combine our patented localization solution and DRB proprietary AI SW. Our revenue comes from renting the inspection solution and by licensing. Currently, we have clients among the most relevant energy companies.",No,,,2016,,,Green Energy,"October 23, 2024 9:45 PM",,,,,09729170960,,,1,,,,SMEs Traction,MB,Lombardy,,,,,,,http://drb.aero,20900
Groower,,VIA GANDHI 9,CAMBIAGO,C8 - Green Energy / CleanTech / ClimateTech / AgriFood Tech,,groower,,"Groower engineers, manufactures and markets, consumables for agricultural use that are 100% plastic free, biodegradable and can provide advantages over plastic consumables used to date. Our mission, shared by the EU with the Green Deal 2022, is to remove plastic from cultivated soils. We offer a mulch sheet composed entirely of natural components that provides breathability, permeability, avoids water stagnation, avoids excess temperatures, ensures the life of microorganisms.",No,,,2021,,,"Agri Tech, AgriTech","October 23, 2024 9:59 PM",,,,,11660860963,,,1,,,,SMEs Traction,MI,Lombardy,,,,,,,https://www.prime-plant.com,20040
Western CO,,VIA PASUBIO N 1-3,SAN BENEDETTO DEL TRONTO,C8 - Green Energy / CleanTech / ClimateTech / AgriFood Tech,,westernco,,"Western CO products are the result of a persistent and continuous investment in Research and Development, as well as the professionalism of the staff and the business know-how acquired over many years have made Western CO. synonymous with reliability and expertise in the off-grid PV sector. Mission: Innovation and research of systems for the exploitation of renewable sources towards the concept of ""widespread self-production",No,,,1984,,,Green Energy,"October 23, 2024 10:33 PM",,,,,01192450441,,,1,,,,SMEs Traction,AP,The Marches,,,,,,,https://www.western.it/en/,63074
Is CLEAN AIR,,"VIA
  SARDEGNA 50 C/O STUDIO LEGALE",ROMA,C8 - Green Energy / CleanTech / ClimateTech / AgriFood Tech,,iscleanair,,"Purifies ambient air with its APA technology, creating healthier, energy-efficient environments with 200+ installations and 20+ patents.",No,,John Bardi,2015,Between 5M and 15M,,CleanTech,"October 23, 2024 10:02 PM",,,DB%20Companies/IsCleanAir_logo.png,,02368940223,John Bardi (https://www.notion.so/John-Bardi-412558a1ca254a75b64769e9cbc4323b?pvs=21),,2-No SF,,,,SMEs Traction,RM,Latium,,John Bardi,https://www.linkedin.com/in/john-bardi-192a62204/,,,,https://www.iscleanair.com/wp/en/,00187
Hexagro,,VIA COLONNETTA 2,MILANO,C8 - Green Energy / CleanTech / ClimateTech / AgriFood Tech,,hexagro,,"Empowers urban farming with modular gardens and AI guidance, enabling communities to produce local food sustainably.",No,,Felipe Hernandez,2017,Between 1M and 5M,,AgriTech,"October 23, 2024 10:00 PM",,,"DB%20Companies/Hexagro_Vertical_Logo.png, DB%20Companies/Hexagro_Vertical_Logo_White.png, DB%20Companies/Hexagro_logo__tagline_white.png",DB%20Companies/Hexagro_One_Pager.pdf,09712390963,Felipe Hernandez (https://www.notion.so/Felipe-Hernandez-27449b1b82014ada8596638c708e2408?pvs=21),,2-SF,,,,SMEs Traction,MI,Lombardy,,Felipe Hernandez,https://www.linkedin.com/in/fhvdesign/,,,,https://www.hexagro.io/,20122
NExT,,"VIALE
  DELL'INDUSTRIA 19",PADOVA,C8 - Green Energy / CleanTech / ClimateTech / AgriFood Tech,,next,,"NExT is a SRL(ltd) company that designs, develops and produces electric vehicles with unique modular capabilities and specific autonomous features.Our product optimizes transportation efficiency in terms of operation costs, vehicles usage rate and capacity, use of vehicular urban space, for both public and on-demand transportation. Our revenue will come from vehicle sales.Municipalities, governments and private operators remarked interest for our product and we delivered paid tests of its feats.",No,,,2017,,,CleanTech,"October 23, 2024 10:17 PM",,,,,04854380260,,,1,,,,SMEs Traction,PD,Veneto,,,,,,,https://www.next-future-mobility.com/,35129
Biotitan Nanotechnology,,MELCHIORRE GIOIA 82,MILANO,C8 - Green Energy / CleanTech / ClimateTech / AgriFood Tech,,biotitannanotechnology,,"Innovates water-based coatings for surfaces, offering long-lasting anti-slip and antibacterial properties without altering aesthetics, revolutionizing maintenance for various sectors with $200k revenue.",No,,"Nicolò  Iaia,Beatrice Carolina Iaia",2010,<1M (undisclosed),,CleanTech,"October 23, 2024 9:23 PM",,,DB%20Companies/Scala_di_Grigio.png,DB%20Companies/Biotitan_One_Pager.pdf,02436890426,"Nicolò  Iaia (https://www.notion.so/Nicol-Iaia-277905ce1b8b4b908dd8fd9d0b466216?pvs=21), Beatrice Carolina Iaia (https://www.notion.so/Beatrice-Carolina-Iaia-c50d0eb0cbe14c0192e290537441230b?pvs=21)",,2-SF,,,,SMEs Traction,MI,Lombardy,,"Nicolò  Iaia,Beatrice Carolina Iaia","https://www.linkedin.com/company/71231507/admin/feed/posts/,https://www.linkedin.com/in/beatrice-carolina-iaia-214557134/",,,,https://biotitan.it/en/homepage/,20125
Truesense,,VIALE LOMBARDIA 217,MONZA,C8 - Green Energy / CleanTech / ClimateTech / AgriFood Tech,,truesense,,"Disruptive platform solutions provider that focuses on Ultrawideband Ranging & Radar applications, Edge AI Software and Innovative IoT. Solving a real world Problem: Anytime we need precise location (indoor and outdoor), tracking, accuracy, security and low latency, the UWB Ranging capability is the answer to the problem. Anytime we need presence detection, breathing detection, monitoring in total privacy respect, the UWB Radar capability is the answer to the problem.",No,,,2020,,,CleanTech,"October 23, 2024 10:32 PM",,,,,11283690961,,,2-No SF,,,,SMEs Traction,MB,Lombardy,,,,,,,https://www.truesense.it,20900
Plantvoice,,"VIA
  ALESSANDRO VOLTA 13/A",BOLZANO,C8 - Green Energy / CleanTech / ClimateTech / AgriFood Tech,,plantvoice,,"Optimizes agriculture with stress-monitoring biosensors for plant care, generating revenue from sensor sales, API services, and data analysis subscriptions.",No,,Matteo Beccatelli,2023,<1M (undisclosed),,AgriTech,"October 23, 2024 10:23 PM",,,"DB%20Companies/PlantVoice_Black_Logo.png, DB%20Companies/Results_Table.png",DB%20Companies/Plantvoice_One_Pager.pdf,03225710213,Matteo Beccatelli (https://www.notion.so/Matteo-Beccatelli-99dd0d4912d04f1ca82eeb42ec062c01?pvs=21),,2-SF,,,,SMEs Traction,BZ,Trentino-South Tyrol,,Matteo Beccatelli,https://www.linkedin.com/in/matteo-beccatelli-104240137/,,,,https://plantvoice.it/,39100
Getra,,"VIA G PORZIO CENTR DIREZ IS
  E/5",NAPOLI,C8 - Green Energy / CleanTech / ClimateTech / AgriFood Tech,,getra,,"Leader in power transformers and grid solutions, enhancing transmission and distribution efficiency with sustainable, eco-compatible solutions like Smart Grids and renewable resources.",No,,"Ciro Sannino,Giuseppe D'Avino",2007,Between 1M and 5M,,CleanTech,"October 23, 2024 9:59 PM",,,"DB%20Companies/Getra_75th_Anniversary_Logo.png, DB%20Companies/Getra_75_anni_logo.png",DB%20Companies/Gruppo_Getra_One_Pager.pdf,04222840631,"Ciro Sannino (https://www.notion.so/Ciro-Sannino-cd1290ea301d408ba713838ea04d3483?pvs=21), Giuseppe D'Avino (https://www.notion.so/Giuseppe-D-Avino-acc540aa40c34ccbbb3c3bbc9ff1c0d8?pvs=21)",,2-SF,,,,SMEs Traction,NA,Campania,,"Ciro Sannino,Giuseppe D'Avino","https://www.linkedin.com/in/ciro-sannino1/,https://www.linkedin.com/in/giuseppe-d-avino-1b4563146",,,,https://www.getra.it/en/,80143
SCUTER,,VIA MARSALA 29H,ROMA,C8 - Green Energy / CleanTech / ClimateTech / AgriFood Tech,,scuter,,"Provides a free-floating urban commuting service with Italian-designed e-vehicles, targeting traffic congestion and pollution with a pay-per-use and licensing model.",No,,Luca Ruggeri,2015,Between 1M and 5M,,CleanTech,"October 23, 2024 10:28 PM",,,"DB%20Companies/Scuter_RGB_Logo.png, DB%20Companies/Scuter_RGB_Logo_White.png",DB%20Companies/Scuter.co_One_Pager.pdf,13474081000,Luca Ruggeri (https://www.notion.so/Luca-Ruggeri-cfd260cde8cd4c2e8f5cffd67d2a335e?pvs=21),,2-SF,,,,SMEs Traction,RM,Latium,,Luca Ruggeri,https://www.linkedin.com/in/ruggeriluca,,,,https://scuter.co,00185
INVENTVM Semiconductor,,VIALE ALESSANDRO BRAMBILLA 60,PAVIA,C8 - Green Energy / CleanTech / ClimateTech / AgriFood Tech,,inventvmsemiconductor,,"INVENTVM is a fabless emiconductor company specialized in the desing of power management and audio mixed signal integrated circuits addressing consumer and automotive market with best in class performance, efficiency and innovative architectures always pushing the technology boundaries",No,,,2017,,,CleanTech,"October 23, 2024 10:01 PM",,,,,09899780960,,,1,,,,SMEs Traction,PV,Lombardy,,,,,,,https://www.inventvm.com,27100
MAMMT,,VIA MODENA 55,TORINO,C8 - Green Energy / CleanTech / ClimateTech / AgriFood Tech,,mammt,,MAMMT is a food-tech startup that delivers customized meals for lunch break. We aim to solve the struggle of choosing the right meal for employees and freelancers aggregating their demand to local restaurants. We offer a surprise meal selected according the users dislikes and preferences. Our revenue comes from B2C odaily orders and B2B events orders. We closed 2023 with 380k € of revenues (10% of which B2B),No,,,2023,,,FoodTech,"October 23, 2024 10:06 PM",,,,,12953840019,,,2-No SF,,,,SMEs Traction,TO,Piedmont,,,,,,,https://www.mammtfood.it,10153
Ganiga Innovation,,VIA VALDINIEVOLE NORD 66,BIENTINA,C8 - Green Energy / CleanTech / ClimateTech / AgriFood Tech,,ganigainnovation,,"Ganiga's algorithm identifies waste types, sorting them efficiently with a smart bin, reducing waste management costs. Our B2B clients include corporates, airports, malls, and sports centers.Our innovation combines technology and innovation to improve waste differentiation and reduce CO2. Revenue comes from bin rental/sales, software, data collection, advertising, and maintenance.Clients include Unicoop F, Agos, Gov of Pisa,UniPI, and Enel. Pilot planned with Google It and Bologna airport",No,,,2021,,,CleanTech,"October 23, 2024 9:59 PM",,,,,02420420503,,,1,,,,SMEs Traction,PI,Tuscany,,,,,,,https://ganiga.it/en/,56031
Test 1,,VIA CORSICA 143,BRESCIA,C8 - Green Energy / CleanTech / ClimateTech / AgriFood Tech,,test1,,"Test1 is an innovative company producing a patented polymer for hydrocarbon absorption and reuse. Our mission is to safeguard water resources and promote a circular economy, focusing on spill management.  Our revenue comes from sales to environmental solution providers, hydrocarbon transport companies, and governments. We've gained significant traction, collaborating with key industry players and conducting successful trials, positioning us at the forefront of oil spill management solutions.",No,,,2014,,,CleanTech,"October 23, 2024 10:31 PM",,,,,03597320989,,,1,,,,SMEs Traction,BS,Lombardy,,,,,,,https://t1.solutions/,25125
Evolvee,,VIA GRAMSCI 15,MOLINELLA,C8 - Green Energy / CleanTech / ClimateTech / AgriFood Tech,,evolvee,,"Conkreta Robotics is a brand of Evolvee Srl a start up that due IA, collaborative robots and vision systems to bring innovation in Agritech industry.",No,,,2023,,,AgriTech,"October 23, 2024 9:48 PM",,,,,04110491208,,,1,,,,SMEs Traction,BO,Emilia-Romagna,,,,,,,https://conkretarobotics.com,40062
ENPHOS,,VIA GIUSEPPE ZORZI 7,VERONA,C8 - Green Energy / CleanTech / ClimateTech / AgriFood Tech,,enphos,,"ENPHOS S.R.L. is an Italian company based in Verona (Venice Region) active since 2020 in the design, development and sales of innovative solutions for a Sustainable and Circular Economy.",No,,Carlo Rivis,2020,,,Green Energy,"October 23, 2024 9:46 PM",,,"DB%20Companies/Enphos_Logo_High_Definition.jpg, DB%20Companies/Enphos_Logo_Negative.png",DB%20Companies/ENPHOS_One_Pager.pdf,04310660248,Carlo Rivis (https://www.notion.so/Carlo-Rivis-506ce50021504e7cbc25925faefc6a2a?pvs=21),,2-No SF,,,,SMEs Traction,VR,Veneto,,Carlo Rivis,https://www.linkedin.com/in/carlorivis/,,,,https://enphos.com,37138
Partitalia,,VIA VARESE 26/28,LAINATE,C8 - Green Energy / CleanTech / ClimateTech / AgriFood Tech,,partitalia,,"Specializes in IoT solutions for optimizing waste collection and reducing environmental impact, enhancing quality and traceability of waste deliveries.",No,,"Luca Del Col,Marco Bavastrelli",2004,<1M (undisclosed),,CleanTech,"October 23, 2024 10:22 PM",,,"DB%20Companies/Partitalia_Logo_2023.png, DB%20Companies/Results_Table_Image.png",DB%20Companies/Partitalia_One_Pager.pdf,04446440960,"Luca Del Col (https://www.notion.so/Luca-Del-Col-60bc3c0e162d4bc5b9b390d7c68b644c?pvs=21), Marco Bavastrelli (https://www.notion.so/Marco-Bavastrelli-94a7ce067e134374a88fac69f77bb696?pvs=21)",,2-SF,,,,SMEs Traction,MI,Molise,,"Luca Del Col,Marco Bavastrelli","https://www.linkedin.com/in/luca-del-col-balletto/,https://www.linkedin.com/in/marco-bavastrelli/",,,,https://www.partitalia.com/en/,20045
Agrobit,,VIA FIUME 11,FIRENZE,C8 - Green Energy / CleanTech / ClimateTech / AgriFood Tech,,agrobit,,"Agrobit is an agritech startup that offers terrestrial imaging solution like iAgro, a decision support mobile app to help farmers, agro-technicians and agrochemical companies taking better decisions in agro-inputs management with AI, AR, 3D modelling (digital twin) and cloud-computing. Our revenue comes from an annual-based subscription model with 4 different plans.",No,,,2022,,,AgriTech,"October 23, 2024 9:13 PM",,,,,07166840483,,,1,,,,SMEs Traction,FI,Tuscany,,,,,,,https://www.agrobit.ag/,50123
Roboze,,VIA VINCENZO AULISIO 31/33,BARI,C8 - Green Energy / CleanTech / ClimateTech / AgriFood Tech,,roboze,,"Manufacturer of High Performance 3d Printers, materials and parts.",No,,,2013,,,CleanTech,"October 23, 2024 10:25 PM",,,,,07513040720,,,1,,,,SMEs Traction,BA,Apulia,,,,,,,https://roboze.com,70124
Clickwash,,LUIGI MENGONI 9,MILANO,C8 - Green Energy / CleanTech / ClimateTech / AgriFood Tech,,clickwash,,Clickwash is an innovative marketplace online that allows the user to request a home laundry service by app.,No,,,2020,,,CleanTech,"October 23, 2024 9:40 PM",,,,,11181230969,,,2-No SF,,,,SMEs Traction,MI,Lombardy,,,,,,,https://www.clickwash.it,20152
The Okapi Network,,VIA SAN LAZZARO 12,BERGAMO,C8 - Green Energy / CleanTech / ClimateTech / AgriFood Tech,,theokapinetwork,,"The Okapi Network offer the home and personal care eco-friendly products under the brand R5. Okapi's R5 product line features water-free, concentrated formulas, no-need for single-use plastic bottles, and use of materials derived from industrial waste, drastically cutting the huge environmental footprint of this kind of products.The revenue model targets B2C through digital channels (proprietary and third parties’) and physical retailers, generating approximately €500K annually, and B2B.",No,,,2019,,,CleanTech,"October 23, 2024 10:31 PM",,,,,04421340169,,,2-No SF,,,,SMEs Traction,BG,Lombardy,,,,,,,https://r5living.com,24122
Limenet,,VIA FILANDA MAGGIORE 5,GALBIATE,C8 - Green Energy / CleanTech / ClimateTech / AgriFood Tech,,limenet,,"Combats climate change and ocean acidification by converting CO2 into calcium bicarbonate, selling carbon credits with a $600k pre-purchase agreement.",No,,"Giovanni Bolis,Stefano Cappello",2023,Between 1M and 5M,,ClimateTech,"October 23, 2024 10:06 PM",,,"DB%20Companies/Limenet_logo.svg, DB%20Companies/Limenet_logo.png, DB%20Companies/Limenet_logo%201.png",DB%20Companies/Limenet_One_Pager.pdf,04085430132,"Giovanni Bolis (https://www.notion.so/Giovanni-Bolis-8fa3ca541d0e48dca6597be78ca2d1b1?pvs=21), Stefano Cappello (https://www.notion.so/Stefano-Cappello-f31e07c3273f400bbe886b402a7a460f?pvs=21)",,2-SF,,,,SMEs Traction,LC,Lombardy,,"Giovanni Bolis,Stefano Cappello","https://www.linkedin.com/in/giovanni-bolis-b75437173/,https://www.linkedin.com/in/stefano-cappello/",,,,https://limenet.tech/en/,23851
Smartisland Group,,"VIA MELI
  GIOVANNI 11",NISCEMI,C8 - Green Energy / CleanTech / ClimateTech / AgriFood Tech,,smartislandgroup,,"Smartisland is a startup whose mission is to develop visual and visual hardware and software technologies for the IoT.Smart Farm, our product for Agtech, is an innovative hardware and software solution that continuously monitors and analyzes plant health, development and stress, through sensors and cameras installed in the crops. Our technology allows us to collect climatic data in the field and provides predictive analysis to the farmer via web and mobile platforms.",No,,,2016,,,CleanTech,"October 23, 2024 10:30 PM",,,,,01980250854,,,2-No SF,,,,SMEs Traction,CL,Sicily,,,,,,,https://smartisland.it/,93015
LinkeGreen,,"VIA SS.266 USC.AUTOSTRADA A30
  SNC",CASTEL SAN GIORGIO,C8 - Green Energy / CleanTech / ClimateTech / AgriFood Tech,,linkegreen,,"Digitizes matchmaking in the greenfield renewable energy market, reducing environmental impact by profiling investor needs through an innovative platform.",No,,"Giulio Augenti,Giuseppe Andrea D'Alessio",2023,<1M (undisclosed),,ClimateTech,"October 23, 2024 10:06 PM",,,"DB%20Companies/Results_Table_(1).png, DB%20Companies/Results_Table_copy.png",,06148460659,"Giulio Augenti (https://www.notion.so/Giulio-Augenti-f613a9b573984743a677b4b94ba91226?pvs=21), Giuseppe Andrea D'Alessio (https://www.notion.so/Giuseppe-Andrea-D-Alessio-37db71faae9041c9a8f768004a964edc?pvs=21)",,2-No SF,,,,SMEs Traction,SA,Campania,,"Giulio Augenti,Giuseppe Andrea D'Alessio","https://www.linkedin.com/in/giulio-augenti-682787178/,https://www.linkedin.com/in/giuseppeandreadalessio/",,,,https://linkegreen.it/en/homepage-eng/,84083
Komete,,VIA ROMA 104,COLLEBEATO,C8 - Green Energy / CleanTech / ClimateTech / AgriFood Tech,,komete,,"Boosts factory efficiency and green transition by automating data collection with AIoT, reducing inefficiencies and paper usage by 30%, offering IoT as-a-service.",No,,Francesco Gaetarelli,2021,Between 0 and 500k,,CleanTech,"October 23, 2024 10:04 PM",,,DB%20Companies/Komete_Logo.png,DB%20Companies/Komete_One_Pager.pdf,04266360983,Francesco Gaetarelli (https://www.notion.so/Francesco-Gaetarelli-264e6ecdcdde4e3ba0b5f7b0cd3ef50d?pvs=21),,2-SF,,,,SMEs Traction,BS,Lombardy,,Francesco Gaetarelli,https://www.linkedin.com/in/francescogeta/,,,,https://komete.io/en/,25060
Authentico,,"VIA
  DEPRETIS N 51",NAPOLI,C8 - Green Energy / CleanTech / ClimateTech / AgriFood Tech,,authentico,,We are a “PMI innovative” that offers foodtech traceability solutions leveraging blockchain technology. We help food companies be more transparent to consumers by demonstrating the true origin of ingredients and environmental sustainability.We offer a platform in SAAS for a serious blockchain supply chain traceability distinguished by being a full solution for ISO 22005 traceability by involving all companies in the supply chain. Our revenue comes from setup + monthly fee. We have +40 clients,No,,,2017,,,CleanTech,"October 23, 2024 9:21 PM",,,,,08589901217,,,2-No SF,,,,SMEs Traction,NA,Campania,,,,,,,https://www.authentico-ita.org/,80133
Qi4M,,VIA UMBERTO GIORDANO 70,ROMA,C9 - Fintech & Insurtech / Startup Bootcamp,,qi4m,,"Integrates AI into investment processes, optimizing strategies with analytics and ML, serving asset managers through the Qi-Platform.",No,,"Davide Massenzana,Vittorio Carlei",2017,Between 1M and 5M,,Fintech,"March 18, 2026 6:27 PM",,,"DB%20Companies/dba5d45edbe9-qi4m.png, DB%20Companies/0441bf33939f-QI4M_logo_white.png",DB%20Companies/One_Pager_-_Qi4M.pdf,14495731003,"Davide Massenzana (https://www.notion.so/Davide-Massenzana-f89eb85bfe954d41a7cabd2c02a9b0de?pvs=21), Vittorio Carlei (https://www.notion.so/Vittorio-Carlei-e1068fac5c9a4c868d5edf7c17f1d59e?pvs=21)",,2-SF,DB%20Companies/Deck_-_Qi4M.pdf,,,SMEs Traction,RM,Latium,,"Davide Massenzana,Vittorio Carlei","https://www.linkedin.com/in/massda/,https://www.linkedin.com/in/carlei/",,,,https://www.qi4m.com/,00124
AerariumChain,,VIA DANTE ALIGHIERI 130,SESTO SAN GIOVANNI,C9 - Fintech & Insurtech / Startup Bootcamp,,aerariumchain,,"Provides advanced solutions for Heritage and Fine Art sectors, offering 3D scan-based monitoring and blockchain services, with €500k annual revenue.",No,,"Danilo Rea,Maurizio Rea",2014,Between 500k and 1M,,Blockchain,"March 18, 2026 6:27 PM",,,"DB%20Companies/ad149033bc76-images.png, DB%20Companies/2d8b97432f79-download.png",DB%20Companies/One_Pager_-_AerariumChain.pdf,08833540969,"Danilo Rea (https://www.notion.so/Danilo-Rea-a99727c7a10c4f2a93a6f5439fb19c55?pvs=21), Maurizio Rea (https://www.notion.so/Maurizio-Rea-61e7f3c4ed884fa791169a619ab94f1f?pvs=21)",,2-SF,DB%20Companies/Deck_-_AerariumChain.pdf,,,SMEs Traction,MI,Lombardy,,"Danilo Rea,Maurizio Rea","https://www.linkedin.com/in/danilorea,https://www.linkedin.com/in/mauriziorea",,,,https://aerariumchain.com/,20099
Builti,,VIA GUELFA 5,BOLOGNA,C9 - Fintech & Insurtech / Startup Bootcamp,,builti,,"SaaS solutions for civil engineering, integrating IoT, predictive analytics, and project management tools for asset managers and HSEQ.",No,,,2018,<1M (undisclosed),,Fintech,"March 18, 2026 6:27 PM",,,,,03735391207,,,2-No SF,,,,SMEs Traction,BO,Emilia-Romagna,,,,,,,https://www.builti.it,40138
BonusX,,VIA ROBERTO LE PETIT 18,MILANO,C9 - Fintech & Insurtech / Startup Bootcamp,,bonusx,,"Digital service matching users with eligible benefits, streamlining document management, and generating revenue from commissions and subscriptions.",No,,,2020,Between 1M and 5M,,Fintech,"March 18, 2026 6:27 PM",,,,,11237050965,,,1-No,,,,SMEs Traction,MI,Lombardy,,,,,,,https://bonusx.it/,20124
menumal.it,,"VIA CASE
  ROSSE 231",SERAVEZZA,C9 - Fintech & Insurtech / Startup Bootcamp,,menumal.it,,"Hyper-scalable SaaS menu with deep customization and integration, generating €8500 turnover in its first month with local restaurants.",No,,,2023,<1M (undisclosed),,Fintech,"March 18, 2026 6:27 PM",,,,,02664270465,,,1-No,,,,SMEs Traction,LU,Tuscany,,,,,,,https://menumal.it,55047
Azimut Marketplace,,CORSO DI PORTA ROMANA 6,MILANO,C9 - Fintech & Insurtech / Startup Bootcamp,,azimutmarketplace,,"One-stop-shop for SMEs’ financial needs, offering services like instant lending and invoice discounting, with €1.4M YtD revenue.",No,,"Marco Montagnani,Giulio Cardilli",2021,Between 5M and 15M,,Fintech,"March 18, 2026 6:27 PM",,,"DB%20Companies/276022a7d7b2-Azimut_Marketplace_colori_RGB.png, DB%20Companies/64e1bc260069-Azimut_Marketplace_white.png",DB%20Companies/One_Pager_-_Azimut_Marketplace.pdf,11752050960,"Marco Montagnani (https://www.notion.so/Marco-Montagnani-0550f538022b445496cc0f36b0e0b652?pvs=21), Giulio Cardilli (https://www.notion.so/Giulio-Cardilli-a1fe60a66a1a4ba899b78fbc81066733?pvs=21)",,2-No SF,,,,SMEs Traction,MI,Lombardy,,"Marco Montagnani,Giulio Cardilli","https://www.linkedin.com/in/marco-montagnani-2516675/,https://www.linkedin.com/in/giuliocardilli0907/",,,,https://azimutmarketplace.it/,20122
LUXEVIEW,,VIALE BRUNO BUOZZI N 102,ROMA,C9 - Fintech & Insurtech / Startup Bootcamp,,luxeview,,"B2B solution for privacy-first PII access and usage monitoring, keeping compliance with privacy laws under control.",No,,"Davide Campofredano,Alessandro Cavallo",2015,Bootstrapped,,Fintech,"March 18, 2026 6:27 PM",,,"DB%20Companies/74b6f396a389-luxeview_logo_positive.png, DB%20Companies/25752f6013a0-luxeview_logo_negative.png",DB%20Companies/One_Pager_-_Luxeview.pdf,13628901004,"Davide Campofredano (https://www.notion.so/Davide-Campofredano-0d8f2e9f735a4818b6e0ded5d55090e8?pvs=21), Alessandro Cavallo (https://www.notion.so/Alessandro-Cavallo-4d584624b03f49c19a6fd62e64c65b5e?pvs=21)",,2-SF,DB%20Companies/Deck_-_LuxeView.pdf,,,SMEs Traction,RM,Latium,,"Davide Campofredano,Alessandro Cavallo","https://www.linkedin.com/in/davidecampofredano/,https://www.linkedin.com/in/alessandrocavallo/",2,,,https://www.luxeview.ai/,00197
ring33,,CORSO SEMPIONE 8,MILANO,C9 - Fintech & Insurtech / Startup Bootcamp,,ring33,,"Fintech/proptech startup offering a rent-to-own solution for millennials, using machine learning for property matchmaking, with revenue from asset management.",No,,Davide Villano,2019,<1M (undisclosed),,"Fintech, Proptech","October 23, 2024 10:25 PM",,,"DB%20Companies/ac2b74760b7d-LOGOTYPE_Verdone.png, DB%20Companies/9b37bb4830c6-LOGOTYPE_Rosa.svg",DB%20Companies/One_Pager_-_Ring33.pdf,11079090962,Davide Villano (https://www.notion.so/Davide-Villano-c9ab734c287e409789224e473f028eae?pvs=21),,2-No SF,DB%20Companies/Deck_-_Ring33.pdf,,,SMEs Traction,MI,Lombardy,,Davide Villano,https://www.linkedin.com/in/davidevillano/,,,,https://www.ring33.com,20154
Veycore,,"VIA
  GALANTA 2",MELZO,C9 - Fintech & Insurtech / Startup Bootcamp,,veycore,,"Provides a vehicle monitoring and care platform for car owners. fleet managers, insurance providers, partnering with major companies like Hertz and Mapfre.",No,,,2013,Between 1M and 5M,,Fintech,"March 18, 2026 6:27 PM",,,,,08355600969,,,1-No,,,,SMEs Traction,MI,Lombardy,,,,,,,https://veycore.com/,20066
Krateo,,IA ENRICO FERMI 11,VERONA,C9 - Fintech & Insurtech / Startup Bootcamp,,krateo,,"Develops Krateo PlatformOps, an open-source automation platform for enterprise companies to standardize and increase Cloud Native adoption.",No,,,2023,<1M (undisclosed),,Fintech,"October 23, 2024 10:04 PM",,,,,04980060232,,,1-No,,,,SMEs Traction,VR,Veneto,,,,,,,https://krateo.io,37135
Algo,,VIA CAMERANA 6B,TORINO,C9 - Fintech & Insurtech / Startup Bootcamp,,algo,,"Specializes in motion design and data visualization, automating video creation for design teams, focusing on the US market with a unique motion system.",No,,,2021,<1M (undisclosed),,"Fintech, Generative AI","March 18, 2026 6:27 PM",,,,,12472880017,,,1-No,,,,SMEs Traction,TO,Piedmont,,,,,,,https://algo.tv,10128
Fintastico,,VIA ALESSANDRO MANZONI 45,MILANO,C9 - Fintech & Insurtech / Startup Bootcamp,,fintastico,,"Leverages AI to match users with financial services, providing personalized advice and enhancing informed financial decisions.",No,,,2017,<1M (undisclosed),,Fintech,"October 23, 2024 9:59 PM",,,,,09791180962,,,2-No SF,,,,SMEs Traction,MI,Lombardy,,,,,,,https://www.fintastico.com,20121
Keplera,,VIA MARIANO STABILE 160,PALERMO,C9 - Fintech & Insurtech / Startup Bootcamp,,keplera,,"Digitizes contractual processes for SMEs and law firms with LexHero, an all-in-one SaaS with AI integration, serving 1000 users with €100k in revenues.",No,,,2021,<1M (undisclosed),,"Fintech, Legaltech","March 18, 2026 6:27 PM",,,,,06943760824,,,1-No,,,,SMEs Traction,PA,Sicily,,,,,,,https://www.lexhero.com,90139
Invenium Legaltech,,VIA MICHELE BAROZZI 6,MILANO,C9 - Fintech & Insurtech / Startup Bootcamp,,inveniumlegaltech,,"Supports SMEs with innovative credit management and debt collection strategies, offering specialized legal services and a risk evaluation web app.",No,,Paolo Colombari,2020,Between 0 and 500k,,"Fintech, Legaltech","March 18, 2026 6:27 PM",,,"DB%20Companies/7cec7590d4dc-logo_con_payoff_scuro__1___1_.svg, DB%20Companies/cb460231b25d-logo_con_payoff_04.png",DB%20Companies/One_Pager_-_Invenium_Legaltech.pdf,11469110966,Paolo Colombari (https://www.notion.so/Paolo-Colombari-d54746925b5c42dda7e4aadb5eaea019?pvs=21),,2-SF,DB%20Companies/Deck_-_Invenium_Legaltech.pdf,,,SMEs Traction,MI,Lombardy,,Paolo Colombari,https://www.linkedin.com/in/paolocolombari,15,,"€200,000.00",https://www.invenium-legaltech.com/en/home-eng/,20122
Hodlie,,VIA DEGLI IRIS 89A,GENOVA,C9 - Fintech & Insurtech / Startup Bootcamp,,hodlie,,"AI-powered crypto trading platform for individual investors, dynamically managing portfolios to limit risks, reaching €50k ARR with 2000 users.",No,,,2023,<1M (undisclosed),,"Blockchain, Fintech","March 18, 2026 6:27 PM",,,,,02862500994,,,1-No,,,,SMEs Traction,GE,Liguria,,,,,,,https://hodlie.ai,16148
Future Value,,VIALE BRIANZA N 22,MILANO,C9 - Fintech & Insurtech / Startup Bootcamp,,futurevalue,,"Future Value is a fintech app offering expert fundamental analysis and scoring of crypto assets, helping users make informed investment decisions.",No,,"Davide Canepa,Pasquale Sorgentone",2012,<1M (undisclosed),,"Blockchain, Fintech, Generative AI","March 18, 2026 6:27 PM",,,,DB%20Companies/One_Pager_-_Future_Value.pdf,10815310965,"Davide Canepa (https://www.notion.so/Davide-Canepa-ac9e303bfadf429a96eac0e8ab40afb7?pvs=21), Pasquale Sorgentone (https://www.notion.so/Pasquale-Sorgentone-18947316cd0a44d2a7e38bdf99cff681?pvs=21)",,2-SF,DB%20Companies/Deck_-_Future_Value.pdf,,,SMEs Traction,MI,Latium,,"Davide Canepa,Pasquale Sorgentone","https://www.linkedin.com/in/davide-canepa/,https://www.linkedin.com/in/sorgentone/",,,,https://futurevalue.app/,20127
Finanz,,"VIA
  ALBARINA 11/B",VANZAGHELLO,C9 - Fintech & Insurtech / Startup Bootcamp,,finanz,,"Offers a financial super app for learning, saving, and investing, providing personalized investment experiences through a tailored algorithm.",No,,"Leonardo Sommariva,Stefano Metta,Giacomo Gallazzi",2022,Between 0 and 500k,,Fintech,"March 18, 2026 6:27 PM",,,"DB%20Companies/465224752388-logo_completo_2_removebg_2.png, DB%20Companies/c155a54731ce-IMG_0060.jpeg",DB%20Companies/One_Pager_-_Finanz.pdf,12358930969,"Leonardo Sommariva (https://www.notion.so/Leonardo-Sommariva-15d27d00578e4f4299ac78f4abfb25b3?pvs=21), Stefano Metta (https://www.notion.so/Stefano-Metta-bb7b5b491a0f49468d88f6d6432f188b?pvs=21), Giacomo Gallazzi (https://www.notion.so/Giacomo-Gallazzi-2dff1f4863474ad4b9c6c09acbac3daa?pvs=21)",,2-SF,DB%20Companies/Deck_-_Finanz.pdf,,,SMEs Traction,MI,Lombardy,,"Leonardo Sommariva,Stefano Metta,Giacomo Gallazzi","https://www.linkedin.com/in/leonardo-sommariva,https://www.linkedin.com/in/stefanometta,https://www.linkedin.com/in/giacomo-gallazzi",10,,"€400,000.00",https://www.finanzapp.io,20020
Sibill,,VIA MATTINE N 5,AGROPOLI,C9 - Fintech & Insurtech / Startup Bootcamp,,sibill,,"Simplifies accounting and finance for SMEs with an all-in-one SaaS tool, centralizing business information and automating procedures, achieving €1.5M ARR.",No,,,2021,Between 5M and 15M,,Fintech,"March 18, 2026 6:27 PM",,,,,06027580650,,,1-No,,,,SMEs Traction,SA,Campania,,,,,,,https://sibill.com,84043
Dootbox,,VIA SCARLATTI 1,LECCO,C9 - Fintech & Insurtech / Startup Bootcamp,,dootbox,,"Streamlines car acquisition for rental agencies and dealers, reducing customer acquisition costs by up to 80%, with €20,000 MRR.",No,,"Jacopo Mossa,Giacomo Pelizza",2022,Between 0 and 500k,,Insurtech,"March 18, 2026 6:27 PM",,,"DB%20Companies/59b9a3e4f459-Dootbox_Logo.png, DB%20Companies/d36d349dbd59-Dootbox_Logo_white.png",DB%20Companies/One_Pager_-_Dootbox.pdf,04006500138,"Jacopo Mossa (https://www.notion.so/Jacopo-Mossa-4f997459a21b4bc7a80f4f6d835375bd?pvs=21), Giacomo Pelizza (https://www.notion.so/Giacomo-Pelizza-2b6be26110d84b99945db55fecc4ad6c?pvs=21)",,2-SF,DB%20Companies/Deck_-_Dootbox.pdf,,,SMEs Traction,LC,Lombardy,,"Jacopo Mossa,Giacomo Pelizza","https://www.linkedin.com/in/jacopo-mossa-47aa1b140/,https://www.linkedin.com/in/giacomo-pelizza/",,,,https://www.dootbox.it/,23900
Cyberneid,,VIA CROCE ROSSA 21,NAPOLI,C9 - Fintech & Insurtech / Startup Bootcamp,,cyberneid,,"Specializes in AI, electronic identity, and blockchain services for secure identity verification, digital signatures, and eKYC.",No,,"Giovanni Bruno,Ugo Chirico",2019,<1M (undisclosed),,"Blockchain, Fintech","October 23, 2024 9:42 PM",,,"DB%20Companies/ed5a9e48536b-cyberneid.base.padded.black_smaller.png, DB%20Companies/cfe0da26c0fd-cyberneid.base.png",DB%20Companies/One_Pager_-_Cyberneid.pdf,09319631215,"Giovanni Bruno (https://www.notion.so/Giovanni-Bruno-2a423d5e0815414d85fa3ecb78e69317?pvs=21), Ugo Chirico (https://www.notion.so/Ugo-Chirico-f26778869348479ca96d462d06aeeffc?pvs=21)",,2-SF,DB%20Companies/Deck_-_Cyberneid.pdf,,,SMEs Traction,NA,Campania,,"Giovanni Bruno,Ugo Chirico","https://www.linkedin.com/in/giovanni-bruno-5818821b8/,http://www.linkedin.com/in/ugochirico",,,,https://www.cyberneid.com,80131
Notarify,,VIA VANNETTI 8,ROVERETO,C9 - Fintech & Insurtech / Startup Bootcamp,,notarify,,"Secures documents with blockchain, AI, and cloud, offering tamper-proof notarization for finance, IT, real estate, and legal sectors, with $60,000 MRR.",No,,"Davide Tait,Federico Monti",2018,Between 1M and 5M,,"Blockchain, Fintech","March 18, 2026 6:27 PM",,,"DB%20Companies/10883065e230-NotarifyLogo.png, DB%20Companies/04aad01c5375-Screenshot_2024_05_15_at_13.15.46.png",DB%20Companies/One_Pager_-_Notarify.pdf,02524420227,"Davide Tait (https://www.notion.so/Davide-Tait-e192e6a0951f437ab2431c9e96ca9965?pvs=21), Federico Monti (https://www.notion.so/Federico-Monti-4499a9b8ae404872b87d4713f3e66512?pvs=21)",,2-SF,DB%20Companies/Deck_-_Notarify.pdf,,,SMEs Traction,TN,Trentino-South Tyrol,,"Davide Tait,Federico Monti","https://www.linkedin.com/in/davide-tait-12b87420b/,https://www.linkedin.com/in/federicomonti1980/",,,,https://www.notarify.io/,38068
WAVENURE,,VIA DOGANA 3,MILANO,C9 - Fintech & Insurtech / Startup Bootcamp,,wavenure,,"Innovates investment services with AI WealthTech solutions, empowering financial institutions with predictive models for better decision-making.",No,,,2019,<1M (undisclosed),,"Fintech, Generative AI","March 18, 2026 6:27 PM",,,,,09355870966,,,1-No,,,,SMEs Traction,MI,Lombardy,,,,,,,https://wavenure.com/,20123
FAIRTILE,,VIALE GIUSEPPE MAZZINI N 11,ROMA,C9 - Fintech & Insurtech / Startup Bootcamp,,fairtile,,"Develops a hybrid multi-cloud SaaS suite for lenders, using AI and generative AI to enhance credit decisions and automate execution.",No,,"Guido Ferrari,Cristiano A. Motto",2017,Between 1M and 5M,,Fintech,"October 23, 2024 9:58 PM",,,"DB%20Companies/fc2c9c2a939e-Logo_Vertical_001.png, DB%20Companies/0bfb6beb4a40-Logo_Vertical_White_001.png",DB%20Companies/One_Pager_-_Fairtile.pdf,16213431006,"Guido Ferrari (https://www.notion.so/Guido-Ferrari-130cd15ea6964405a3a469ef17005dbe?pvs=21), Cristiano A. Motto (https://www.notion.so/Cristiano-A-Motto-2014b9fa24b4462dbc867e17c7d301e9?pvs=21)",,2-SF,DB%20Companies/Deck_-_Fairtile.pdf,,,SMEs Traction,RM,Latium,,"Guido Ferrari,Cristiano A. Motto","https://www.linkedin.com/in/gferrari/,https://www.linkedin.com/in/cristianomotto/",,,,https://www.fairtile.it,00195
Cardo AI,,VIA SAN FRANCESCO D'ASSISI 15,MILANO,C9 - Fintech & Insurtech / Startup Bootcamp,,cardoai,,"Provides a software and AI platform to simplify and accelerate structured finance processes for institutional investors, generating $7.2M ARR.",No,,"Euron Metaliaj,Altin Kadareja",2018,Between 1M and 5M,,Fintech,"March 18, 2026 6:27 PM",,,DB%20Companies/Cardoai_Slogan_Logo.svg,,10357440964,"Euron Metaliaj (https://www.notion.so/Euron-Metaliaj-8430ab9a51444fa48e5661496be115ac?pvs=21), Altin Kadareja (https://www.notion.so/Altin-Kadareja-63c377ba09204fc3acbd8160eb8b8513?pvs=21)",,2-SF,DB%20Companies/Deck_-_Cardo_AI.pdf,,,SMEs Traction,MI,Lombardy,,"Euron Metaliaj,Altin Kadareja","https://www.linkedin.com/in/euron-metaliaj-b745a761/,https://www.linkedin.com/in/altinkadareja/",,,,https://cardoai.com/,20122
Viceversa,,VIA BERNARDO QUARANTA 40,MILANO,C9 - Fintech & Insurtech / Startup Bootcamp,,viceversa,,"Boosts companies with equity-free investments and data-driven insights, deploying over €30M to 170+ companies, achieving €2.7M ARR.",No,,Francesco Vimercati,2021,Between 15M and 30M,,Fintech,"October 23, 2024 10:33 PM",,,"DB%20Companies/041e9f0d1326-viceversa_logo_full_black_2x.png, DB%20Companies/6d075ac80ba7-viceversa_logo_full_white_2x.png",DB%20Companies/One_Pager_-_Viceversa.pdf,11364640968,Francesco Vimercati (https://www.notion.so/Francesco-Vimercati-f1615811054543feafaf5cd9e163d75d?pvs=21),,2-SF,,,,SMEs Traction,MI,Lombardy,,Francesco Vimercati,https://www.linkedin.com/in/francesco-vimercati-69618b183/,,,,https://goviceversa.com/,20139
Doorway,,VIA GUERRAZZI 1/A,BOLOGNA,C9 - Fintech & Insurtech / Startup Bootcamp,,doorway,,"Simplifies access to venture capital investments and creates a secondary market for financial instruments using blockchain technology, handling €30M in investments.",No,,,2016,Between 1M and 5M,,Fintech,"March 18, 2026 6:27 PM",,,,,03574571208,,,1-No,,,,SMEs Traction,BO,Emilia-Romagna,,,,,,,https://doorwayplatform.com,40125
ResilientX Italia,,VIA LEONARDO DA VINCI N 15,LECCO,C9 - Fintech & Insurtech / Startup Bootcamp,,resilientxitalia,,Innovative cybersecurity and AI startup offering the first exposure management platform for MSPs and SMBs to eliminate external cyber threats with annual contract revenue from 60 potential customers.,No,,,2023,Between 0 and 500k,,"AI, Cybersecurity","October 23, 2024 10:35 PM",,,,,04116480130,,,1-No,,,,Startup Bootcamp,LC,Lombardy,,,,,,,https://resilientx.com,23900
ALTO Robotics,,VIA STEZZANO 87,BERGAMO,C9 - Fintech & Insurtech / Startup Bootcamp,,altorobotics,,"Provides smart mobile robots to manufacturing companies, boosting performance by automating low-value tasks. Early customers will beta test the solution.",No,,"Sara Bellini,Jody Saglia",2022,Between 1M and 5M,,"Hardware & Robotics, Industry 5.0","March 18, 2026 6:27 PM",,,DB%20Companies/e5bcf750b1b5-positivo.png,DB%20Companies/One_Pager_-_Alto_Robotics.pdf,04319130169,"Sara Bellini (https://www.notion.so/Sara-Bellini-f9a7f4bf607d4f3087fde178d01b270b?pvs=21), Jody Saglia (https://www.notion.so/Jody-Saglia-7d5d9e25b9ed4801b2be5db8548d28bb?pvs=21)",,2-SF,DB%20Companies/Deck_-_Alto_Robotics.pdf,,,Startup Bootcamp,BG,Liguria,,"Sara Bellini,Jody Saglia","https://www.linkedin.com/in/sara-bellini-8b6a455/,https://www.linkedin.com/in/jsaglia/",,,,https://altorobotics.ai,24126
Omnienergy,,"VIA ALESSANDRO MARIA CALEFATI
  N 72",BARI,C9 - Fintech & Insurtech / Startup Bootcamp,,omnienergy,,"Enhances energy sector profitability and sustainability with AI-powered renewable energy production forecasts. Operating on a SaaS model, negotiating with 10 potential clients, 5 with signed NDAs.",No,,Andrea Moretti,2024,Between 500k and 1M,,"AI, Green Energy","March 18, 2026 6:27 PM",,,"DB%20Companies/5343801f63c2-logo_original.png, DB%20Companies/418d1206afd8-logo_white.png",DB%20Companies/One_Pager_-_Omnienergy.pdf,08380430721,Andrea Moretti (https://www.notion.so/Andrea-Moretti-32fe8ec7e4b841e49aa72f0828ae5caa?pvs=21),,2-SF,DB%20Companies/Deck_-_Omnienergy.pdf,,,Startup Bootcamp,BA,Apulia,,Andrea Moretti,https://www.linkedin.com/in/morettiandrea1991/,,,,https://omni-energy.it/en/home-page,70121
Talentware,,VIA ANDREA SOLARI 34,MILANO,C9 - Fintech & Insurtech / Startup Bootcamp,,talentware,,"AI-powered talent management platform helping mid-large companies engage, develop, and retain talent through a skill-based SaaS approach, expecting €350k ARR in 2024.",No,,,2023,Between 500k and 1M,,"Generative AI, ICT","March 18, 2026 6:27 PM",,,,,13050040966,,,1,,,,Startup Bootcamp,MI,Lombardy,,,,,,,https://betalentware.com/,20144
Aida,,VIA PAOLO DA CANNOBIO 2,MILANO,C9 - Fintech & Insurtech / Startup Bootcamp,,aida,,"NLP model for masking sensitive data in generative AI conversations, ensuring GDPR compliance. MVP tested with corporates, generating €10k in commitments with SaaS pricing.",No,,,2023,Between 0 and 500k,,"Cybersecurity, Generative AI","March 18, 2026 6:27 PM",,,,,13060640961,,,1-No,,,,Startup Bootcamp,MI,Lombardy,,,,,,,https://aidamask.com/,20122
OpenMall,,VIA CROCE ROSSA 21,NAPOLI,C9 - Fintech & Insurtech / Startup Bootcamp,,openmall,,"Social commerce startup offering AI-managed interactive 3D platforms, virtual assistants, and XR for personalized online and physical sales experiences with accessible SaaS pricing.",No,,"Onofrio Lattanzi,Gennaro Calì",2021,Between 0 and 500k,,"ICT, Virtual Reality","March 18, 2026 6:27 PM",,,"DB%20Companies/dea7f3ebf429-logo.png, DB%20Companies/423255899bd4-OpenMALL_white_4x.png",DB%20Companies/One_Pager_-_OpenMall.pdf,09319631215,"Onofrio Lattanzi (https://www.notion.so/Onofrio-Lattanzi-9fccccce8ff14da38865772c0df7d38d?pvs=21), Gennaro Calì (https://www.notion.so/Gennaro-Cal-212a60ece39948bfad9d7865ffd1da3f?pvs=21)",,2-SF,DB%20Companies/Deck_-_OpenMall.pdf,,,Startup Bootcamp,NA,Lombardy,,"Onofrio Lattanzi,Gennaro Calì","https://www.linkedin.com/in/onolattanzi/,https://www.linkedin.com/in/gennaro-cal%C3%AC-336285b/",,,,https://openmall.ai/?lang=en,80131
Twiper,,VIA OTTAVIO REVEL 16,TORINO,C9 - Fintech & Insurtech / Startup Bootcamp,,twiper,,"Customizes generative AI models for medium-sized businesses, bridging the gap between corporations and AI technology. SaaS platform launched in January 2024 with three partnerships.",No,,,2021,Between 500k and 1M,,"Generative AI, ICT","March 18, 2026 6:27 PM",,,,,12528470011,,,2-No SF,,,,Startup Bootcamp,TO,Piedmont,,,,,,,https://twiper.ai,10121
Why Only White,,VIA MONTE SANTO 49,SAMARATE,C9 - Fintech & Insurtech / Startup Bootcamp,,whyonlywhite,,"Developed projected-AR for phygital products, combining real objects with digital data without headsets. SaaS model with HW setup fees, funded by Invitalia & Almacube, collaborating with Prada.",No,,,2023,Between 0 and 500k,,"FashionTech, Hardware & Robotics, Virtual Reality","March 18, 2026 6:27 PM",,,,,03977460124,,,2-No SF,,,,Startup Bootcamp,VA,Lombardy,,,,,,,https://www.whyonlywhite.com/,21017
Powandgo,,VIA ORZINUOVI 20,BRESCIA,C9 - Fintech & Insurtech / Startup Bootcamp,,powandgo,,"The first charge sharing service that solves the problem of charging electric cars, saving money for users and earning for charging station owners.",No,,,2023,Between 0 and 500k,,"CleanTech, Green Energy","October 23, 2024 10:23 PM",,,,,04466220987,,,2-No SF,,,,Startup Bootcamp,BS,Lombardy,,,,,,,https://powandgo.com,25125
Soundsafe Care,,VIA ORZINUOVI 20,BRESCIA,C9 - Fintech & Insurtech / Startup Bootcamp,,soundsafecare,,"Medtech company combining robotics and ultrasound to eliminate side effects in oncological care for humans and animals. Revenue from monthly loans and pay-per-use models, with pre-commercial use in five veterinary clinics.",No,,,2023,Between 1M and 5M,,"Biomedical, Hardware & Robotics","October 23, 2024 10:30 PM",,,,,12985950968,,,1,,,,Startup Bootcamp,BS,Tuscany,,,,,,,https://soundsafecare.com,25125
èlevit,,VIA DEL TRIUMVIRATO N 23/7A,BOLOGNA,C9 - Fintech & Insurtech / Startup Bootcamp,,èlevit,,"Develops Smart Surfaces for automotive HMIs and other industries using touch sensors embedded in various materials. MVP sold as OEM, with paid PoC with Lamborghini, and plans to offer technology for SmartSurfaces.",No,,,2021,Between 0 and 500k,,"Hardware & Robotics, Industry 5.0","October 23, 2024 9:46 PM",,,,,03992491203,,,1,,,,Startup Bootcamp,BO,Emilia-Romagna,,,,,,,https://www.elevit-ui.com/,40132
Yeastime,,VIA PLUTARCO 48,GUIDONIA MONTECELIO,C9 - Fintech & Insurtech / Startup Bootcamp,,yeastime,,"B2B startup leveraging ultrasound technology to accelerate cell culturing fermentation processes by up to 30%, offering a sustainable and cost-effective solution.",No,,,2021,Between 0 and 500k,,"AgriTech, FoodTech","March 18, 2026 6:27 PM",,,,,16321041002,,,1,,,,Startup Bootcamp,RM,Latium,,,,,,,https://www.yeastime.com,Error
Evolvee,,VIA GRAMSCI 15,MOLINELLA,C9 - Fintech & Insurtech / Startup Bootcamp,,evolvee,,"Using AI, collaborative robots, and vision systems to innovate the Agritech industry.",No,,,2023,Between 0 and 500k,,"AgriTech, Hardware & Robotics","March 18, 2026 6:27 PM",,,,,04110491208,,,1-No,,,,Startup Bootcamp,BO,Emilia-Romagna,,,,,,,https://conkretarobotics.com,40062
OhmSpace,,VIA BONCOMPAGNI 93 ROMA,ROMA,C9 - Fintech & Insurtech / Startup Bootcamp,,ohmspace,,"Develops satellite electric propulsion systems using patented high-temperature resistojet technology, reducing environmental impact and costs in the constellation sector.",No,,,2023,Between 1M and 5M,,"CleanTech, Space Economy","October 23, 2024 10:20 PM",,,,,17191521008,,,2-No SF,,,,Startup Bootcamp,RM,Latium,,,,,,,https://ohm.space,00187
BxT,,VIA FEDERICO FARUFFINI 40,MILANO,C9 - Fintech & Insurtech / Startup Bootcamp,,bxt,,"Crafts advanced AI solutions for investment and trading, achieving 70%+ market forecasting accuracy. Revenue from subscriptions and partnerships, with sales starting in Europe in June 2025.",No,,"Mauro Carosso,Marco Zanchi",2023,Between 0 and 500k,,"AI, Fintech","March 18, 2026 6:27 PM",,,"DB%20Companies/9baef4c64f4f-Logo_Original__alpha.png, DB%20Companies/f4c131a020af-Logo_Original_White.png",DB%20Companies/One_Pager_-_BxT_AI.pdf,13262090965,"Mauro Carosso (https://www.notion.so/Mauro-Carosso-08bf20e9e0384fbbb3998e76c24dd46d?pvs=21), Marco Zanchi (https://www.notion.so/Marco-Zanchi-5227967d5e814b9da1d7e3a48a44cab6?pvs=21)",,2-SF,DB%20Companies/Deck_-_BXT.pdf,,,Startup Bootcamp,MI,Lombardy,,"Mauro Carosso,Marco Zanchi","https://www.linkedin.com/in/maurocarosso/,https://www.linkedin.com/in/marco-zanchi-a62183/",10,,"€250,000.00",https://www.bxt.ai/,20144
Genogra,,VIA GIORGIO CHAVEZ 4,MILANO,C9 - Fintech & Insurtech / Startup Bootcamp,,genogra,,"Builds software platform for pangenomic analysis, automating bioinformaticians’ work for faster, scalable, and high-quality analysis. Offering on-premise and as-a-service solutions with €55k in grants and €30k in revenue.",No,,Guido Walter Di Donato,2023,Between 0 and 500k,,"AI, Biomedical","March 18, 2026 6:27 PM",,,"DB%20Companies/ab000c9c4138-Logo_Transparent_Dark_Phrase_Big.png, DB%20Companies/dd8aad5a5874-Logo_Transparent_White_Phrase_Big.png",DB%20Companies/One_Pager_-_Genogra.pdf,‭12995970964‬,Guido Walter Di Donato (https://www.notion.so/Guido-Walter-Di-Donato-76298223bf584d2190e5a6765d8ce551?pvs=21),,2-SF,DB%20Companies/Deck_-_GenoGra.pdf,,,Startup Bootcamp,MI,Lombardy,,Guido Walter Di Donato,https://www.linkedin.com/in/guido-walter-di-donato/,,,,https://genogra.com/,20131
SEAform,,"CORSO
  CASTELFIDARDO 30/A",TORINO,C9 - Fintech & Insurtech / Startup Bootcamp,,seaform,,"Politecnico di Torino spinoff developing modular floating platforms to address land scarcity and meet coastal cities’ infrastructural needs. Raised pre-seed investment, developing a pilot project.",No,,,2024,Between 0 and 500k,,"CleanTech, ClimateTech","March 18, 2026 6:27 PM",,,,,13003720011,,,1,,,,Startup Bootcamp,TO,Piedmont,,,,,,,https://seaform.it/,10129
Icarus,,VIA DALMAZIA 22,CAGLIARI,C9 - Fintech & Insurtech / Startup Bootcamp,,icarus,,"Icarus is an innovative startup operating in the digital health and AI market, through the combination of AI, medical/scientific literature, and user clinical data, it enables personalized daily disease management.",No,,Antonio Amendola,2023,Between 0 and 500k,,"AI, Life Sciences","March 18, 2026 6:27 PM",,,DB%20Companies/Icarus_from_icarustechnology.png,DB%20Companies/One_Pager_-_Icarus.pdf,10230181215,Antonio Amendola (https://www.notion.so/Antonio-Amendola-beae4ac6d3774f3daedf16d045f98982?pvs=21),,2-SF,DB%20Companies/Deck_-_Icarus.pdf,,,Startup Bootcamp,CA,Sardinia,,Antonio Amendola,https://www.linkedin.com/in/antonio-vicente-amendola-264581252,7,,"€120,000.00",https://icarustechnology.it,09126
IllumyFi,,PIAZZA INDIPENDENZA N 9,PARABIAGO,C9 - Fintech & Insurtech / Startup Bootcamp,,illumyfi,,"FinTech offering an all-in-one platform for investors, providing portfolio aggregation, monitoring, and personalized financial news. Revenue from B2C and B2B, with ongoing PoC talks with Italian banks.",No,,Luigi Stefano Mastromauro,2022,Between 0 and 500k,,"AI, Fintech","March 18, 2026 6:27 PM",,,"DB%20Companies/abd7b51bc192-Orizzontale_giallonero.png, DB%20Companies/95d82aa30909-Orizzontale_negativo_giallo_nb.png",DB%20Companies/One_Pager_-_IllumyFi.pdf,12596570965,Luigi Stefano Mastromauro (https://www.notion.so/Luigi-Stefano-Mastromauro-b8bddcde66054f08bb6b8f1c6d07b4b5?pvs=21),,2-SF,DB%20Companies/Deck_-_IllumyFi.pdf,,,Startup Bootcamp,MI,Lombardy,,Luigi Stefano Mastromauro,https://linkedin.com/in/luigismastromauro,2,,"€220,000.00",https://illumyfi.com,20015
DataSpark AI,,VIA DELLE GARDENIE N 292 INT T,GROTTAGLIE,C9 - Fintech & Insurtech / Startup Bootcamp,,datasparkai,,"Generative AI platform for enterprises, streamlining AI technology adoption with a pay-per-use model. Multiple organizations already using the platform.",No,,Giuseppe Ettorre,2023,Bootstrapped,,"Generative AI, ICT","March 18, 2026 6:27 PM",,,DB%20Companies/0220551dfa6c-DataSpark_AI_logo.png,DB%20Companies/One_Pager_-_DataSpark.pdf,03218430738,Giuseppe Ettorre (https://www.notion.so/Giuseppe-Ettorre-f1ef3673c02f49cd82a1883555fe5787?pvs=21),,2-SF,,,,Startup Bootcamp,TA,Apulia,,Giuseppe Ettorre,,,,,https://ai.dataspark.org/,74023
CENTAI,,CORSO INGHILTERRA 3,TORINO,C9 - Fintech & Insurtech / Startup Bootcamp,,centai,,"Joint-stock company between AI researchers and Intesa Sanpaolo, pushing AI research boundaries with trustworthy, fair, green, and sustainable solutions. Revenue from AI research projects.",No,,,2022,Between 500k and 1M,,"AI, ICT","March 18, 2026 6:27 PM",,,,,12667610013,,,1,,,,Startup Bootcamp,TO,Piedmont,,,,,,,https://centai.eu,10138
Tepy,,VIA SAN LUIGI VERSIGLIA 4,CIVITANOVA MARCHE,C9 - Fintech & Insurtech / Startup Bootcamp,,tepy,,"Platform for personalized rehabilitation and training guidance, offering safe and effective physiotherapy programs. Focused on making quality physiotherapy accessible to all.",No,,Luca Squadroni,2021,Between 0 and 500k,,"AI, Sport and Fitness","March 18, 2026 6:27 PM",,,DB%20Companies/5a20603cdc4a-Logo_Name_Circular_3x.png,DB%20Companies/One_Pager_-_Tepy.pdf,02062970435,Luca Squadroni (https://www.notion.so/Luca-Squadroni-e54da20da30845d792ed49a591f99c9b?pvs=21),,2-SF,DB%20Companies/Deck_-_Tepy.pdf,,,Startup Bootcamp,MC,The Marches,,Luca Squadroni,https://www.linkedin.com/in/luca-squadroni-6950b869/,5,,"€355,000.00",https://www.tepy.app,62012
Traveleco,,VIA GIUSEPPE LIBETTA 15C,ROMA,C9 - Fintech & Insurtech / Startup Bootcamp,,traveleco,,"Enhances sustainability in hospitality with the Traveleco Score, offering consultancy services and tools for improved sustainability practices. Assessed over 300 accommodations.",No,,"Umberto Garini,Francesca Chiara Fusi",2021,Between 0 and 500k,,"CleanTech, Green Energy","March 18, 2026 6:27 PM",,,DB%20Companies/091d4aa1558b-logo_def_04__3_.png,DB%20Companies/One_Pager_-_Traveleco.pdf,11705900964,"Umberto Garini (https://www.notion.so/Umberto-Garini-086fd73fa01243dd81c2a6501d6e4a76?pvs=21), Francesca Chiara Fusi (https://www.notion.so/Francesca-Chiara-Fusi-10d7e63924934a86b03f489e3f87cf2f?pvs=21)",,2-SF,DB%20Companies/Deck_-_Traveleco.pdf,,,Startup Bootcamp,RM,Lombardy,,"Umberto Garini,Francesca Chiara Fusi","https://www.linkedin.com/in/umbertogarini/,https://www.linkedin.com/in/francesca-fusi/",,,,https://www.traveleco.it,00154
Billd,,PIAZZA ERITREA 3,NAPOLI,C9 - Fintech & Insurtech / Startup Bootcamp,,billd,,"Replaces paper receipts with a patented device, collecting big data from the offline market.",No,,"Luigi Tarantino,Nicola Nazareno Pirozzi",2023,Between 0 and 500k,,"Fintech, ICT","October 23, 2024 9:22 PM",,,"DB%20Companies/0c0fad9f92d4-Logo_Macro_per_Signature.png, DB%20Companies/0793a56d2693-FRONTE.png",DB%20Companies/One_Pager_-_Billd.pdf,10375601217,"Luigi Tarantino (https://www.notion.so/Luigi-Tarantino-c5a390349d4d44db81d191206b575084?pvs=21), Nicola Nazareno Pirozzi (https://www.notion.so/Nicola-Nazareno-Pirozzi-271c75d55fb848d29cfb7f980c7c65f1?pvs=21)",,2-No SF,DB%20Companies/Deck_-_Billd.pdf,,,Startup Bootcamp,NA,Campania,,"Luigi Tarantino,Nicola Nazareno Pirozzi","https://www.linkedin.com/in/luigitarantinodesigner/,https://www.linkedin.com/in/nicola-billd/",,,,https://billd.it/,80122
Versy,,VIALE CAMILLO BENSO CAVOUR 5,LUCCA,C9 - Fintech & Insurtech / Startup Bootcamp,,versy,,"Generative AI company in architectural and interior design, offering real-time creation of 3D virtual experiences from text/voice prompts. Revenue through a freemium SaaS model with 25,000 waitlisted users.",No,,"Mattia Siciliano,Piero Fioretti",2023,Between 0 and 500k,,"Generative AI, Virtual Reality","March 18, 2026 6:27 PM",,,"DB%20Companies/50d656b8ec2a-Versy_Orizz_Coloured.png, DB%20Companies/ce6594758f56-VersyWhite_Orizz_1.png",DB%20Companies/One_Pager_-_Versy.pdf,02671040463,"Mattia Siciliano (https://www.notion.so/Mattia-Siciliano-4beeb10008014ba99540050a25641cf6?pvs=21), Piero Fioretti (https://www.notion.so/Piero-Fioretti-93ba5d9e676544f6bb112b0473cdf53f?pvs=21)",,2-SF,DB%20Companies/Deck_-_Versy.pdf,,,Startup Bootcamp,LU,Tuscany,,"Mattia Siciliano,Piero Fioretti","https://www.linkedin.com/in/msiciliano,https://www.linkedin.com/in/pierofioretti",,,,https://www.versy.ai,55100
Sortie Technology,,VIA VELA 42,TORINO,C9 - Fintech & Insurtech / Startup Bootcamp,,sortietechnology,,"Develops fully recyclable energy solutions using metal powders and waste, providing zero-emission machines for various locations.",No,,,2022,Between 0 and 500k,,"CleanTech, Green Energy","March 18, 2026 6:27 PM",,,,,12764750019,,,1,,,,Startup Bootcamp,TO,Piedmont,,,,,,,https://www.sortiecargo.com,10128
CAELUS,,VIA FRANCESCO COLETTI 35,ROMA,C9 - Fintech & Insurtech / Startup Bootcamp,,caelus,,"Optimizes nuclear processes with AI, specializing in licensing and design, offering a cloud-based SaaS business for automating nuclear licensing.",No,,,2023,Between 0 and 500k,,"AI, CleanTech","March 18, 2026 6:27 PM",,,,,17356521009,,,2-No SF,,,,Startup Bootcamp,RM,Latium,,,,,,,https://caelus-nuclear.com/,00191
Zephorum,,PIAZZA ATTILIO DEFFENU 9,CAGLIARI,C9 - Fintech & Insurtech / Startup Bootcamp,,zephorum,,"Platform for managing digital legacy and commemoration, simplifying complex processes and returning online data to heirs.",No,,,2022,Between 0 and 500k,,"Blockchain, ICT","October 23, 2024 10:34 PM",,,,,04020450922,,,2-No SF,,,,Startup Bootcamp,CA,Sardinia,,,,,,,https://zephorum.com/,09125
Alphafood,,STRADA XV ZONA INDUSTRIALE 28,CATANIA,C9 - Fintech & Insurtech / Startup Bootcamp,,alphafood,,"Produces cricket flour for feed and food markets, creating natural organic soil from production waste, and licensing a patented housing system",No,,"Luigi Angelo Parisi,Marcello Reale",2023,Between 0 and 500k,,"AgriTech, FoodTech","March 18, 2026 6:27 PM",,,"DB%20Companies/0b14ab9d6c8a-download.png, DB%20Companies/2be9b4259bb5-Progetto_senza_titolo__5_.png",DB%20Companies/One_Pager_-_Alphafood.pdf,06006420878,"Luigi Angelo Parisi (https://www.notion.so/Luigi-Angelo-Parisi-1a95ee9c731741be82ebec958f729ad3?pvs=21), Marcello Reale (https://www.notion.so/Marcello-Reale-95e38b846f5c4744b0fe4a4ab8c249c6?pvs=21)",,2-SF,DB%20Companies/Deck_-_Alphafood.pdf,,,Startup Bootcamp,CT,Sicily,,"Luigi Angelo Parisi,Marcello Reale","https://www.linkedin.com/in/luigi-parisi-a395a219a/,https://www.linkedin.com/in/marcello-reale-785544259/",6,,"€100,000.00",https://www.alphafood.it/en/home-eng/,95100
InSimili,,VIALE GIUSEPPE FANIN 48,BOLOGNA,C9 - Fintech & Insurtech / Startup Bootcamp,,insimili,,Biotech startup improving preclinical study predictivity with in vitro human body microenvironment recreations. Revenue from cell culture device sales with patented tech.,No,,,2021,Between 0 and 500k,,"Biomedical, Life Sciences","March 18, 2026 6:27 PM",,,,,03928771207,,,1-No,,,,Startup Bootcamp,BO,Emilia-Romagna,,,,,,,https://www.insimili.com,40127
Manava Plus,,VIA ALESSANDRO MANZONI 45,MILANO,C9 - Fintech & Insurtech / Startup Bootcamp,,manavaplus,,"Lifescience company helping people with spinal cord injuries regain mobility and sensitivity using AI-powered spinal organoids, offering competitive pricing with advanced technology.",No,,,2022,Between 0 and 500k,,"Biomedical, Life Sciences","March 18, 2026 6:27 PM",,,,,12346730968,,,1,,,,Startup Bootcamp,MI,Lombardy,,,,,,,https://www.manava.plus,20121
MESPAC,,"VIA
  PAOLO BORSELLINO 38 INT 16",TORINO,C9 - Fintech & Insurtech / Startup Bootcamp,,mespac,,"Cloud-based service using SatEO data and AI for metocean surveys, reducing survey duration by 50% for offshore wind developers.",No,,,2022,Between 0 and 500k,,"AI, Green Energy","March 18, 2026 6:27 PM",,,,,12704170013,,,1,,,,Startup Bootcamp,TO,Piedmont,,,,,,,https://www.mespac.space,10138
Emaze Gaming,,VIA CHIATAMONE 1,NAPOLI,C9 - Fintech & Insurtech / Startup Bootcamp,,emazegaming,,A platform to identify people's soft skills in 5 minute through psychological videogames.,No,,"Luigi Caputo,Giammarco Brega",2024,Between 0 and 500k,,"Gaming, HR Tech","March 18, 2026 6:27 PM",,,"DB%20Companies/b3c06cdfac85-Logo_6___Light.png, DB%20Companies/b7ba380d971c-Logo_6___Dark.png",DB%20Companies/One_Pager_-_Emaze_Gaming.pdf,10453171216,"Luigi Caputo (https://www.notion.so/Luigi-Caputo-09b3615b8e744ee6ac8508c6bc6f3258?pvs=21), Giammarco Brega (https://www.notion.so/Giammarco-Brega-b1d696ebf4cb4a868a97456a298708ad?pvs=21)",,2-SF,DB%20Companies/Deck_-_Emaze.pdf,,,Startup Bootcamp,NA,Campania,,"Luigi Caputo,Giammarco Brega","https://www.linkedin.com/in/caputoluigi/,https://www.linkedin.com/in/giammarco-brega/",10,,"€60,000.00",http://emazegaming.com/,80122
The Glass Élite,,VIA ROVEREDO 20/B,PORDENONE,C9 - Fintech & Insurtech / Startup Bootcamp,,theglassélite,,"Platform for wine professionals using blockchain and NFTs to simplify wine lot transactions, dedicated to B2B operators in the wine supply chain.",No,,,2023,Between 0 and 500k,,"Blockchain, ICT","October 23, 2024 10:31 PM",,,,,01944140936,,,1-No,,,,Startup Bootcamp,PN,Friuli-Venezia Giulia,,,,,,,https://theglasselite.com,33170
Widdel,,VIA PONTICELLI 36,AGUGLIARO,C9 - Fintech & Insurtech / Startup Bootcamp,,widdel,,"Produces smart personal lockers for safe, eco-friendly deliveries, including drone delivery solutions. Revenue from locker sales and delivery company fees.",No,,,2021,Between 0 and 500k,,"ICT, Proptech","March 18, 2026 6:27 PM",,,,,04370650246,,,1-No,,,,Startup Bootcamp,VI,Veneto,,,,,,,https://www.widdel.eu/,36020
XOOTS,,VIA ISONZO 67,CASALECCHIO DI RENO,C9 - Fintech & Insurtech / Startup Bootcamp,,xoots,,Helps organizations improve team productivity and deliver digital products faster by leveraging business systems data and AI for insights.,No,,,2023,Between 0 and 500k,,"AI, ICT","October 23, 2024 10:34 PM",,,,,04130461207,,,1-No,,,,Startup Bootcamp,BO,Emilia-Romagna,,,,,,,https://www.xoots.biz/,40033
Maxi Mobility,,VIA CADORE 13,MILANO,C9 - Fintech & Insurtech / Startup Bootcamp,,maximobility,,"Supports taxi drivers transitioning to electric vehicles with an all-inclusive service package, promoting sustainable urban mobility.",No,,"Carlo Iacovini,Barbara Covili",2021,Between 500k and 1M,,"CleanTech, Green Energy","March 18, 2026 6:27 PM",,,"DB%20Companies/cd2e2365eef8-MAXI_logo_claim_1.png, DB%20Companies/65b07dfc886e-MAXI_logo_claim_4.png",DB%20Companies/One_Pager_-_Maxi.pdf,12137830969,"Carlo Iacovini (https://www.notion.so/Carlo-Iacovini-c9ff6554c04f4cbdaed835520f974418?pvs=21), Barbara Covili (https://www.notion.so/Barbara-Covili-30f1ae9046d04796ad4e3242a96c9cf5?pvs=21)",,2-SF,DB%20Companies/Deck_-_Maxi.pdf,,,Startup Bootcamp,MI,Lombardy,,"Carlo Iacovini,Barbara Covili","https://www.linkedin.com/in/carloiacovini/,https://www.linkedin.com/in/barbara-covili-phd-46120a8/",4,,"€500,000.00",https://www.ma-xi.it/en/,20135
PlantBit,,STRADA DUE CASTAGNE 39,PARMA,C9 - Fintech & Insurtech / Startup Bootcamp,,plantbit,,"Agritech company producing biocompatible sensors for real-time plant condition measurement, optimizing irrigation, fertilizers, and disease prevention. Revenue from decision support system services.",No,,,2023,Between 0 and 500k,,"AgriTech, CleanTech","March 18, 2026 6:27 PM",,,,,03037280348,,,1,,,,Startup Bootcamp,PR,Emilia-Romagna,,,,,,,https://www.plantbit.it,43124
Go Additive,,VIA CARLO VIOLA 78,PONT-SAINT-MARTIN,C2 - Cybersecurity / Blockchain / IoT / Robotics,,goadditive,,"In Go Additive, we develop the most innovative algorithm based on GenerativeArtificial Intelligence, to produce 3D models that are unimaginable by engineers which means less time, less money, less material and up to 10Xhigher efficiency. We are now scaling this to global level.",No,,Ahmed Dagani,2019,,,"CleanTech, Green Energy","March 18, 2026 6:25 PM",,,,DB%20Companies/QTool_One_Pager.pdf,01248980078,Ahmed Dagani (https://www.notion.so/Ahmed-Dagani-4d6d2225dc15433eb9be02a316f1ff90?pvs=21),Pont Saint Martin,2-No SF,,,,Startup Bootcamp,AO,Aosta Valley,,Ahmed Dagani,,,,,https://goadditive.com/,11026
Go Additive,,VIA CARLO VIOLA 78,PONT-SAINT-MARTIN,C3 - Startup Bootcamp,,goadditive,,"In Go Additive, we develop the most innovative algorithm based on GenerativeArtificial Intelligence, to produce 3D models that are unimaginable by engineers which means less time, less money, less material and up to 10Xhigher efficiency. We are now scaling this to global level.",No,,Ahmed Dagani,2019,,,"CleanTech, Green Energy","March 18, 2026 6:25 PM",,,,,01248980078,Ahmed Dagani (https://www.notion.so/Ahmed-Dagani-4d6d2225dc15433eb9be02a316f1ff90?pvs=21),Pont Saint Martin,1,,,,Startup Acceleration,AO,Aosta Valley,,Ahmed Dagani,,,,,https://goadditive.com/,11026
QuestIT,,VIA LEONIDA CIALFI 23,SIENA,C5 - Generative AI,,questit,,"QuestIT is an Italian company that develops proprietary artificial intelligence solutions. Particularly, since 2018, we have developed Algho, an AI conversational platform that generates intelligent Digital Humans. We have some customers in Italy and in rest part of Europe in 12 industries like: bank, energy, public administration, e-commerce, travel, software house. Our customer are, for example: Banca Sella, Old Wilde West, PubliAcque, 30th municipalities, ENI, Gaia S.p.A and so on.",No,,,2007,,,Generative AI,"October 23, 2024 10:23 PM",,,,,01214250522,,,1,,,,Startup Acceleration,SI,Tuscany,,,,,,,https://www.quest-it.com,53100
Hypermeteo,"Southern California Edison (SCE), EDF Renewables, Sompo Insurance",VIA NAZIONALE 181,ROMA,Terna,DB%20Companies/Hypermeteo.pdf,hypermeteo,,"Processes highly detailed and representative weather data, which can be integrated into any decision-making system or GIS platform. It is capable of providing artificial intelligence algorithms, particularly for companies in the utility, insurance, and agritech sectors.",No,,"Francesco Dell'Orco,Andrea Chini,Gianluca Ferrari",,Between 1M and 5M,,How to manage climatic uncertainty and build grid resilience,"October 13, 2025 10:53 AM",,,DB%20Companies/bb3c85bce1f6-Hypermeteo_payoff_1.png,,16159021001,"Francesco Dell'Orco (https://www.notion.so/Francesco-Dell-Orco-10665d57c00980719be4eabc2cb9726f?pvs=21), Andrea Chini (https://www.notion.so/Andrea-Chini-10665d57c00980c6af85ca2a5b52c2bb?pvs=21), Gianluca Ferrari (https://www.notion.so/Gianluca-Ferrari-086651aca3c84fad8dae197d47e20ffd?pvs=21)",,2-SF,DB%20Companies/Hypermeteo_Pitch_Terna_Innovation_Zone.pdf,,I/we don’t know yet,Terna,RM,,"Mainly, experience the Silicon Valley environment, learning and improving in order to grow our startup; in addition, to start exploring the US market in terms of needs and solutions it demands.","Francesco Dell'Orco,Andrea Chini,Gianluca Ferrari",,,How to manage climatic uncertainty and build grid resilience,,https://www.hypermeteo.com,00184
Eoliann,PG&E: Pacific Gas & Electric Company; SCE: Southern California Edison; California ISO,"CORSO
  RAFFAELLO 28",TORINO,Terna,DB%20Companies/Eoliann.pdf,eoliann,,"Specialized in forecasting extreme weather events and estimating their impact, thanks to proprietary artificial intelligence algorithms that leverage open data and satellite data.",No,,"Roberto Carnicelli,Federico D’Albenzio,Giovanni Luddeni",,Between 1M and 5M,,How to manage climatic uncertainty and build grid resilience,"October 23, 2024 9:47 PM",,,DB%20Companies/Eoliann_Logo_Complete_PNG.png,,12457140965,"Roberto Carnicelli (https://www.notion.so/Roberto-Carnicelli-10665d57c0098043b2ffc0a03157d8e2?pvs=21), Federico D’Albenzio (https://www.notion.so/Federico-D-Albenzio-565d2ec36d214a1eb721546962e80111?pvs=21), Giovanni Luddeni (https://www.notion.so/Giovanni-Luddeni-11365d57c009809aa663e4595eee98a9?pvs=21)",,2-SF,DB%20Companies/20241028_Eoliann_Terna_Innovit.pdf,,Yes - within the next 3 to 6 months,Terna,TO,,"Meeting potential customers and building a network in California, considering we are finalizing details with an investor for our incoming round.","Roberto Carnicelli,Federico D’Albenzio,Giovanni Luddeni",,,How to manage climatic uncertainty and build grid resilience,,https://www.eoliann.com,10125
Wesii,"PG&E, NextEraEnergy, Tesla",VIA NINO BIXIO 19/20,CHIAVARI,Terna,DB%20Companies/Wesii.pdf,wesii,,"Specialized in thermography using drones and airplanes. First in Italy’s photovoltaic market with a platform for detecting faults and anomalies in photovoltaic panels. Technology applicable to infrastructure monitoring and wind energy. First in Italy to obtain ENAC authorization for autonomous flight. ",No,,Mauro Migliazzi,,Between 1M and 5M,,Assets monitoring both from the sky and the ocean,"October 28, 2024 10:55 PM",,,DB%20Companies/a4cfd26c8b41-wesii.png,,02396340990,Mauro Migliazzi (https://www.notion.so/Mauro-Migliazzi-10665d57c0098027a1dcd8bcf2bc082f?pvs=21),,2-SF,DB%20Companies/Wesii_Final.pdf,,I/we don’t know yet,Terna,GE,,Just evaluating the opportunity to open this market,Mauro Migliazzi,,,Assets monitoring both from the sky and the ocean,,https://www.wesii.com,16043
Wsense,,VIA VENTI SETTEMBRE N 98/E,ROMA,Terna,DB%20Companies/Wsense.pdf,wsense,,"Underwater telecommunication infrastructure. Proprietary ""IoUT technologies"" support multi-vendor interoperability and are capable of covering vast sea areas, reaching great depths.",No,,"Chiara Petrioli,Claudio La Torre,Samuele Poletto,Dag Joraholmen,Stefano Gargioli",,Between 5M and 15M,,Assets monitoring both from the sky and the ocean,"November 22, 2024 5:51 PM",,,DB%20Companies/5f481b130911-Declinazioni_logo_Wsense_2022___1___Logo_primario_orizzontale__1_.ai,,12008331006,"Chiara Petrioli (https://www.notion.so/Chiara-Petrioli-10665d57c00980eb9938e69d3d8569fb?pvs=21), Claudio La Torre (https://www.notion.so/Claudio-La-Torre-91d4861785384255bebdee120e301c85?pvs=21), Samuele Poletto (https://www.notion.so/Samuele-Poletto-10665d57c009802d8701c496aab66d0e?pvs=21), Dag Joraholmen (https://www.notion.so/Dag-Joraholmen-11365d57c0098018a276f9aaf87c3bea?pvs=21), Stefano Gargioli (https://www.notion.so/Stefano-Gargioli-11a65d57c00980edb149f774232641b6?pvs=21)",,2-SF,DB%20Companies/WSense__FINAL.pdf,,I/we don’t know yet,Terna,RM,,Scouting/Establishing commercial opportunities with other program partners and the local ecosystem,"Chiara Petrioli,Claudio La Torre,Samuele Poletto,Dag Joraholmen,Stefano Gargioli",,,Assets monitoring both from the sky and the ocean,,https://wsense.it,00187
Mela Works,"California Department of Transportation, Associated General Contractors of California, California Building Industry Association",P ZA CASTELLO 26,MILANO,Terna,DB%20Companies/Melawork.pdf,melaworks,,"A platform designed to manage and organize fieldwork through smartphones by filling out work reports. It helps track activities, allowing clients to save time, reduce errors, and increase productivity on construction sites.",No,,"Emanuele Zamponi,Roberta Turrini",,Between 5M and 15M,,Enabling corporate physical and digital security,"February 12, 2025 12:03 PM",,,DB%20Companies/39335dcb74f0-mela_logo_300pxH.png,,11236210966,"Emanuele Zamponi (https://www.notion.so/Emanuele-Zamponi-10665d57c00980acba25cdbb2af071ee?pvs=21), Roberta Turrini (https://www.notion.so/Roberta-Turrini-10665d57c00980468753da87697b567c?pvs=21)",,2-SF,DB%20Companies/Mela_Works_-_innovit_SF.pdf,,Yes - to start 12 months from now,Terna,MI,,"1) To meet with major companies that manage assets such as highways, airports, and railways, and are responsible for their construction and maintenance.  2) To connect with construction associations and showcase what we are already doing with their counterparts in Italy.","Emanuele Zamponi,Roberta Turrini",,,Enabling corporate physical and digital security,,https://www.mela.work,20121
PlantBit,,STRADA DUE CASTAGNE 39,PARMA,C9 - Fintech & Insurtech / Startup Bootcamp,,plantbit,,"PlantBit develops an in-vivo biosensor that monitors plant health in real-time, optimizing water and nutrient use while enabling early disease detection.",No,,"Nicola Coppedè,Filippo Vurro",2023,Between 0 and 500k,,AgriTech,"March 18, 2026 6:27 PM",,,DB%20Companies/a95d604e5133-Logo_Plantbit.png,DB%20Companies/One_Pager_-_PlantBit.pdf,03037280348,"Nicola Coppedè (https://www.notion.so/Nicola-Copped-fff65d57c0098031841cfda156834eb9?pvs=21), Filippo Vurro (https://www.notion.so/Filippo-Vurro-fff65d57c0098006884ee0aaceb912af?pvs=21)",,2-SF,DB%20Companies/Deck_-_PlantBit.pdf,,,Startup Bootcamp,PR,Emilia-Romagna,,"Nicola Coppedè,Filippo Vurro","https://it.linkedin.com/in/nicola-coppede-43690a50,https://it.linkedin.com/in/filippo-vurro-10895b118",,,,https://www.plantbit.it/,43124
Maind Capital,,VIA POSTA 8,MILANO,C9 - Fintech & Insurtech / Startup Bootcamp,,maindcapital,,"Improving the origination phase of M&A transactions, by combining the precision of AI with the irreplaceable value of human interaction.",No,,Sergio D'Alessandro,2022,Between 0 and 500k,,"AI, Fintech","October 23, 2024 10:07 PM",,,DB%20Companies/a16889f37579-logomaindcapital.pdf,DB%20Companies/One_Pager_-_Maind_Capital.pdf,12187760967,Sergio D'Alessandro (https://www.notion.so/Sergio-D-Alessandro-6a5551c7ebc24204a3f4a61a206ea7ab?pvs=21),,2-SF,DB%20Companies/Deck_-_Maind_Capital.pdf,,,Startup Bootcamp,MI,Lombardy,,Sergio D'Alessandro,https://www.linkedin.com/in/sergio-dalessandro/,,,,https://www.maindcapital.com,20123
Rocchi Technologies,,VIA DELLA BONIFICA 36,CHIUSI,C9 - Fintech & Insurtech / Startup Bootcamp,,rocchitechnologies,,"The solution for all those people who would like more calm and less stress around them, using innovative and sustainable solutions.",No,,"Federico Rocchi,Diego Bergantini",2023,Between 0 and 500k,,AI,"October 23, 2024 10:35 PM",,,"DB%20Companies/26d3e543966a-logo.rt.png, DB%20Companies/d2f43579c173-Logo_bianco_e_nero.png",DB%20Companies/One_Pager_-_Rocchi_Technologies.pdf,01582270524,"Federico Rocchi (https://www.notion.so/Federico-Rocchi-9111f1bf2c34492dbf98ed629e3af06c?pvs=21), Diego Bergantini (https://www.notion.so/Diego-Bergantini-136e3cce8051471aac0131af47cd8289?pvs=21)",,2-SF,DB%20Companies/Deck_-_Rocchi_Technologies.pdf,,,Startup Bootcamp,SI,Tuscany,,"Federico Rocchi,Diego Bergantini",https://www.linkedin.com/in/federico-rocchi-92032b232,,,,https://www.rocchitechnologies.com/en/,53043
SEAform,,CORSO CASTELFIDARDO 30/A,TORINO,C9 - Fintech & Insurtech / Startup Bootcamp,,seaform,,"Develops innovative technologies for creating floating land on water to address land scarcity and meet new infrastructural needs for coastal cities, ports and offshore energy.",No,,,2024,Between 0 and 500k,,ClimateTech,"March 18, 2026 6:27 PM",,,,,13003720011,,,2-No SF,,,,Startup Bootcamp,TO,Piedmont,,,,,,,https://seaform.it/en/home-en/,10129
Library Med,,"VIA COLLEPIANO INS. PRODUTTIVO
  3/B",TORRECUSO,C9 - Fintech & Insurtech / Startup Bootcamp,,librarymed,,"Library Med, is the SaaS “Wolfram Alpha” for biomedicine. It aids doctors and students in swiftly accessing literature and empowers researchers to enhance their work's empirical rigor, boosting publication chances. The subscription-based service got interest from a stack 5 of research hospitals.",No,,Maurizio Mario Murino,2021,Between 0 and 500k,,"Generative AI, Life Sciences","March 18, 2026 6:27 PM",,,DB%20Companies/Typeform_Results_Logo.png,DB%20Companies/One_Pager_-_Library_Med.pdf,01803200623,Maurizio Mario Murino (https://www.notion.so/Maurizio-Mario-Murino-7e9db3209b9c4889ab672b07661bed96?pvs=21),,2-SF,DB%20Companies/Deck_-_Library_Med.pdf,,,Startup Bootcamp,BN,Campania,,Maurizio Mario Murino,https://www.linkedin.com/in/maurizio-mario-murino-54ba2840,,,,https://librarymed.com/,82030
TradePulse,,,,UNDP,DB%20Companies/TradePulse_Pitch_Deck_June_2024_updated_.pdf,tradepulse,Kenya,"TradePulse is a simple mobile first AI based Software and a Service (SaaS) tool for cashflow tracking with embedded revenue based financing for Agro-processors and light manufacturers in emerging economies. TradePulse uses its AI based infrastructure and data to provide financial and operational visibility and decision insights for Small and Medium Enterprise (SME) Agro-processors in frontier markets. TradePulse provides the mobile first digital tools for free as a daily companion to the agro-processors who are able to manage their orders, create and issue invoices, track receivables, send/receive instant B2B payments from distributors/ buyers and reconcile their cashflow with ease on their mobile devices and gain insights for easy decision making. Through Pulse AI, TradePulse understands the agro-processors business cycles from production to sales and develop tailored risk profiles that enable financial institutions such as lenders provide comprehensive and flexible working capital  products, insurance and asset financing to the agro-processors. As a result, TradePulse impacts growth and resilience for agro-processors in frontier markets through AI, guaranteeing food security and waste reduction.",No,DB%20Companies/TradePulse_1_Minute_Pitch.mp4,"Ochich Magero,Declan Ochich Magero,Omer Dogan Dincer",,,,Fintech,"November 12, 2024 10:09 PM",,,,,,"Ochich Magero (https://www.notion.so/Ochich-Magero-10365d57c0098007b0ececee987af170?pvs=21), Declan Ochich Magero (https://www.notion.so/Declan-Ochich-Magero-13765d57c00980e2a03ee926db0ea6ca?pvs=21), Omer Dogan Dincer (https://www.notion.so/Omer-Dogan-Dincer-13765d57c009803a8337ddb890ae26a5?pvs=21)",,2-SF,DB%20Companies/TradePulse_Pitch_Deck_November_-_SF_07_-_FINAL_12.11.24.pdf,,,UNDP,,,,"Ochich Magero,Declan Ochich Magero,Omer Dogan Dincer",,,,,https://tradepulse.io,
Kytabu,,,,UNDP,DB%20Companies/Kytabu_Inc._AI_in_Education_-_Pitch_Deck_2024.pdf,kytabu,Kenya,"Kytabu is an innovative edtech company in Kenya that leverages AI-driven tools to enhance educational outcomes. We offer personalized learning experiences through AI-powered platforms, automate administrative tasks for teachers, and provide data-driven insights for school management. Our solutions, including the SOMANASI AI tutor, are designed to address the specific needs of Kenyan students and educators, ensuring culturally relevant and inclusive education. Kytabu is committed to transforming education by making quality learning accessible and effective for all.",No,DB%20Companies/Tonee_Ndungu_1_minute_pitch.mov,"Tonee Ndungu,Anthony Ndungu,Sharon Machira",,,,Edutech,"November 12, 2024 10:09 PM",,,,,,"Tonee Ndungu (https://www.notion.so/Tonee-Ndungu-10365d57c009802583c0e81b29341477?pvs=21), Anthony Ndungu (https://www.notion.so/Anthony-Ndungu-13765d57c009807e95e8fe67313aa048?pvs=21), Sharon Machira (https://www.notion.so/Sharon-Machira-13765d57c009802890dacee5c5b7d919?pvs=21)",,2-SF,DB%20Companies/INNOVIT_Pitch_-_KYTABU_2024-4-_FINAL_12.11.24.pdf,,,UNDP,,,,"Tonee Ndungu,Anthony Ndungu,Sharon Machira",,,,,https://kytabu.africa,
IRIF (Remote),,,,UNDP,DB%20Companies/IRIF-Birrama-Human.pdf,irif(remote),Ethiopia,"Birrama is a technology-driven agricultural company dedicated to empowering a new generation of African farmers through innovation and sustainable practices. Our flagship initiative, IRIF (Intelligent, Resilient, and Innovative Farmers), is an AI-powered platform designed to equip young farmers with the knowledge, tools, and connections they need to build thriving and sustainable agricultural businesses.",No,DB%20Companies/IRIF_1_minute_pitch_video_(1).mp4,Tamrah Sultun,,,,AgriTech,"November 12, 2024 10:08 PM",,,,,,Tamrah Sultun (https://www.notion.so/Tamrah-Sultun-10365d57c0098060b834ec7ab86d7fb3?pvs=21),,2-SF,"DB%20Companies/IRIF_-_San_Francisco_Pitch_Deck_.pdf, DB%20Companies/IRIF_PTICH.mp4",,,UNDP,,,,Tamrah Sultun,,,,,www.irif.et,
IrWise,,,,UNDP,DB%20Companies/IrWise_Pitch_Deck_2024.pdf,irwise,Tunisia,"IrWise is a pioneering startup that specializes in smart irrigation solutions, integrating advanced technology with sustainable agricultural practices. Our primary offerings include remote monitoring of all on-field equipment, remote control of irrigation systems, scheduling irrigation periods, and real-time malfunction notifications. Additionally, we provide a multi-user platform with customizable access rights, enabling efficient and secure management of irrigation systems.  Our solutions are designed to optimize water usage, reduce operational costs, and enhance crop yields, thereby addressing critical challenges in modern agriculture. By leveraging IoT and data analytics, IrWise empowers farmers with actionable insights and precise control over their irrigation processes, fostering sustainable and efficient farming practices.  Committed to creating a significant social and environmental impact, IrWise contributes to the conservation of water resources, supports food security, and promotes resilient agricultural ecosystems. Our innovative approach not only enhances productivity but also ensures that farming practices are environmentally sustainable and economically viable.",No,DB%20Companies/Irwise-Elevator_Pitch_1_.mp4,"Mohamed Mekki Maalej,Marouen Hammami",,,,AgriTech,"November 12, 2024 10:09 PM",,,,,,"Mohamed Mekki Maalej (https://www.notion.so/Mohamed-Mekki-Maalej-10365d57c0098088be11f5d05be4d89f?pvs=21), Marouen Hammami (https://www.notion.so/Marouen-Hammami-13765d57c009809f9800db5a71cdd57b?pvs=21)",,2-SF,DB%20Companies/IrWise_PitchDeck-v0.5_-_FINAL.pdf,,,UNDP,,,,"Mohamed Mekki Maalej,Marouen Hammami",,,,,https://irwise.com,
NextAV,,,,UNDP,DB%20Companies/NextAV-pitch-Deck-BRAIN.pdf,nextav,Tunisia,"NextAV leverages AI-driven super-resolution technology to transform low-resolution public satellite images into detailed, high-resolution data. Our solutions provide precise and affordable satellite imagery and analytics to sectors such as agriculture, oil and gas, mining, environmental monitoring, and urban planning. With applications including methane leak detection, third-party interference, and geohazard monitoring, we empower businesses and organizations to make informed decisions and optimize operations. Our innovative approach not only enhances data accessibility but also significantly reduces costs, positioning NextAV as a key player in the geospatial analytics industry.",No,DB%20Companies/NextAV_1mn_pitch.mp4,"Hichem Mokni,Hichem Mokni",,,,Computer Vision,"November 12, 2024 10:09 PM",,,DB%20Companies/FW__Logo_NextAV_format_AI.zip,,,"Hichem Mokni (https://www.notion.so/Hichem-Mokni-10365d57c00980b18f33f0bb4f2361b7?pvs=21), Hichem Mokni (https://www.notion.so/Hichem-Mokni-13765d57c0098074bf1bf3fa3a6fbf71?pvs=21)",,2-SF,DB%20Companies/Pitch_NextAV_SF_4.0-FINAL_12.11.24.pdf,,,UNDP,,,,"Hichem Mokni,Hichem Mokni",,,,,https://nextav.ai,
Traent,,"VIALE
  CONI ZUGNA 71",MILANO,RT-2,,traent,,"Traent promotes transparency and ethical behavior in business relationships through a hybrid blockchain-based ecosystem. Traent's solution enhances the efficiency and confidentiality of collaboration processes while simplifying ESG reporting, optimizing supply chain management, creating digital product passports (DPP), and enabling trustworthy AI implementations.",No,,Federico d'Annunzio,2019,,,Blockchain,"February 18, 2025 1:11 PM",,,,,11036710967,Federico d'Annunzio (https://www.notion.so/Federico-d-Annunzio-13465d57c0098085bbf5fab112fef8d7?pvs=21),,2-SF,DB%20Companies/Traent_3min__(4).pdf,,,Regione Toscana,MI,Tuscany,,Federico d'Annunzio,,,,,www.traent.com,20144
Linari Engineering,,VIA UMBERTO FORTI 24/14,PISA,RT-2,,linariengineering,,"Electrospinning Co. is a team of highly trained professionals with expertise in electrospinning, providing customized solutions for producing functional nanofibers and offering a broad catalogue of nanomaterials for biomedical applications. Electrospinning Co.'s commitment to quality, safety, and collaboration helps guide clients to success in the field of electrospinning.",No,,Stefano Linari,2003,Between 1M and 5M,,"Hardware & Robotics, Medical Device","December 4, 2024 9:08 PM",,,,,01307760536,Stefano Linari (https://www.notion.so/Stefano-Linari-13465d57c0098068823fdba06fc40951?pvs=21),,2-SF,DB%20Companies/Linari_NanoGraft_Deck_20241204.pdf,,,Regione Toscana,PI,Tuscany,,Stefano Linari,,,,,https://www.linarinanotech.com,56121
Mediate,,VIA STERPULINO 11,PISA,RT-2,,mediate,,"Mediate specializes in collaborative robotics and is developing HEXOPUS, an innovative sensing module that leverages HEXtraSENSE technology to create a sensing “aura” around robotic end-effectors. This enhances collaboration, safety, and human-robot interaction. HEXOPUS Robotics' system is currently in the process of obtaining SIL2, PLd certification.",No,,Marcello Chiurazzi,2017,Between 500k and 1M,,Hardware & Robotics,"December 4, 2024 9:11 PM",,,,,02266920509,Marcello Chiurazzi (https://www.notion.so/Marcello-Chiurazzi-13465d57c00980bb8203d0c19119eb1a?pvs=21),,2-SF,DB%20Companies/20241204_PitchDeck_MEDIATE.pdf,,,Regione Toscana,PI,Tuscany,,Marcello Chiurazzi,,,,,https://www.mediate-company.com/,56121
EvaluationTool,,PIAZZA EUROPA 7 9 11,PRATO,RT-2,,evaluationtool,,"EvaluationTool, from Macoev, offers comprehensive solutions to support companies across sectors in their digital transformation journey. EvaluationTool specializes in process optimization and the design and development of innovative digital experiences and solutions. The company ensures that human-centric approaches remain at the forefront of its services, delivering authentic quality.",No,,Alessio Fedi,2016,Between 500k and 1M,,Generative AI,"December 4, 2024 9:18 PM",,,,,02369730979,Alessio Fedi (https://www.notion.so/Alessio-Fedi-13b65d57c00980ae966ddaae47af12b4?pvs=21),,2-SF,DB%20Companies/EvaluationTool_(Macoev).pdf,,,Regione Toscana,PO,Tuscany,,Alessio Fedi,https://www.linkedin.com/in/alessio-fedi-macoev/,,,,macoev.com,59100
Startacrowd,,VIA GINO CAPPONI 24,FIRENZE,RT-2,,startacrowd,,"Startacrowd offers data intelligence tools and financial analysis to support decision-making for unlisted companies and market operators. Startacrowd's platform mitigates risks associated with evaluating, selecting, and monitoring unlisted companies and target markets, facilitating well-informed decision-making.",No,,"Andrea Fato,Edoardo
  Forconi",2020,Between 500k and 1M,,"Fintech, Generative AI","December 4, 2024 9:20 PM",,,,,07028380488,"Andrea Fato (https://www.notion.so/Andrea-Fato-13465d57c00980ae8623fb8f20c84043?pvs=21), Edoardo
  Forconi (https://www.notion.so/Edoardo-Forconi-14265d57c00980f484c4d8df360b4bd8?pvs=21)",,2-SF,DB%20Companies/Pitch_INNOVIT_-_Startacrowd__.pdf,,,Regione Toscana,FI,Tuscany,,"Andrea Fato,Edoardo
  Forconi",,,,,https://www.startacrowd.com/en/homepage/,50121
SailADV,,VIA FRASCANI 24,PISA,RT-2,,sailadv,,"SailADV provides expertise in trials and inspections of ships and yachts, conducting comprehensive analyses, surveys, and performance measurements. Nautical Solutions Inc.'s experience in the nautical field has led to the development of a proprietary platform that collects performance data from industrial plants and vessels for monitoring, optimization, and the generation of operational KPIs and alerts.",No,,Giovanni Palamà,2015,Between 500k and 1M,,"Blue Tech, Industry 5.0","December 4, 2024 9:37 PM",,,,,02186120503,Giovanni Palamà (https://www.notion.so/Giovanni-Palam-13465d57c00980d58152cc0a59340410?pvs=21),,2-SF,DB%20Companies/20241204_Casa_Toscana__SailADV_v.9_(2).pdf,,,Regione Toscana,PI,Tuscany,,Giovanni Palamà,,,,,https://www.sailadv.com/,56124
Haruspex,,VIA VITTORIO VENETO 126,LA SPEZIA,RT-2,,haruspex,,"Haruspex creates highly innovative products and services for cybersecurity resilience assessment and risk neutralization. H.'s technology, powered by advanced AI algorithms and digital twin simulations, predicts how long a system can withstand an attack and identifies the most effective remediation paths. This approach ensures that only the truly necessary solutions, less than 5% of the initial possibilities, are applied to protect infrastructures.",No,,"Marcello Montecucco,Federico Tonelli",2016,Between 1M and 5M,,Cybersecurity,"December 4, 2024 9:15 PM",,,,,01437790114,"Marcello Montecucco (https://www.notion.so/Marcello-Montecucco-13465d57c009806f8d0dd921ba70394f?pvs=21), Federico Tonelli (https://www.notion.so/Federico-Tonelli-13d65d57c00980269a98dabbb039ab20?pvs=21)",,2-SF,DB%20Companies/Deck_Haruspex.pdf,,,Regione Toscana,SP,Tuscany,,"Marcello Montecucco,Federico Tonelli",,,,,www.haruspex.it,19124
PlayNook,,PIAZZA DEI SECCATOI 10,FUCECCHIO,RT-2,,playnook,,"PlayNook is a tech startup focused on creating AudioGames—interactive audio stories that provide immersive sound experiences. PlayNook's mission is to revolutionize digital entertainment by prioritizing immersive interaction. The company has developed a mobile app, dashboard, and AI-driven tools to support the production pipeline, offering a unique alternative to traditional gaming and entertainment.",No,,"Stefano De Vivo,Gabriele Antonelli",2023,Bootstrapped,,Gaming,"December 4, 2024 9:14 PM",,,,,07255710480,"Stefano De Vivo (https://www.notion.so/Stefano-De-Vivo-13465d57c00980118608c7e167a2bcfa?pvs=21), Gabriele Antonelli (https://www.notion.so/Gabriele-Antonelli-14265d57c00980ed9905f1168c713874?pvs=21)",,2-SF,DB%20Companies/PlayNook_DemoDay_Deck-241204.pdf,,,Regione Toscana,FI,Tuscany,,"Stefano De Vivo,Gabriele Antonelli",,,,,www.playnook.games,50054
Knitronix,,VIA ROCCA TEDALDA 25,FIRENZE,RT-2,,knitronix,,"Knitronix develops proprietary textile sensors for pressure, temperature, moisture, presence of liquids, and displacement. Knitronix collaborates with partners including the Centre for Textile Science and Engineering (Ghent, Belgium), the Department of Social, Political, and Cognitive Sciences (University of Siena, Italy), the Department of Information Technology (University of Florence, Italy), and The BioRobotics Institute of Sant'Anna School of Advanced Studies (Pontedera, Italy).",No,,"Riccardo Marchesi,Manolo Abrignani,Emil De Toffol",2016,Between 500k and 1M,,Hardware & Robotics,"February 20, 2026 8:37 PM",,,,,06670160487,"Riccardo Marchesi (https://www.notion.so/Riccardo-Marchesi-13465d57c0098047b805f1000b4df0cb?pvs=21), Manolo Abrignani (https://www.notion.so/Manolo-Abrignani-14265d57c0098015a72ed77efdc82896?pvs=21), Emil De Toffol (https://www.notion.so/Emil-De-Toffol-15465d57c0098035ab14ec4fde2081c5?pvs=21)",,2-SF,DB%20Companies/INNOVIT_pitch_-_DEMO_DAY.pdf,,,Regione Toscana,FI,Tuscany,,"Riccardo Marchesi,Manolo Abrignani,Emil De Toffol",,,,,https://www.knitronix.com/en/,50136
Small Pixels,,VIALE DEI MILLE 60,FIRENZE,RT-2,,smallpixels,,"Small Pixels develops generative AI algorithms for video quality enhancement and bandwidth reduction. As a spin-off of the University of Florence with over twenty years of experience in computer vision, Small Pixels has created solutions that meet the diverse needs of industries where video plays a central role.",Yes,,Marco Bertini,2020,Between 500k and 1M,,Generative AI,"February 20, 2026 8:42 PM",,,,,07034060488,Marco Bertini (https://www.notion.so/Marco-Bertini-13b65d57c00980788a13e1da50500cc0?pvs=21),,2-SF,DB%20Companies/SmallPixels_nov_24_to_pitch_-_Marco_(2).pdf,,,Regione Toscana,FI,Tuscany,,Marco Bertini,,,,,www.smallpixels.ai,50131
DSQM,,VIA AUGUSTO RIGHI 20 ,PISA,RT-2,,dsqm,,"DSQM develops advanced superconducting devices for quantum and classical computing, offering cutting-edge nanofabrication services and cryogenic characterization to ensure optimal performance for scientific and industrial applications. DSQM provides customized components for cryogenic integration, tailored to meet specific customer needs, and is a key innovator in the fields of superconductivity and quantum technology.",No,,Claudio Puglia,2022,Bootstrapped,,Quantum Technologies,"November 30, 2024 3:50 AM",,,,,02436940502,Claudio Puglia (https://www.notion.so/Claudio-Puglia-13465d57c00980369772fef2419d8ff4?pvs=21),,2-SF,DB%20Companies/DSQM.pdf,,,Regione Toscana,PI,Tuscany,,Claudio Puglia,,,,,www.dsqm.it,56122
TUC.technology,,VIA PIER CARLO BOGGIO 59,TORINO,C10 - Space Economy,,tuc.technology,,"A patented universal plug-and-play connector for vehicles, aircraft, and boats, integrating software and firmware via a single cable for modular upgrades throughout the product lifecycle.",No,,,2018,Between 1M and 5M,,"Robotics AND/OR Hardware AND/OR Advanced Materials, Space Economy","March 18, 2026 6:27 PM",,,,DB%20Companies/Tuc_Technologies.docx.pdf,11916680017,,,2-SF,DB%20Companies/TUC_Aerospace_Presentation_2024-min.pdf,,,SMEs Traction,TO,Piedmont,,,,,,,https://tuc.technology,10138
CShark,,STRADONE FARNESE 39 C,PIACENZA,C10 - Space Economy,,cshark,,"Innovation-oriented SME in IT and aerospace, with PILOT-2 nanosatellite constellation aimed at a global IoT network via low-power LoRaWAN technology.",No,,"Alessandro Fanni,Alessandro Fanni",2018,Between 1M and 5M,,Space Economy,"March 18, 2026 6:27 PM",,,,DB%20Companies/ONE_PAGER_-_Cshark1.pdf,01771080338,"Alessandro Fanni (https://www.notion.so/Alessandro-Fanni-15865d57c0098063bd15dcde5a9af24d?pvs=21), Alessandro Fanni (https://www.notion.so/Alessandro-Fanni-32d65d57c0098093a13fccbe4643846f?pvs=21)",,2-SF,DB%20Companies/CShark_presentazione_pitch21-11c.pdf,,,SMEs Traction,PC,Emilia-Romagna,,"Alessandro Fanni,Alessandro Fanni",,,,,https://www.cshark.it/page/homepage-en,29121
NOVAEKA,,VIA SAN CRISPINO 114,PADOVA,C10 - Space Economy,,novaeka,,"Specializes in rocket engine test systems, combining fluid dynamics, cryogenics, and digital twin technologies to enhance safety and sustainability, including managing Europe’s largest rocket engine test plant.",No,,,2017,Between 0 and 500k,,Space Economy,"March 18, 2026 6:27 PM",,,,DB%20Companies/Novaeka_ONE_PAGER.docx.pdf,05099690280,,,2-SF,DB%20Companies/novaeka_deck_v03.pdf,,,SMEs Traction,PD,Veneto,,,,,,,https://www.novaeka.com,35129
Titan4,,VIA APPIA NUOVA 359,ROMA,C10 - Space Economy,,titan4,,"Supports infrastructure monitoring and risk mitigation through satellite data and analytics for sectors like transport, energy, and construction, offering quick, accurate, actionable insights.",No,,,2017,Between 1M and 5M,,Space Economy,"March 18, 2026 6:27 PM",,,,DB%20Companies/ONE_PAGER_-_TTITAN4.docx.pdf,14329741004,,,2-SF,DB%20Companies/Pitch_Innovit_Titan4_v1.pdf,,,SMEs Traction,RM,Latium,,,,,,,https://www.titan4.it,00181
RF MICROTECH,,VIA LEONE MACCHERONI 64,PERUGIA,C10 - Space Economy,,rfmicrotech,,"Develops and supply space qualified antennas and microwave components for satellites, focusing on modular, miniaturized, low power consumption patented solutions. Serving key space system integrators.",No,,,2007,Between 1M and 5M,,Space Economy,"March 18, 2026 6:27 PM",,,DB%20Companies/LOGO_RFM_png.png,DB%20Companies/ONE_PAGER_-_RF_Microtech.docx.pdf,02968020541,,,2-SF,DB%20Companies/RFMICROTECH_pitch.pdf,,,SMEs Traction,PG,Umbria,,,,,,,https://www.rfmicrotech.com,06132
LMA,,VIA VERCELLI 6,PIANEZZA,C10 - Space Economy,,lma,,"Provider of precision mechanical machining services, specializing in high-precision aerospace components in aluminum, titanium, and composite materials for top aerospace and defense clients.",No,,,1974,Between 15M and 30M,,Space Economy,"March 18, 2026 6:27 PM",,,,DB%20Companies/INNOVIT_-_ONE_PAGER_LMA.pdf,00627060015,,,2-SF,DB%20Companies/LMA_Innovit_Pitch_vSENT-2.pdf,,,SMEs Traction,TO,Piedmont,,,,,,,https://lmasrl.com/,10044
Sidereus Space Dynamics,,VIA NICOLA ROCCO 68,NAPOLI,C10 - Space Economy,,sidereusspacedynamics,,"Offers cost-effective satellite launch services with EOS, the first fully reusable SSTO vehicle, securing €50M in agreements and preparing for initial suborbital flight.",No,,,2019,Between 5M and 15M,,Space Economy,"March 18, 2026 6:27 PM",,,,DB%20Companies/ONE_PAGER_-_Sidereus_Space_Dynamics_(VF).docx_-_Documenti_Google.pdf,09142661215,,,2-SF,DB%20Companies/Pitch_Deck__-_Sidereus_v3.pdf,,,SMEs Traction,NA,Campania,,,,,,,https://www.sidereus.space/,80141
Volta Structural Energy,,VIA ALBERICO ALBRICCI 8,MILANO,C10 - Space Economy,,voltastructuralenergy,,"Develops multifunctional structural batteries for energy storage in aerospace, automotive, and maritime, optimizing energy capacity without impacting payload space.",No,,,2020,Between 1M and 5M,,"Green Energy AND/OR CleanTech AND/OR ClimateTech AND/OR AgriFoodTech, Robotics AND/OR Hardware AND/OR Advanced Materials, Space Economy","March 18, 2026 6:27 PM",,,,DB%20Companies/Volta_ONE_PAGER_-_Randolfi_V02.pdf,11497270964,,,2-SF,DB%20Companies/VOLTA_-_Pitch_Deck_-_Innovit_21112024.pdf,,,SMEs Traction,MI,Lombardy,,,,,,,https://www.voltase.energy,20122
ORiS,,CORSO CASTELFIDARDO 30/A,TORINO,C10 - Space Economy,,oris,,"Develops wireless energy transmission payloads for space, with collaborations on lunar infrastructure projects involving Thales Alenia Space and the Italian Space Agency.",No,,,2024,Between 0 and 500k,,Space Economy,"March 18, 2026 6:27 PM",,,,DB%20Companies/ORiS_-_ONE_PAGER.pdf,13025010011,,,2-SF,DB%20Companies/INNOVIT_Pitch_-_ORiS-1.pdf,,,SMEs Traction,TO,Piedmont,,,,,,,https://oris-space.com/,10129
Lazzero Tecnologie,,STRADA BALDISSERO 78,CHIERI,C10 - Space Economy,,lazzerotecnologie,,"Italian SME with industrial leak testing expertise, now advancing space projects and cooling technology, backed by €1.5M in funding from the Italian Space Agency.",No,,,1990,Between 0 and 500k,,Space Economy,"March 18, 2026 6:27 PM",,,,,05938990016,,,2-No SF,,,,SMEs Traction,TO,Piedmont,,,,,,,http://www.lazzero.com,10023
Deplotic,,CORSO CASTELFIDARDO 130,TORINO,C10 - Space Economy,,deplotic,,"Designs deployable robotic systems for satellite maintenance, with services including inspection, repairs, and upgrades, funded by tenders for product maturity.",No,,,2024,Between 0 and 500k,,"Robotics AND/OR Hardware AND/OR Advanced Materials, Space Economy","March 18, 2026 6:27 PM",,,,DB%20Companies/Deplotic_-_ONE_PAGER.pdf,17036791006,,,2-SF,DB%20Companies/Deplotic-2.pdf,,,SMEs Traction,TO,Piedmont,,,,,,,https://www.deplotic.com,10129
Space 11,,VIA CARLO DOSSI 62,ROMA,C10 - Space Economy,,space11,,"Space 11 is a hardware and software aerospace company offering an interactive digital twin platform that uses its proprietary AI engine to combine data from its multimodal robotic system, satellite images, and IoT devices, enabling industries to perform predictive maintenance, operational digitalization, and enhance worker safety in plants, construction sites, and factories.",No,,,2023,Between 0 and 500k,,"Generative AI, Robotics AND/OR Hardware AND/OR Advanced Materials, Space Economy","March 18, 2026 6:27 PM",,,,DB%20Companies/ONE_PAGER_-_SPACE_11.pdf,17036791006,,,2-SF,DB%20Companies/PITCH_Space_11_final_version.pdf,,,SMEs Traction,RM,Latium,,,,,,,https://space11.ai,00137
Intuos,,VIALE GIANLUIGI BONELLI 40,ROMA,C10 - Space Economy,,intuos,,"AI-IoT based software platform for aircraft data management, enhancing asset management, safety, and training through real-time analysis and machine learning, with a subscription-based model.",No,,,2019,Between 0 and 500k,,"Robotics AND/OR Hardware AND/OR Advanced Materials, Space Economy","March 18, 2026 6:27 PM",,,,DB%20Companies/ONE_PAGER_-_Intuos.pdf,15541901003,,,2-SF,DB%20Companies/Innovit_Intuos_pitch_final.pdf,,,SMEs Traction,RM,Latium,,,,,,,https://intuos.it/,00127
Geniel,,VIA DEL CASALE SOLARO 119,ROMA,C10 - Space Economy,,geniel,,"Develops compact, energy-efficient emergency beacons for aviation and maritime, with launch contracts and LOIs for rugged devices for adverse conditions.",No,,,2022,Between 0 and 500k,,Space Economy,"March 18, 2026 6:27 PM",,,,,16626711002,,,2-No SF,,,,SMEs Traction,RM,Latium,,,,,,,https://www.geniel.eu,00143
Capsule Corporation,,VIA AURELIO SAFFI 21,MILANO,C10 - Space Economy,,capsulecorporation,,"Focused on water-based propulsion systems for Cubesats and Smallsats, aiming for versatile orbital maneuvering capabilities while reducing cost and lead time.",No,,Ivan Nizzola,2024,Between 0 and 500k,,Space Economy,"March 18, 2026 6:27 PM",,,,DB%20Companies/ONE_PAGER_-_Capsule_corporation.pdf,13582590967,Ivan Nizzola (https://www.notion.so/Ivan-Nizzola-15865d57c00980aa8b51e7292ce185de?pvs=21),,2-SF,DB%20Companies/Investor_pitch_san_francisco_(1).pdf,,,SMEs Traction,MI,Lombardy,,Ivan Nizzola,,,,,https://www.capsule-corp.biz,20123
Andremacon,,VIALE ORTLES 22/4,MILANO,C10 - Space Economy,,andremacon,,"SME specializing in precision oncology and aerospace medicine, advancing novel therapeutics and dual-use technologies for critical medical needs.",No,,,2014,Between 500k and 1M,,"Life Sciences AND/OR Digital Health, Space Economy","March 18, 2026 6:27 PM",,,,,08562150964,,,1,,,,SMEs Traction,MI,Lombardy,,,,,,,https://www.andremacon.com,20139
i-See,,VIA GIACOSA 38,TORINO,C10 - Space Economy,,i-see,,"Offers reusable stratospheric pseudo-satellites for high-resolution Earth observation, targeting industries like defense and scientific research with cost-effective data solutions.",No,,,2010,Between 0 and 500k,,"Generative AI, Life Sciences AND/OR Digital Health, Space Economy","March 18, 2026 6:27 PM",,,,,10308100014,,,1,,,,SMEs Traction,TO,Piedmont,,,,,,,https://www.i-seecomputing.com,10125
Involve Space,,VIA BRUSA 69,CANZO,C12 - Space Economy,,involvespace,,"Innovative AI-driven design methodologies for space component design, addressing challenges for satellites and launchers, with ongoing contracts from key industry players.",No,,Matilda Galluzzo,2021,Between 1M and 5M,,Space Economy,"April 9, 2025 8:03 AM",,,,,03955390137,Matilda Galluzzo (https://www.notion.so/Matilda-Galluzzo-1d065d57c00980e0acf2f73b3dd42c63?pvs=21),,1,,,,SMEs Traction,CO,Lombardy,,Matilda Galluzzo,,,,,https://www.involvespace.eu/,22035
Tekrevolution,,V EX AEROP FR CONSORZIO SOLE LOT XI,POMIGLIANO D'ARCO,C10 - Space Economy,,tekrevolution,,Develops an Artificial Intelligence assisted and 3Dprinting oriented multi-platform sw devoted to optimized design (structural and fluid-dynamic) of mechanical components/systems for space applications,No,,,2018,Between 0 and 500k,,"Robotics AND/OR Hardware AND/OR Advanced Materials, Space Economy","March 18, 2026 6:27 PM",,,DB%20Companies/Tekrevolution1.png,DB%20Companies/Tekrevolution_-_ONE_PAGER.pdf,03609960798,,,2-SF,DB%20Companies/2024_innovit_pitch_MAX_8.pdf,,,SMEs Traction,NA,Campania,,,,,,,https://www.tekrevolution.it,80038
R&S SOLUTIONS,,VIA FREUD SIGMUND N 4,CAGLIARI,C10 - Space Economy,,r&ssolutions,,"Offers space mechanical subsystem engineering, supporting large space integrators with design, manufacturing, and testing, from qualification models to flight units.",No,,,2014,Between 0 and 500k,,Space Economy,"March 18, 2026 6:27 PM",,,,,03547800924,,,1,,,,SMEs Traction,CA,Sardinia,,,,,,,https://www.linkedin.com/in/res-solutions/,09126
Highftech Engineering,,VIA FUCA' 145,MODENA,C10 - Space Economy,,highftechengineering,,"Provides modular satellite fleets with a Satellite-as-a-Service model, reducing costs and lead times for institutions and service providers, with over 20 satellite products.",No,,,2000,Between 0 and 500k,,Space Economy,"March 18, 2026 6:27 PM",,,,,02625220369,,,1,,,,SMEs Traction,MO,Emilia-Romagna,,,,,,,https://www.highftech.com,41122
2NDSpace,,CORSO MAZZINI 55,FAENZA,C10 - Space Economy,,2ndspace,,"Produces smart electroadhesive fingertips for robotics, enhancing versatility for industrial and space applications, with ongoing PoCs and a growing customer base.",No,,,2023,Between 0 and 500k,,Space Economy,"March 18, 2026 6:27 PM",,,,,02742270396,,,1,,,,SMEs Traction,RA,Emilia-Romagna,,,,,,,https://www.2ndspace.eu/,48018
Adaptronics,,VIA FILIPPO TURATI 40,MILANO,C10 - Space Economy,,adaptronics,,"Italian SME providing global IoT connectivity via picosatellites, targeting sectors like agritech and oil & gas, focusing on reliable, energy-efficient space solutions.",No,,,2022,Between 500k and 1M,,"Robotics AND/OR Hardware AND/OR Advanced Materials, Space Economy","March 18, 2026 6:27 PM",,,,,12394070960,,,1,,,,SMEs Traction,MI,Emilia-Romagna,,,,,,,https://adaptronics.it,20121
Roboze,,VIA VINCENZO AULISIO 31/33,BARI,C10 - Space Economy,,roboze,,"Offers land and infrastructure monitoring via the I.MODI platform, generating revenue from R&D projects and contracts in construction and agriculture.",No,,,2013,Between 5M and 15M,,"Green Energy AND/OR CleanTech AND/OR ClimateTech AND/OR AgriFoodTech, Robotics AND/OR Hardware AND/OR Advanced Materials, Space Economy","March 18, 2026 6:27 PM",,,,,07513040720,,,1,,,,SMEs Traction,BA,Apulia,,,,,,,https://roboze.com,70124
Apogeo Space,,VIA MALTA 7/C,BRESCIA,C10 - Space Economy,,apogeospace,,"Manufactures high-performance 3D printers, materials, and parts for precision applications.",No,,,2015,Between 1M and 5M,,"Robotics AND/OR Hardware AND/OR Advanced Materials, Space Economy","March 18, 2026 6:27 PM",,,,,03524570987,,,1,,,,SMEs Traction,BS,Lombardy,,,,,,,https://www.apogeo.space/,25124
GVM Assistance,,PIAZZA TRISI 16,LUGO,C10 - Space Economy,,gvmassistance,,"Cloud-based service using SatEO data, in-situ data, and AI for metocean surveys for offshore wind, reducing survey duration by over 50%.",No,,,2021,Between 500k and 1M,,"Life Sciences AND/OR Digital Health, Space Economy","March 18, 2026 6:27 PM",,,,,02700810399,,,1,,,,SMEs Traction,RA,Emilia-Romagna,,,,,,,https://gvmassistance.it/it-it/home,48022
FlySight,,VIA AURELIO LAMPREDI 45,LIVORNO,C10 - Space Economy,,flysight,,"Healthcare digital services for teleconsultation and remote monitoring, with integrated AI triage and operational platforms ISO-certified for quality assurance.",No,,,2020,Between 0 and 500k,,Space Economy,"March 18, 2026 6:27 PM",,,,,01939260491,,,1,,,,SMEs Traction,LI,Tuscany,,,,,,,https://www.flysight.it,57121
OhmSpace,,VIA BONCOMPAGNI 93 ROMA,ROMA,C10 - Space Economy,,ohmspace,,"Develops AI-powered software for decision support using Electro-Optical sensors across multiple domains, enhancing operational awareness with the OPENSIGHT platform.",No,,,2023,Between 1M and 5M,,Space Economy,"March 18, 2026 6:27 PM",,,,,17191521008,,,1,,,,SMEs Traction,RM,Latium,,,,,,,https://ohm.space,00187
Space2earth,,VIALE AFRICA 14,CATANIA,C10 - Space Economy,,space2earth,,"Developing electric propulsion systems for satellites, with high-temperature resistojet technology using water as a sustainable propellant for cost-efficient space missions.",No,,,2023,Between 0 and 500k,,Space Economy,"March 18, 2026 6:27 PM",,,,,06019070876,,,1,,,,SMEs Traction,CT,Sicily,,,,,,,https://www.space2earth.it/,95129
MESPAC,,VIA PAOLO BORSELLINO 38 INT 16,TORINO,C10 - Space Economy,,mespac,,"Combines satellite technology and AI to offer solutions in environmental monitoring, precision agriculture, and more, supporting sectors like tourism and agrifood.",No,,,2022,Between 0 and 500k,,"Generative AI, Green Energy AND/OR CleanTech AND/OR ClimateTech AND/OR AgriFoodTech, Space Economy","March 18, 2026 6:27 PM",,,,,12704170013,,,1,,,,SMEs Traction,TO,Piedmont,,,,,,,https://www.mespac.space,10138
Survey Lab,,VIA ALBERTO TRIONFI 9,ROMA,C10 - Space Economy,,surveylab,,"Cloud-based platform providing real-time land and infrastructure monitoring for civil and agricultural applications, with revenue from R&D projects and service contracts.",No,,,2008,Between 500k and 1M,,"Green Energy AND/OR CleanTech AND/OR ClimateTech AND/OR AgriFoodTech, Space Economy","March 18, 2026 6:27 PM",,,,,10086431003,,,1,,,,SMEs Traction,RM,Latium,,,,,,,https://www.surveylab.info,00159
Isual Srl,,"via Ugo Bassi 13, Ferrara (Italy)",FERRARA,ARTER-COACH,,isualsrl,,"Isual® is a B2B SaaS platform for managing social media in complex networks like franchises, consortia, and retail chains. It automates scalable distribution of editorial plans, centralizing content management for consistency while ensuring high visibility by distributing directly to Partner social channels. Operating on an annual subscription model per seat, Isual® serves various industries with a lean, innovative team of 3 members.",No,,,2022,Between 0 and 500k,,"AI, Saas","February 24, 2025 9:02 PM",,,,,,,,,https://drive.google.com/open?id=1QQZ4LdInl9uxccLZKfArnTcM7kDDUPiG,,,ARTER,FE,Emilia-Romagna,,,,,,"€230,000.00",www.isual.it,
Alexandria S.r.l.,,"Via Enrico Berlinguer 29, Zola Predosa, BO,40069",ZOLA PEDROSA,ARTER-COACH,,alexandrias.r.l.,,"Alexandria S.r.l. specializes in
  innovative, sustainable solutions with a focus on antimicrobial products. Its
  flagship product, a reusable antimicrobial bottle, leverages patented
  silver-based technology to eliminate bacteria, odors, and biofilm. With a
  small, dynamic team of 3 founders, the company targets eco-conscious
  consumers and B2B markets. Known for its innovation, Alexandria actively
  invests in R&D, combining functionality with sustainability to redefine
  hygiene standards globally",No,,Valerio Marinelli,2020,Between 0 and 500k,,"New Materials, Sport Tech","February 24, 2025 9:02 PM",,,,,,Valerio Marinelli (https://www.notion.so/Valerio-Marinelli-14965d57c0098072a831edb8456afca4?pvs=21),,,https://drive.google.com/open?id=1fekv6FvWWRU8IBVvAI4zpdjqkjDoKMti,,,ARTER,BO,Emilia-Romagna,,Valerio Marinelli,,,,,www.diedradesign.com,40069
Pack,,,,ARTER-COACH,,pack,,"Mentoring & Coaching platform for large enterprises. 
L&D Market (part of the HRTech) 
10 employees, the majority of the workforce is made of engineers. 
We use AI and other technologies to democratize personal development in large enteprises.",No,,Pietro Maria Picogna,2022,Between 0 and 500k,,"Consulting, HR Tech","February 24, 2025 9:02 PM",,,,,,Pietro Maria Picogna (https://www.notion.so/Pietro-Maria-Picogna-14965d57c00980aaa0cdc703c2dc314a?pvs=21),,,https://drive.google.com/open?id=1sZt_L-1703bhiG-kHHL6VsmaSxZY6Msc,,,ARTER,,Emilia-Romagna,,Pietro Maria Picogna,,,,,thepack.tech,
O-DAMP S.R.L.,,,,ARTER-COACH,,o-damps.r.l.,,"O-DAMP is an advanced helmet safety solution aimed at reducing injuries for motorcyclists, sports enthusiasts, and workers. Using non-Newtonian fluids, our system adapts to rotational impacts, lowering brain injury risks while meeting strict safety standards. With seamless integration into helmet designs, O-DAMP enhances protection without sacrificing comfort. Committed to SDG 3.6, O-DAMP works to reduce serious injuries and fatalities across multiple sectors globally.",No,https://drive.google.com/file/d/153K_6dXC2C438JRqcUZAFaExM2EAdYPy/view,Mariafederica Parisi,2024,Between 0 and 500k,,"Safety Compliance, Smart Materials Innovation","February 24, 2025 9:02 PM",,,,,,Mariafederica Parisi (https://www.notion.so/Mariafederica-Parisi-16265d57c009802691fbde904b09ccea?pvs=21),,,https://drive.google.com/open?id=16ClqPir9XcwBYNu9Vk_u9KYw48pDPr0C,,,ARTER,,Emilia-Romagna,,Mariafederica Parisi,,,,"€180,000.00",www.o-damp.com,
Dilium,,VIA SELVANESCO 75,MILANO,C11 - AI in Game Dev / Immersive Technologies / Metaverse,,dilium,,"Dilium is an innovative company specializing in Spatial Computing, AI, and digital transformation for B2B and B2C markets. We enhance customer experiences in industries like luxury, retail, and construction. Our products, including 3DtoMe, PortalGate and Spatial Plan offering real-time LiDAR scanning immersive spatial computing features. With a revenue model based on SaaS licensing, custom projects, and partnerships.",No,,Donato Angelo De Ieso,2017,Between 0 and 500k,,"AI, Generative AI, Virtual Reality","March 4, 2025 7:16 PM",,,DB%20Companies/dilium_payoff.png,,09868270969,Donato Angelo De Ieso (https://www.notion.so/Donato-Angelo-De-Ieso-0d1f43ab5d894d0588348a99322e2a1b?pvs=21),,2-SF,DB%20Companies/882b130d6729-dilium_for_innovit_low.pdf,,,SMEs Traction,MI,Lombardy,,Donato Angelo De Ieso,https://www.linkedin.com/in/donatodeieso/,,,,https://www.dilium.com,20141
Shopthelook,,VIA ENRICO MELEN 83,GENOVA,C11 - AI in Game Dev / Immersive Technologies / Metaverse,,shopthelook,,"Shopthelook transforms e-commerce with immersive 3D and AR shopping experiences. We aim to solve the disconnect between online and offline shopping for SMEs and brands. We offer 3D product catalogs, virtual stores, AR try-ons, and AI-powered tools, distinguished by scalability, metaverse readiness, and affordability. Our revenue comes from subscriptions, custom projects, and marketplace commissions. Currently, we have over 500 products modeled and partnerships with top brands like Fabbri 1905.",Yes,,Ottavia Pittaluga,2021,Between 500k and 1M,,"AI, Virtual Reality","February 20, 2026 8:42 PM",,,DB%20Companies/Logo__text_SHOPTHELOOK_2020_black.png,,02733760991,Ottavia Pittaluga (https://www.notion.so/Ottavia-Pittaluga-19865d57c00980159213dbc20e81b217?pvs=21),,2-SF,DB%20Companies/23acf340f725-INNOVIT_SHOPTHELOOK_pitch_2025_eng__1__compresso.pdf,,,SMEs Traction,GE,Liguria,,Ottavia Pittaluga,https://www.linkedin.com/in/ottavia-pittaluga,,,,https://b2b.shopthelook.it,16152
AnotheReality,,VIA ATTO VANNUCCI 13/1 ,MILANO,C11 - AI in Game Dev / Immersive Technologies / Metaverse,,anothereality,,"Reflectis is the Canva of immersive experiences. We retain 10% of what we read but 80% of what we experience. Yet, creating immersive experiences is often costly and difficult to scale. Reflectis' AI-powered platform makes it easy to build and deploy real-time 3D experiential storytelling for HR & product training, education, and consumer engagement. Traction: 100K ARR, 27 customers. Team: 10+ years in B2B simulations, VR, and experiences. Seed round in progress.",No,,Lorenzo Cappannari,2016,<1M (undisclosed),,"Edutech, Simulation, Spatial Computing","March 19, 2025 2:53 AM",,,DB%20Companies/AnotheReality_ext_BLACK_RGB.png,,09726020960,Lorenzo Cappannari (https://www.notion.so/Lorenzo-Cappannari-19865d57c00980bfa302cace8f68d681?pvs=21),,2-SF,,,,SMEs Traction,MI,Lombardy,,Lorenzo Cappannari,https://www.linkedin.com/in/lorenzocappannari/,20,,,https://www.reflectis.io,20135
XRIT,,VIA PIETRO CASU 13,SASSARI,C11 - AI in Game Dev / Immersive Technologies / Metaverse,,xrit,,"XRIT develops XR/AR/VR products in gaming, engineering and education.
Using XR and AI, XRIT allows users to move freely through real space, while virtual contents overlap it, behaving as if they were real too. Our customers are public bodies and big enterprises.
XRITs’ solutions are unique because they integrate real and virtual world seamlessly.
XRIT revenue model is based on B2B selling.
XRIT products are already in the market. Our aim is to expanding our market abroad.",No,,"Clara Corona,Giovanni Patteri",2019,<1M (undisclosed),,Virtual Reality,"March 4, 2025 7:25 PM",,,DB%20Companies/LOGO_xrit_Def_R1.png,,02804960900,"Clara Corona (https://www.notion.so/Clara-Corona-19865d57c00980619632c890bf22ee70?pvs=21), Giovanni Patteri (https://www.notion.so/Giovanni-Patteri-19865d57c00980be9089f66814dbb740?pvs=21)",,2-SF,,,,SMEs Traction,SS,Sardinia,,"Clara Corona,Giovanni Patteri","https://www.linkedin.com/in/clara-corona-439a00224,https://www.linkedin.com/in/giovanni-patteri-91b2a645",,,,https://www.xrit.it,07100
Coderblock,,VIA RESUTTANA 360,PALERMO,C11 - AI in Game Dev / Immersive Technologies / Metaverse,,coderblock,,"Coderblock is a Virtual Reality platform that designs XR experiences for industries such as edtech, luxury real estate, design, digital twins, and the industrial metaverse. We solve the challenge of creating engaging and immersive digital interactions for businesses seeking innovative ways to connect with their audiences. Offering tailored VR and XR solutions, Coderblock stands out for integrating cutting-edge technologies that transform user experiences into lasting memories.",No,,"Danilo Costa,Aura Nuccio",2016,Between 1M and 5M,,Virtual Reality,"March 4, 2025 7:15 PM",,,DB%20Companies/Coderblock_orizz_black.png,,06466180822,"Danilo Costa (https://www.notion.so/Danilo-Costa-19865d57c0098037a018c6fe017c2c6d?pvs=21), Aura Nuccio (https://www.notion.so/Aura-Nuccio-19865d57c00980d79d88d5aa66631562?pvs=21)",,2-SF,DB%20Companies/e8f2fc4a7213-Pitch_PDF_compressed.pdf,,,SMEs Traction,PA,Sicily,,"Danilo Costa,Aura Nuccio","https://www.linkedin.com/in/danilo-costa-96264661/,https://www.linkedin.com/in/auranuccio/",,,,https://www.coderblock.com,90146
Debord Technologies,,VIA GIUSEPPE MAZZINI 9,MILANO,C11 - AI in Game Dev / Immersive Technologies / Metaverse,,debordtechnologies,,"Debord Technologies is ushering in a new era of Digital Entertainment with AI and XR Technologies, catering to the evolving online needs of Gen-Z, Gen-Alpha, and Millennials. The accessibility, inclusivity, phygital offerings, and AI-enabled interactive media features that enable enhanced user engagement of our cloud-streamed and native-app hybrid platform stand our product apart. Our revenue comes from tickets to Virtual Events, Digital Assets & NFTs, Product Placement, and B2B2C Partnerships.",No,,Praveenkumar Radhakrishnan,2021,Between 1M and 5M,,"AI, Generative AI, Virtual Reality","March 4, 2025 7:16 PM",,,DB%20Companies/Debord_Technologies_Logo_PNG.png,,12136540965,Praveenkumar Radhakrishnan (https://www.notion.so/Praveenkumar-Radhakrishnan-19965d57c0098052858cf56b36e8ac48?pvs=21),,2-SF,DB%20Companies/75dd5fa47540-Debord_Technologies_Company_Presentation___Innovit_2025.pdf,,,SMEs Traction,MI,Lombardy,,Praveenkumar Radhakrishnan,https://www.linkedin.com/in/praveenkumar-radhakrishnan-9806514b/,,,,https://www.debord.ai,20123
Karaoke One,,VIA CORTE DEI MESAGNESI 30,LECCE,C11 - AI in Game Dev / Immersive Technologies / Metaverse,,karaokeone,,"Karaoke One redefines karaoke with an AI-powered, gamified app for singers and gamers. Users create and share music videos with features like AI vocal training, NFTs, and a social hub, accessible on consoles, PCs, TVs, and smartphones. Our freemium model drives revenue through subscriptions and B2B partnerships. As the first karaoke app on Microsoft Store and Xbox, we’ve reached 150,000 accounts and a 61% conversion rate.",No,,"Antonio Vecchio,Marco Grasso",2014,Between 1M and 5M,,"AI, Gaming, Generative AI","March 4, 2025 7:21 PM",,,DB%20Companies/Karaoke_One_Logo___Official.png,,04653920753,"Antonio Vecchio (https://www.notion.so/Antonio-Vecchio-19965d57c009801d8e87c26372b3d8f8?pvs=21), Marco Grasso (https://www.notion.so/Marco-Grasso-19d65d57c00980aaa52ad42330d1db00?pvs=21)",,2-SF,DB%20Companies/8d44fbb7d1b7-Lisari_Group___Karaoke_One___Investor_Deck.pdf,,,SMEs Traction,LE,Apulia,,"Antonio Vecchio,Marco Grasso","https://www.linkedin.com/in/antoniovecchio/,https://www.linkedin.com/in/mrmarcograsso/",,,,https://www.karaokeone.tv,73100
2WATCH,,VIA PONTANO 7,NAPOLI,C11 - AI in Game Dev / Immersive Technologies / Metaverse,,2watch,,"2WATCH is a cutting-edge media tech company specializing in entertainment, gaming, and innovative content creation. As a hub for next-generation audiences, we combine media, technology, and creativity to deliver immersive experiences.",No,,Fabrizio Perrone,2021,Between 1M and 5M,,"AI, Gaming","April 18, 2025 3:45 PM",,,,,09619431217,Fabrizio Perrone (https://www.notion.so/Fabrizio-Perrone-19965d57c00980dc99b7f0eb75385ef5?pvs=21),,2-No SF,DB%20Companies/564d601c4d4b-2WATCH_INVESTOR_DECK_2025.pdf,,,SMEs Traction,NA,Campania,,Fabrizio Perrone,,,,,https://www.2w.gg,80122
Game2Value,,PIAZZA DELLA REPUBBLICA 10 ,MILANO,C11 - AI in Game Dev / Immersive Technologies / Metaverse,,game2value,,"Game2Value revolutionizes HR processes by transforming them into engaging, game-based experiences. Leveraging video game assessments and gamification, our solutions are rooted in scientific rigor, combining psychometrics, neuroscience, and generative AI to uncover and enhance individual skills, talents, and attitudes. Designed to support recruitment, training, and cultural analysis, our tools empower companies to attract, evaluate, and retain talent effectively while fostering innovation inclusi",No,,Gianmarco Pinto,2018,Between 0 and 500k,,"AI, Gaming, Generative AI, HR Tech, Virtual Reality","March 4, 2025 7:17 PM",,,DB%20Companies/Logo_G2V_Color.png,,14799001004,Gianmarco Pinto (https://www.notion.so/Gianmarco-Pinto-19865d57c00980308c65d6eddd413fa7?pvs=21),,2-SF,DB%20Companies/89817f345c9a-Game2Value_Pitch_2M_.pdf,,,SMEs Traction,MI,Lombardy,,Gianmarco Pinto,https://www.linkedin.com/in/gianmarcopinto/,,,,https://game2value.it,20121
Red Hog Studio,,VIA MONTE BIANCO 167,GUIDONIA MONTECELIO,C11 - AI in Game Dev / Immersive Technologies / Metaverse,,redhogstudio,,"Red Hog Studio is a young, cutting-edge independent company successfully operating in four key sectors: Video Games, Virtual Production, Education and Metaverse. We aim to improve videogame production pipelines for other companies and for ourselves. We develop videogames on our own, but we also offer co-development for Immersive experiences with distinguished high quality C++ code and Plugins. Our current revenue comes from B2B offering our co-development, but we plan to launch a game this year.",No,,Francesco Sapio,2023,Between 0 and 500k,,"Gaming, Virtual Reality","February 14, 2025 4:48 PM",,,,,17067191001,Francesco Sapio (https://www.notion.so/Francesco-Sapio-19965d57c009800ba67cc11283519bd5?pvs=21),,2-No SF,,,,SMEs Traction,RM,Latium,,Francesco Sapio,,,,,https://redhogstudio.com,00012
Auditorium,,VIA NEMORENSE 6A,ROMA,C11 - AI in Game Dev / Immersive Technologies / Metaverse,,auditorium,,"We design, develop and produce immersive sound systems, technolgies and content for extended realities",No,,,2018,Between 0 and 500k,,Virtual Reality,"March 4, 2025 7:13 PM",,,DB%20Companies/AuditoriumLogo_Red.png,,14954471000,,,2-SF,DB%20Companies/cdcee84cf1a1-WE_R_Auditorium_Short.pdf,,,SMEs Traction,RM,Latium,,,,,,,https://audit-orium.com,00019
Blaster Foundry,,VIA ULISSE 26,ACI CATENA,C11 - AI in Game Dev / Immersive Technologies / Metaverse,,blasterfoundry,,"Blaster Foundry is a game tech company that develops gaming solutions (advergame, edugame, and branded games) for corporate. We offer developing services distinguished by a 360º service (from studying the brief to KPIs traction). Our revenue comes from develop service and gaming licenses. Currently, we have worked with: Alpitour World, Nhow Hotels, Gillette, Vigorsol, ENEA, Sisal Italy, Eurobet.live, and many more brands",No,,"Francesco Fichera,Gabriele Gangemi",2021,Between 0 and 500k,,"Edutech, Gaming, HR Tech","March 4, 2025 7:13 PM",,,DB%20Companies/BlasterFoundry_LogoNegative.png,,05817910879,"Francesco Fichera (https://www.notion.so/Francesco-Fichera-19865d57c009800597c7deb656b427f3?pvs=21), Gabriele Gangemi (https://www.notion.so/Gabriele-Gangemi-19865d57c00980a48186e7a494762a1e?pvs=21)",,2-SF,DB%20Companies/1a601f6e04b8-ENG_Deck_commerciale___nuovo_design.pdf,,,SMEs Traction,CT,Sicily,,"Francesco Fichera,Gabriele Gangemi","https://www.linkedin.com/in/francesco-fichera-a64746134,https://www.linkedin.com/in/gabriele-gangemi-949675129/",,,,https://blasterfoundry.com,95022
TUTTOTONDO,,VIA GIOVANNI DURANDO 38,MILANO,C11 - AI in Game Dev / Immersive Technologies / Metaverse,,tuttotondo,,"TUTTOTONDO Srl is an innovative startup leveraging cutting-edge technologies like artificial intelligence, virtual reality, and serious games to drive transformation across multiple sectors. With projects like Tratoo, which revolutionizes tourism through personalized itineraries, immersive augmented reality experiences, and blockchain-secured solutions, and Art4Women, focused on female empowerment using serious games and interactive tools, TUTTOTONDO delivers impactful  and sustainable solutions.",No,,"Riccardo Roggeri,Clara Bernasco",2022,Between 0 and 500k,,"AI, Gaming, Virtual Reality","March 4, 2025 7:25 PM",,,DB%20Companies/Mod_Tuttotondo_logo.png,,12204290964,"Riccardo Roggeri (https://www.notion.so/Riccardo-Roggeri-b9ab9e9fd9134d7ebbb7488a52d29a85?pvs=21), Clara Bernasco (https://www.notion.so/Clara-Bernasco-79b5e980a28e43c79024b2009d65eff9?pvs=21)",,2-SF,DB%20Companies/f3be208329b3-2025_01_21_EN_PITCH_TUTTOTONDO_Short.mp4,,,SMEs Traction,MI,Lombardy,,"Riccardo Roggeri,Clara Bernasco","
https://www.linkedin.com/in/riccardo-roggeri-ba358b5/?originalSubdomain=it
,
https://www.linkedin.com/in/clara-bernasco-b8062025/?originalSubdomain=it
",,,,https://tuttotondo.eu,20158
ADAPTA Studio,,VIA GIOVANNI DURANDO 39,MILANO,C11 - AI in Game Dev / Immersive Technologies / Metaverse,,adaptastudio,,"ADAPTA Studio empowers industries by simplifying the creation of immersive 3D experiences and digitizing physical assets with precision. Addressing challenges like usability, scalability, and i, our platform serves diverse markets, including cultural heritage, gaming, e-commerce, architecture, and industrial design. We provide advanced tools and patented algorithms to optimize 3D assets for applications in augmented reality (AR), virtual reality (VR), and beyond. We now have 8 customers",No,,,2021,Between 500k and 1M,,"AI, Gaming, Virtual Reality","April 18, 2025 3:45 PM",,,,,11738080966,,,2-No SF,,,,SMEs Traction,MI,Lombardy,,,,,,,https://adapta.studio,20158
Untold Games,,VIA IPPOLITO D'ASTE 3/10 D,GENOVA,C11 - AI in Game Dev / Immersive Technologies / Metaverse,,untoldgames,,"Untold Games is a videogame development studio specializing in creating immersive, replayable experiences through emergent gameplay and adaptive narrative systems. We aim to deliver deeply emotional storytelling while solving the challenge of balancing replayability with impactful narratives. In addition to our original games, we provide co-development services to leading game studios, such as porting Its Takes Two to Switch and working for Epic Games supporting teams moving to Unreal Engine.",No,,"Elisa Di Lorenzo,Matteo Sosso",2008,<1M (undisclosed),,Gaming,"March 4, 2025 7:25 PM",,,DB%20Companies/untold_web_senza_background.png,,01775390998,"Elisa Di Lorenzo (https://www.notion.so/Elisa-Di-Lorenzo-19865d57c00980dd8ba4e2c9e2ef0090?pvs=21), Matteo Sosso (https://www.notion.so/Matteo-Sosso-19865d57c0098001aaf5e7c483823aa7?pvs=21)",,2-SF,,,,SMEs Traction,GE,Liguria,,"Elisa Di Lorenzo,Matteo Sosso","https://www.linkedin.com/in/elisadilorenzo/,https://www.linkedin.com/in/matteo-sosso-0770829a/",,,,https://www.untoldgames.com,16121
Melazeta,,VIA TACITO 55,MODENA,C11 - AI in Game Dev / Immersive Technologies / Metaverse,,melazeta,,Melazeta Srl is a tech company specializing in innovative digital engagement and game-based solutions powered by XR technologies.,No,,"Marcella Albiero,Samuele Verucchi",2000,<1M (undisclosed),,Virtual Reality,"March 4, 2025 7:22 PM",,,DB%20Companies/LOGO_NUOVO_MELAZETA_3D.png,,02652750361,"Marcella Albiero (https://www.notion.so/Marcella-Albiero-19865d57c0098094babdcdf3eb4d4970?pvs=21), Samuele Verucchi (https://www.notion.so/Samuele-Verucchi-19865d57c00980dbb9edee17dd8b4917?pvs=21)",,2-SF,DB%20Companies/d6250ee01b3f-2.2_Fairlook_pitch_deck.pdf,,,SMEs Traction,MO,Emilia-Romagna,,"Marcella Albiero,Samuele Verucchi","https://linkedin.com/in/marcella-albiero-8512969,https://linkedin.com/in/samuele-verucchi",,,,https://www.melazeta.com,41123
Forge Studios,,VIA OSTIENSE 131 L,ROMA,C11 - AI in Game Dev / Immersive Technologies / Metaverse,,forgestudios,,The company is in the business of providing graphic oustourcing services for video games.,No,,,2010,<1M (undisclosed),,Gaming,"February 12, 2025 1:36 PM",,,,,06021840480,,,2-No SF,,,,SMEs Traction,RM,Latium,,,,,,,https://www.forgestudios.com,00154
360maker,,VIA PONTE DELLA CREMA 12,CREMA,C11 - AI in Game Dev / Immersive Technologies / Metaverse,,360maker,,360maker è una startup innovativa che utilizza l'AI e la VR/AR per fare formazione a persone con diverse disabilità (cognitive e motorie). Puntiamo ad usare le nuove tecnologie per supportare medici/formatori nel lavoro settimanale proponendo esercizi che possono essere svolti in autonomia da remoto ma che tramite piattaforma possono essere verificati dai medici stessi. Siamo supportati da Università e Associazioni del settore.,No,,,2019,<1M (undisclosed),,"AI, Gaming, Virtual Reality","April 18, 2025 3:45 PM",,,,,01701330191,,,2-No SF,,,,SMEs Traction,CR,Lombardy,,,,,,,https://www.360maker.it,26013
Take over rilievi integrati,,VIA DEL MILITE IGNOTO 23,PESCARA,C11 - AI in Game Dev / Immersive Technologies / Metaverse,,takeoverrilieviintegrati,,"Take Over is a engineering company, specialized in survey and digital twins. The company uses drones, 3d laser scanners and advanced customized software. Our clients are governement companies, such ANAS or multi nation companies as Socotec. we are prototyping a drone specifically designed for the oil and gas sector, as well as the mining industry. . We are all architect or engineer, BIM operators, from manager to specialists, and we do digital twins of all we survey.",No,,,2021,Between 0 and 500k,,"Hardware & Robotics, Industry 5.0","April 30, 2025 5:00 PM",,,,,02351650680,,,1-No,,,,SMEs Traction,PE,Abruzzo,,,,,,,https://www.take-over.it,65123
Real Target,,,,C11 - AI in Game Dev / Immersive Technologies / Metaverse,,realtarget,,"Real Target is a revolutionary entertainment company offering immersive, thrilling gaming experiences. We address the lack of exciting, socially interactive entertainment. Our target includes gamers, families, and tech enthusiasts. Players battle advanced robotic opponents in state-of-the-art arenas.  We generate revenue from ticket sales, a themed bar and restaurant, and merchandise. We have a fully functional prototype and have validated our problem-solution approach.",No,,,2025,Between 0 and 500k,,Gaming,"April 30, 2025 5:00 PM",,,,,13165000962,,,1-No,DB%20Companies/d25c5b3ee0f0-Pitch_Real_Target__V4.1.pdf,,,SMEs Traction,,Lombardy,,,,,,,https://realtarget.space,
Masseria LoJazzo,,"VIA FERRUZZO CASALE IAZZO, S.N.",CEGLIE MESSAPICA,C11 - AI in Game Dev / Immersive Technologies / Metaverse,,masserialojazzo,,"Masseria LoJazzo is a place for cultural experimentation and hospitality. We aim to build bridges between creativity, tech and nature to let people reconnect with themselves, have a more healthy relationship with the contemporary world. We offer a unique, visionary experience at the core of those fields. Our revenue comes from both the hospitality and artistic part. Our traction comes from the sheer, recognized originality of our ideas and carefulness of execution.",No,,,2019,<1M (undisclosed),,AI,"April 30, 2025 5:00 PM",,,,,02586580744,,,1-No,DB%20Companies/515384760f80-theHeartAI_Deck_Innovit.pdf,,,SMEs Traction,BR,Apulia,,,,,,,https://theheart.masserialojazzo.it/aura-ai,72013
Service Station,,VIA CARLO CIGNANI 2,BOLOGNA,C11 - AI in Game Dev / Immersive Technologies / Metaverse,,servicestation,,"We are a service station with problem solving skills in the automotive, hybrid and fulfilment sector.",No,,,2015,Between 0 and 500k,,Industry 5.0,"April 30, 2025 5:00 PM",,,,,03436101202,,,1-No,,,,SMEs Traction,BO,Emilia-Romagna,,,,,,,https://www.autoriparatori.net,40128
AgeOfGames,,VIA TRIDENTE 38/C,BARI,C11 - AI in Game Dev / Immersive Technologies / Metaverse,,ageofgames,,"AgeOfGames (formerly PMStudios Italia), based in Bari, Italy, is an independent interactive software development company specializing in the educational, cultural, historical-reconstructive, and entertainment sectors.
Founded in 2001, the company develops and publishes interactive software for consoles, personal computers, mobile devices, and the Internet through various global distribution partners.",No,,,2001,<1M (undisclosed),,Gaming,"April 30, 2025 5:00 PM",,,,,05659690720,,,1-No,,,,SMEs Traction,BA,Apulia,,,,,,,https://www.ageofgames.net,70125
Redrawn Studios,,,,C11 - AI in Game Dev / Immersive Technologies / Metaverse,,redrawnstudios,,"We develop video games and are about to launch our first title, which incorporates AI within some of its mechanics. We aim to create even more advanced, AI-integrated games, with a focus on enabling players to interact with an AI-driven human interfaces, maybe even complete talking, acting, and living characters. Our current challenge is that we have not yet established a formal company and are temporarily operating under my personal Italian VAT number for business purposes until the launch.",No,,,2023,Between 0 and 500k,,"AI, Gaming","April 30, 2025 5:00 PM",,,,,,,,1-No,,,,SMEs Traction,,Emilia-Romagna,,,,,,,https://redrawnstudios.com,
PlayNook,,PIAZZA DEI SECCATOI 10,FUCECCHIO,C11 - AI in Game Dev / Immersive Technologies / Metaverse,,playnook,,"PlayNook is a tech startup that creates AudioGames. We want to create an accessible alternative to standard gaming, through immersive and interactive audio stories. We created a 50+ AudioGames catalog, available on our mobile app, and a proprietary tech structure that let us create and publish a new AudioGame each week. We're launching a freemium business model, with 6,000+ active users and 2.5M minutes played.",No,,,2023,Between 0 and 500k,,Gaming,"April 30, 2025 5:00 PM",,,,,07255710480,,,1-No,DB%20Companies/6cf2982dd843-_PlayNook_Deck__2025_(1).pdf,,,SMEs Traction,FI,Tuscany,,,,,,,https://playnook.games,50054
Viber Alert,,VIA DELLA LIBERTA’ 58,PALERMO,C11 - AI in Game Dev / Immersive Technologies / Metaverse,,viberalert,,"Viber Alert is the ultimate human-vehicle interface, saving lives by reducing distractions and enhancing rider safety through real-time alerts delivered via seat vibrations.",No,,Vincenzo Maresca,2023,Between 0 and 500k,,"Hardware & Robotics, Life Sciences","March 19, 2025 3:16 AM",,https://www.linkedin.com/company/viberalert/?viewAsMember=true,DB%20Companies/VA_logoblk_whitebg_.png,,07136800823,Vincenzo Maresca (https://www.notion.so/Vincenzo-Maresca-9ecf5d2b63784360b448a9c04bbfb870?pvs=21),Milano,2-SF,https://api.typeform.com/responses/files/6ea5894658bcbc191ef7c2d2fa57548beaaf33123e04f23297759110c1da2cfd/Viber_Alert_3_Min_Pitch_Innovit.pdf,,,Startup Bootcamp,PA,Sicily,,Vincenzo Maresca,https://www.linkedin.com/in/vincenzo-maresca-81290465/,6,,,https://www.viberalert.com,90143
Hodlie,,VIA DEGLI IRIS 89/A,GENOVA,C11 - AI in Game Dev / Immersive Technologies / Metaverse,,hodlie,,"Hodlie is a Fintech company that manage crypto portfolios using an autonomous and automatic system based on Deep Learning Algorithms. Our mission is to make crypto investing safer and more accessible for retail users by mitigating volatility and minimizing risk.Our revenue model is based on Subscriptions and Management/Performance fees. In one year of activity we reached, 500+ paying users, with an Asset Under Management of +2Mln for an ARR of more than 200k.",No,,"Gianluca Sommariva,Lorenzo Maffia",2023,Between 1M and 5M,,"AI, Blockchain, Fintech","March 19, 2025 3:08 AM",,,DB%20Companies/logo_hodlie.png,,02862500994,"Gianluca Sommariva (https://www.notion.so/Gianluca-Sommariva-19865d57c009809ea723f9605037f09f?pvs=21), Lorenzo Maffia (https://www.notion.so/Lorenzo-Maffia-19865d57c00980819f7ef5b61ca8479d?pvs=21)",,2-SF,https://api.typeform.com/responses/files/e0ec8ca9786dcc2443ad6e995b3ccf483056801eaaf5846cbd297c8593de74f4/Hodlie_pitch___Innovit__2_.pdf,,,Startup Bootcamp,GE,Liguria,,"Gianluca Sommariva,Lorenzo Maffia","https://linkedin.com/in/gianlucasommariva,https://linkedin.com/in/lorenzomaffia",,,,https://hodlie.ai,16148
Zephorum,,PIAZZA ATTILIO DEFFENU 9,CAGLIARI,C11 - AI in Game Dev / Immersive Technologies / Metaverse,,zephorum,,"Zephorum is a death tech startup helping individuals and businesses manage digital legacy. Our legaltech solution recovers, plans, or protects online data without passwords or privacy invasion. We serve individuals, bereaved families, and industries like insurance and cybersecurity. With B2C, B2B2C, and B2B SaaS models, we've secured 200 users, 50 B deals, a VIP client, and a SaaS agreement in one year, pioneering digital afterlife management.",No,,Matilda Harris,2022,Between 0 and 500k,,"AI, Legaltech, Life Sciences","March 19, 2025 3:16 AM",,,DB%20Companies/zephorum.png,,04020450922,Matilda Harris (https://www.notion.so/Matilda-Harris-19865d57c009806c8ca4eec5fefed8cc?pvs=21),,2-SF,https://api.typeform.com/responses/files/e308ff2f7386e534c7d735115f9ff0c6ddc12c3a2b7e5884c9bcbc61a749cf97/Deck_4_Sharks_INNOVIT.pdf,,,Startup Bootcamp,CA,Sardinia,,Matilda Harris,https://www.linkedin.com/in/matilda-harris-418310327/,,,,https://webetery.zephorum.com/home,09125
i²d,,VIA GIUSEPPE FRUA 22,MILANO,C11 - AI in Game Dev / Immersive Technologies / Metaverse,,i²d,,"i²d is a B2B AI company turning real-time consumer feedback into product innovation. We help FMCG firms with €25+ products understand ""reasons to buy"" and align offerings with market demands. Our solution collects feedback, even without purchases, and uses a proprietary RAG framework for actionable insights. Revenue comes from subscriptions, consulting, and tailored projects. Founded in 2023, i²d achieved €100,000 in first-year sales and is rapidly scaling across industries.",No,,Tommaso Castelli,2023,Between 0 and 500k,,"AI, Generative AI, Product Design","March 19, 2025 3:09 AM",,https://www.linkedin.com/company/i2d-srl/,DB%20Companies/logo_i2d.png,,13208910961,Tommaso Castelli (https://www.notion.so/Tommaso-Castelli-19865d57c009807ea1dbceecafc33470?pvs=21),,2-SF,https://api.typeform.com/responses/files/7fd06e5dcdd13748a2b68f90386b26cd4e11255992d0aef1598c21c5aae94485/i²d_Pitch_Find_Business_Opportunities.pdf,,,Startup Bootcamp,MI,Lombardy,,Tommaso Castelli,https://www.linkedin.com/in/tommaso-castelli/,,,,https://i2d.it/,20146
Hiop,, VIA CAPRI 44,ALTAMURA,C11 - AI in Game Dev / Immersive Technologies / Metaverse,,hiop,,"Hiop is a software company that is making infrastructure-less data logistics possible. We solve the complexity and cost of traditional data integration for information-driven companies delivering digital products and AI features. Our lightweight platform provides adaptable data foundations without invasive infrastructure or specialized skills. Revenue is subscription-based + pay per use. Hiop is already powering leaders and startups at scale, turning data challenges into competitive advantages",No,,"Giacomo Barone,Aurelio Tempesta",2020,Between 0 and 500k,,"DataIntegration, DataOps, ICT, Saas","March 19, 2025 3:07 AM",,,DB%20Companies/Color_deeblue_on_transparent_3x.png,,08436090727,"Giacomo Barone (https://www.notion.so/Giacomo-Barone-19865d57c0098071b02ee598a069557f?pvs=21), Aurelio Tempesta (https://www.notion.so/Aurelio-Tempesta-19865d57c0098028905ffaa4e3f84125?pvs=21)",,2-SF,https://api.typeform.com/responses/files/61db2546ad4cdb18c071a821cee740f358b24c6b2d2d7208538c1b0aec24df84/Hiop_Presentation_V2.pdf,,,Startup Bootcamp,BA,Apulia,,"Giacomo Barone,Aurelio Tempesta","https://www.linkedin.com/in/giacomobarone/,https://www.linkedin.com/in/aureliotempesta",16,,,https://www.hiop.io,70022
PlayNook,,PIAZZA DEI SECCATOI 10,FUCECCHIO,C11 - AI in Game Dev / Immersive Technologies / Metaverse,,playnook,,"PlayNook is a tech startup that creates AudioGames. We want to create an accessible alternative to standard gaming, through immersive and interactive audio stories. We created a 50+ AudioGames catalog, available on our mobile app, and a proprietary tech structure that let us create and publish a new AudioGame each week. We're launching a freemium business model, with 6,000+ active users and 2.5M minutes played.",No,,Stefano De Vivo,2023,Between 0 and 500k,,Gaming,"February 25, 2025 5:43 PM",,,,,07255710480,Stefano De Vivo (https://www.notion.so/Stefano-De-Vivo-19865d57c009806a9330d9f74626477f?pvs=21),,2-No SF,DB%20Companies/6cf2982dd843-_PlayNook_Deck__2025_(1).pdf,,,Startup Bootcamp,FI,Tuscany,,Stefano De Vivo,https://www.linkedin.com/in/stefano-de-vivo/,,,,"PlayNook is a tech startup that creates AudioGames. We want to create an accessible alternative to standard gaming, through immersive and interactive audio stories. We created a 50+ AudioGames catalog, available on our mobile app, and a proprietary tech structure that let us create and publish a new AudioGame each week. We're launching a freemium business model, with 6,000+ active users and 2.5M minutes played.",50054
Stakeshare,,VIALE XII GIUGNO 9/2,BOLOGNA,C11 - AI in Game Dev / Immersive Technologies / Metaverse,,stakeshare,,"Stakeshare is a SaaS platform that certifies and rewards employee achievements. We aim to solve talent disengagement for corporates, SMEs, startups, and accelerators. We offer blockchain-certified tokens tied to personalized rewards, distinguished by combining verifiable certifications with meaningful incentives. Our revenue comes from a freemium model, including subscriptions and marketplace transaction fees. Currently, we’ve raised €150k and have six pilot projects ready to launch.",No,,"Valentina Palazzo,Hoang Huynh",2024,Between 0 and 500k,,"Blockchain, HR Tech, Saas","March 19, 2025 3:15 AM",,,DB%20Companies/Stakeshare_Logotype.png,,04227051200,"Valentina Palazzo (https://www.notion.so/Valentina-Palazzo-19865d57c00980df88c9d204033d566b?pvs=21), Hoang Huynh (https://www.notion.so/Hoang-Huynh-19865d57c009805099d9e8effe2e046e?pvs=21)",,2-SF,https://api.typeform.com/responses/files/66e5464b09203288c2d9c4c0d073a43f4b58005a9e78c47ca1712d336eb2c80f/INNOVIT_PITCH__ENG_Night_mode_.pdf,,,Startup Bootcamp,BO,Emilia-Romagna,,"Valentina Palazzo,Hoang Huynh","https://www.linkedin.com/in/imvalentinapalazzo/,https://www.linkedin.com/in/hchuynh/",,,,https://stakeshare.io,40124
Emerals,, VIA SILE 41,RONCATE,C11 - AI in Game Dev / Immersive Technologies / Metaverse,,emerals,,"Emerals is a videogame that feels like real life. Players can get a job, run a business, and control the economy. In 2 years, we’ve reached 560K+ players and made over €1M in revenue, all bootstrapped and entirely in Italy. Now, we’re ready to scale globally, bringing in more players and integrating AI to make the world even more immersive. ",Yes,,"Michele Mangiacotti,Gabriele Caddeu",2023,Between 0 and 500k,,"AI, Gaming","February 20, 2026 8:35 PM",,,DB%20Companies/_logo_copie_7.png,,05512280263,"Michele Mangiacotti (https://www.notion.so/Michele-Mangiacotti-19865d57c009805facdfdee22eb96b12?pvs=21), Gabriele Caddeu (https://www.notion.so/Gabriele-Caddeu-19865d57c00980cd8c47f75c1bbf745f?pvs=21)",,2-SF,https://api.typeform.com/responses/files/10de2fef3132f9ce3a7668f522e59bf8548b4ebf9636f8936c335192e6c82843/Emerals_Pitch_Deck.pdf,,,Startup Bootcamp,TV,Apulia,,"Michele Mangiacotti,Gabriele Caddeu","https://www.linkedin.com/in/michele-mangiacotti/,https://www.linkedin.com/in/gabriele-caddeu-074116244/",3,,"€1,000,000.00",https://emerals.net,31056
Meddle,,VIA FILIPPO TURATI 15/C,IMOLA,C11 - AI in Game Dev / Immersive Technologies / Metaverse,,meddle,,"Meddle helps companies collect and manage industrial data with the simplest and most user-friendly platform on the market, getting rid of costly custom solution. We integrate multiple fragmented industrial data sources (PLCs, IoT sensors, IT systems), automatically detecting and creating telecommunication protocols and labelling data to make it understandable by everyone and ready to be leveraged.",No,,"Lorenzo Baldassarri (x1),Michele Lacorte",2024,Between 0 and 500k,,"Industrial Tech, IoT, Saas","March 19, 2025 3:12 AM",,https://www.linkedin.com/company/meddleconnect/,DB%20Companies/Meddle_gradient_dark.png,,04226981209,"Lorenzo Baldassarri (x1) (https://www.notion.so/Lorenzo-Baldassarri-x1-19865d57c00980e1ab18d8b623d2b32e?pvs=21), Michele Lacorte (https://www.notion.so/Michele-Lacorte-19865d57c009805784a6dcd08275b9a9?pvs=21)",,2-SF,https://api.typeform.com/responses/files/d963aea8d9741f3f06f981c441abe6ccd9783e5d93e595fdcae4bdbcf4dd9295/03_25_Pitch_innovit_3m.pdf,,,Startup Bootcamp,BO,Emilia-Romagna,,"Lorenzo Baldassarri (x1),Michele Lacorte","https://www.linkedin.com/in/lorenzobaldassarri/,https://www.linkedin.com/in/michele-lacorte-412208168/",3,,,https://www.meddleconnect.com/en,40026
"Quido.ai ",,VIA GIACOMO PUCCINI 5,MILANO,C11 - AI in Game Dev / Immersive Technologies / Metaverse,,quido.ai,,Quido à il co-pilot AI per il private capital. Aumentiamo fino al 60% l'efficienza dei team private equity e investment banking,No,,"Francesco Calia,Lorenzo Bergadano",2024,Between 0 and 500k,,"AI, Fintech, Platform AI, Saas","March 19, 2025 3:14 AM",,,DB%20Companies/quido_logo_2x.png,,13490770966,"Francesco Calia (https://www.notion.so/Francesco-Calia-19865d57c00980a7b9a2e4f7cb6b7924?pvs=21), Lorenzo Bergadano (https://www.notion.so/Lorenzo-Bergadano-19865d57c009803bb84bed80c32e2e76?pvs=21)",,2-SF,https://api.typeform.com/responses/files/bc611e37e6cd052024bf23c1d244be481b2a3a0ef3a481c8214c7bb1828154b8/Quido_Pitch.pdf,,,Startup Bootcamp,MI,Lombardy,,"Francesco Calia,Lorenzo Bergadano","https://www.linkedin.com/in/francesco-calia/,https://www.linkedin.com/in/lorenzo-bergadano-62014a1b9/",,,,"Quido.ai ",20121
"OLIMPOFLEX ",,VIA GARIBALDI 2,MONTECATINI-TERME,C15 - Hardware / Robotics / IOT / Smart Manufacturing,,olimpoflex,,"OlimpoFlex is Italy’s fastest-growing sleep startup, disrupting the $100B sleep market. We deliver high-quality mattresses and pillows, combining Italian craftsmanship with AI-powered technology. Our direct-to-consumer model eliminates middlemen, cutting prices by 50% while maintaining Class 1 Medical Device certification. With ~$1M revenue in year one, strong margins, and viral traction (#1 on TikTok Italy), we’re now scaling into B2B, marketplaces, and smart sleep solutions.",No,,"Riccardo De Bernardinis,Andrea Valente",2023,<1M (undisclosed),,"ECOMMERCE, IoT, Sleep Tech","October 23, 2025 10:28 AM",,https://www.linkedin.com/company/olimpo-flex,DB%20Companies/OLIMPO_FLEX__logoNEW_white_500.avif,,02070460478,"Riccardo De Bernardinis (https://www.notion.so/Riccardo-De-Bernardinis-39d5d2792f3343f2954f72c185e7eda0?pvs=21), Andrea Valente (https://www.notion.so/Andrea-Valente-19865d57c009809fb483d0e0f6b8d256?pvs=21)",Milano,1,https://api.typeform.com/responses/files/ee8106d7a94ab93669f7e14a96969f7e01bffb7a24e1366a689ce0255e7a65e7/PITCH_DECK_OLIMPOFLEX_ENG_.pdf,,,Startup Bootcamp,PT,Tuscany,,"Riccardo De Bernardinis,Andrea Valente","https://www.linkedin.com/in/riccardo-de-bernardinis,https://www.linkedin.com/in/andrea-valente-931b64180/",12,,"€400,000.00",https://olimpo-flex.com/,51016
Clean OS,, VIA VAL DI SOLE 7,MILANO,C11 - AI in Game Dev / Immersive Technologies / Metaverse,,cleanos,,"Clean OS, a Techstars-backed startup, has created the world’s first fully customized electric toothbrush, delivering medical-grade oral hygiene in just 30 seconds. Engineered with cutting-edge technology, it replaces traditional brushing, flossing, and interdental cleaning—providing a smarter, faster, and more effective way to prevent and combat oral diseases.",No,,Giovanni Tuccari,2024,Between 500k and 1M,,"Consumer Electronics, HealthTech, MedTech","March 19, 2025 2:58 AM",,,DB%20Companies/CleanOS_Logo.png,,13621330961,Giovanni Tuccari (https://www.notion.so/Giovanni-Tuccari-19865d57c0098096a752ca61025555a9?pvs=21),,2-SF,https://api.typeform.com/responses/files/25c0e8d9f88adea7011b14ad2653b1d08d0b64c05e1c2bb65f66a0be20a80e70/250313_CleanOS_PitchDeck_INNOVIT.pdf,,,Startup Bootcamp,MI,Lombardy,,Giovanni Tuccari,https://www.linkedin.com/in/giovanni-tuccari-2b5289114/,3,,,https://www.thecleanos.com/,20141
GRID+,,VIA ANDREA FERRARA 45,ROMA,C11 - AI in Game Dev / Immersive Technologies / Metaverse,,grid+,,"GRID+ is an AI-driven company specializing in AI-based solutions for energy, logistics, telecommunications, tourism, e-learning, and legal sectors. We address challenges like system optimization, automation, and complex data analysis. Leveraging advanced generative AI and domain-specific AI algorithms, we enable data-driven decisions for diverse industries. Our revenue stems from customized AI solutions and strategic collaborations, with ongoing participation in national and European research.",No,,"Andrea Ceschini,Francesco Di Luzio",2023,Between 0 and 500k,,"AI, Generative AI, Life Sciences, Saas","March 19, 2025 3:05 AM",,,DB%20Companies/COLOR.png,,17387741006,"Andrea Ceschini (https://www.notion.so/Andrea-Ceschini-19865d57c00980bea299d22007279ad8?pvs=21), Francesco Di Luzio (https://www.notion.so/Francesco-Di-Luzio-19865d57c009809ca9bbc534142c2a4b?pvs=21)",,2-SF,https://api.typeform.com/responses/files/fbb426ca924b3cbb5198f33d253046c917e7214697a119ca86ad5cd7f9799bd9/GRID__pitch_new.pdf,,,Startup Bootcamp,RM,Latium,,"Andrea Ceschini,Francesco Di Luzio","https://linkedin.com/in/andrea-ceschini,https://linkedin.com/in/francesco-di-luzio",,,,https://www.gridplus.it/,00165
"ISUAL ",,VIA UGO BASSI 13,FERRARA,C11 - AI in Game Dev / Immersive Technologies / Metaverse,,isual,,"ISUAL is a SaaS company transforming social media management for brand networks. We solve inefficiencies in content distribution and communication consistency for marketing professionals. Our AI-powered platform automates branded content publishing directly on partners' social channels with one click, boosting visibility, leads, and efficiency. With a subscription-based model, ISUAL leverages AI to optimize strategies, aligning networks with strategic goals effectively.",No,,Arianna Ruzza,2022,Between 1M and 5M,,"AI, Franchising, Martech, Network","March 19, 2025 4:21 AM",,,DB%20Companies/ISUAL_logo_2.png,,02107530384,Arianna Ruzza (https://www.notion.so/Arianna-Ruzza-14965d57c0098016913dcdbfc5b77835?pvs=21),,2-SF,https://api.typeform.com/responses/files/4f00fb743039f9f6afd165a9f58955262eebcd10982f4c8d0a333e6db1d1b472/ISUAL_SF_2025.03.013_SHARK_TANK.pdf,,,Startup Bootcamp,FE,Emilia-Romagna,,Arianna Ruzza,https://www.linkedin.com/in/ariannaruzza-relazionicosmiche-isual/,5,,"€270,000.00",https://www.isual.it,44121
ALOE,,VIA GESSI ROMOLO 48,MILANO,C11 - AI in Game Dev / Immersive Technologies / Metaverse,,aloe,,"ALOE is a B2B SaaS platform transforming hotels into experience hubs for guests by connecting them with local providers. Acting as a plug-and-play “Shopify for experiences,” ALOE allows hotels to effortlessly create their own curated stores. Our revenue comes from hotel SaaS subscriptions and transaction fees. Currently, we partner with 30 hotels and have generated $40K in revenue.",No,,Julia Zheng,2023,Between 0 and 500k,,Saas,"February 18, 2025 10:04 AM",,,,,12830740960,Julia Zheng (https://www.notion.so/Julia-Zheng-19965d57c00980d88cc5c59a0d581334?pvs=21),,2-No SF,DB%20Companies/8a5c9a353514-ALOE_Final_Pitchdeck_compressed__1_.pdf,,,Startup Bootcamp,MI,Lombardy,,Julia Zheng,,,,,https://aloesuite.com,20146
Confirmo,,VIALE VOLGA SC,"BARI ",C11 - AI in Game Dev / Immersive Technologies / Metaverse,,confirmo,,"Confirmo is the only e-signature platform that proves your client truly understands what they sign, preventing legal pitfalls. Born in healthcare, our AI-driven approach easily extends to any sector needing clarity and compliance. By digitizing processes with comprehension checks, we reduce paper inefficiencies and confusion. We monetize via subscriptions or enterprise plans. Thousands of success stories fuel ongoing growth and expansion",No,,Marco Cappellini,2019,Between 0 and 500k,,"AI, Life Sciences, Saas","March 19, 2025 2:58 AM",,,DB%20Companies/2019100925_NUOVO_LOGO_CONFIRMO_2019_fullHD.png,,08336150720,Marco Cappellini (https://www.notion.so/Marco-Cappellini-19965d57c009807ca300da3e72c16e1a?pvs=21),,2-SF,https://api.typeform.com/responses/files/46f597543b8ae0a8c824f5edbaafb2277293540c245c52962aaa6bf2a0256b60/confirmo_3min_pitch_2025__dark_v4.pdf,,,Startup Bootcamp,BA,Apulia,,Marco Cappellini,https://www.linkedin.com/in/marco-cappellini/,,,,https://www.confirmo.it,70132
Snaproof,,VIA PAOLO DA CANNOBIO 2,MILANO,C11 - AI in Game Dev / Immersive Technologies / Metaverse,,snaproof,,Snaproof helps companies improve products and services by certifying value and ensuring asset and process integrity.,No,,,2024,Between 0 and 500k,,"Consulting, Other","February 12, 2025 3:13 PM",,,,,‭13775260964‬,,,2-No SF,DB%20Companies/aee42a0a3634-Snaproof___Deck.pdf,,,Startup Bootcamp,MI,Lombardy,,,,,,,https://www.snaproof.me,20122
Mountain Maps,,VIA CANE' 47,MEZZOCORONA,C11 - AI in Game Dev / Immersive Technologies / Metaverse,,mountainmaps,,"Mountain Maps is a digital platform enhancing outdoor experiences with personalized maps and guides for mountain enthusiasts. We address the challenge of safely planning activities for hikers and skiers through a freemium app offering AI-driven trip planners and local insights. Revenue comes from premium subscriptions and in-app purchases, generating €10k in the last three months.",No,,Denny Calovi,2021,Between 500k and 1M,,"Digital Health, Life Sciences","March 4, 2025 7:23 PM",,,DB%20Companies/Logo.ai,,02623370224,Denny Calovi (https://www.notion.so/Denny-Calovi-19865d57c0098062b46dc1f342427dbc?pvs=21),,2-SF,DB%20Companies/e0565977cfbf-Copia_di_2024.12_Pitch_Invio_def__1_.pdf,,,Startup Bootcamp,TN,Trentino-South Tyrol,,Denny Calovi,,,,,https://mountainmaps.it/en,38016
Aten,,VIA DON GIUSEPPE LANDI 21,REZZATO,C11 - AI in Game Dev / Immersive Technologies / Metaverse,,aten,,"Aten is making industrial 3D printing ready for mass production by addressing the industry's biggest pain points. Our innovative hotend technology significantly increases productivity, achieving flow rates up to 5 times greater than current market standards, reduces defects, and minimizes downtime. Our transactional business model focuses on direct sales to printer manufacturers, factories, and industrial companies, and we have just started our commercial expansion with an Asian customer",No,,Michele Soldi,2022,Between 0 and 500k,,"3dprinting, Additive Manufacturing, New Materials","March 19, 2025 2:56 AM",,,DB%20Companies/Aten3D___Logo_esteso_blu___CMYK___4k.png,,04354330989,Michele Soldi (https://www.notion.so/Michele-Soldi-19865d57c00980099f9ff8afacc38d01?pvs=21),,2-SF,https://api.typeform.com/responses/files/874451e59916e19460c2fba1cac713e01a82cd2ab4499e11ba9cd6ecf33dfe01/R2___Aten_pitch_deck_black__funding.pdf,,,Startup Bootcamp,BS,Lombardy,,Michele Soldi,https://www.linkedin.com/in/michele-soldi/,,,"€70,000.00",https://www.aten3d.com,25086
The Glass Élite,,VIA ROVEREDO 20/B,PORDENONE,C11 - AI in Game Dev / Immersive Technologies / Metaverse,,theglassélite,,"The Glass Élite is a B2B market place where it will be possible to buy sell and exchange NFTs representing wine en premier, i.e. in maturation. We offer wine producers, HoReCa operators and investor the possibility to monetise the bottles they have in their warehouses and solve the problem of cash flow or economic value locked in the cellar.Wehave 22 wineries, 10.000 bottles in allocation, 1 agreement con wine founds, several agreements with operators for beta testing of our platformrs.",No,,"Alessandra Tugnolo,Claudia Marino",2023,Between 0 and 500k,,"Blockchain, Virtual Reality, Web3","March 18, 2026 6:27 PM",,,DB%20Companies/TGE_logo_esteso.png,https://api.typeform.com/responses/files/79ba80a80b8bb0b3b4a46e6816fd8e3b0aa5ff41247d5b1550da0d4105c02d51/ONE_PAGER___THE_GLASS_ELITE_SF1.pdf,01944140936,"Alessandra Tugnolo (https://www.notion.so/Alessandra-Tugnolo-19865d57c0098094b08fce547b9d556a?pvs=21), Claudia Marino (https://www.notion.so/Claudia-Marino-19865d57c009804e85a4dc2c7d1eda3f?pvs=21)",,2-SF,https://api.typeform.com/responses/files/81da22717f7c872a6554178073bcaee0625fc447f1ee4b30e5c8cf4e99aba063/TGE_PITCH_INNOVIT_18022025_ale_DEF.pdf,,,Startup Bootcamp,PN,Friuli-Venezia Giulia,,"Alessandra Tugnolo,Claudia Marino","https://www.linkedin.com/in/alessandratugnolo/,https://www.linkedin.com/in/claudia-marino-5b454143/",,,,https://www.theglasselite.com,33170
Govisit,,VIA GAETANO DAITA 15,PALERMO,C11 - AI in Game Dev / Immersive Technologies / Metaverse,,govisit,,"Govisit is a company that deals with telemedicine. Through telemedicine, communication between specialist and patient is simplified and the transmission of medical information is much faster. Thanks to the use of innovative technologies, the patient has the possibility of carrying out diagnostic tests to monitor their health: directly from their home, by going to their GP, to the nearest pharmacy, to the GoVisit Medical Points located throughout the city.",No,,,2021,<1M (undisclosed),,"Life Sciences, Saas","February 13, 2025 1:59 PM",,,,,06932400820,,,1,DB%20Companies/ee106775f52b-GoVisit_Pitch_170124.pdf,,,Startup Bootcamp,PA,Sicily,,,,,,,https://www.go-visit.it,90139
Astra Project,, VIA XX SETTEMBRE 255,ROVEREDO IN PIANO,C11 - AI in Game Dev / Immersive Technologies / Metaverse,,astraproject,,"Astra is an international infrastructure that connects merchants and consumers through product traceability and real-time alerts. By functioning as a “digital circuit” Astra links POS systems to end users, enabling quick and targeted notifications in case of product recalls or health concerns. This approach reduces the reliance on traditional paper receipts and creates a trusted network for ensuring consumer safety and building brand credibility.",No,,,2021,Between 0 and 500k,,Fintech,"February 13, 2025 2:19 PM",,,,,01892930932,,,1,DB%20Companies/a78404bc4f6f-ASTRA_INVESTOR_PITCH___2024__short_ENG_(1).pdf,,,Startup Bootcamp,PN,Friuli-Venezia Giulia,,,,,,,https://www.astraproject.eu,33080
HMDrive S.r.l.,,,,,,hmdrives.r.l.,,"Interfacce AR per automotive con €100k fatturato, prototipo TRL 7",No,,,,,,,"February 24, 2025 8:30 PM",,,,,,,,,,,,,,,,,,,,,,
HMDrive,"In the US, HMDrive's potential customers and partners are mainly clustered in high-performance automotive hubs such as Silicon Valley (California), Detroit (Michigan), and areas around major motorsports locations like Indianapolis (Indiana). These regions have a strong presence of luxury and sports car manufacturers, automotive tech companies, and motorsports organizations, making them key targets for both product adoption and strategic partnerships.","Via Francesco Selmi, 15, Modena",,ARTER-INV,,hmdrive,,"HMDrive is building the future of in-vehicle AR. Our proprietary software enables seamless integration of AR glasses with moving vehicles, projecting stable, immersive content for coaching, safety, and infotainment. Backed by top EU OEMs, we’re launching in the sports car market with a plug-and-play AR system—and paving the way for AR-enabled vehicles worldwide.",No,,"Riccardo	Fina,Marco Centurioni",2022,Between 0 and 500k,,"Augmented Reality, Automotive, Virtual Reality","June 18, 2025 4:55 PM",,https://www.linkedin.com/company/hmdrive/,,,,"Riccardo	Fina (https://www.notion.so/Riccardo-Fina-1c865d57c0098025a79ad7feaec137da?pvs=21), Marco Centurioni (https://www.notion.so/Marco-Centurioni-1c865d57c00980f5adfdd8ac98790aa5?pvs=21)",,2-INVESTOR,DB%20Companies/HMDrive_deck_Innovit.pdf,,,ARTER,,Emilia-Romagna,,"Riccardo	Fina,Marco Centurioni",https://www.linkedin.com/in/marco-centurioni/,6,,"€100,000.00",https://www.hmdrive.it,
GeneSys Bio,"In terms of customers, we are targeting clinic chains, medical practices, nursing homes, so it depends on where they are headquartered. If it's corporate partnerships, we can look mainly at California, Texas, New York and Massachusetts.","via Giuseppe Rolli 10/A, 40129, Bologna (BO)",,ARTER-INV,,genesysbio,,Sviluppa una piattaforma diagnostica portatile per la rilevazione rapida di malattie infettive e resistenza agli antibiotici.,No,,,2023,Between 0 and 500k,,"Diagnostics, MedTech","February 24, 2025 8:52 PM",,,,,,,,1,https://drive.google.com/open?id=1KSUpyL6bjtVLs9Q6f0QQrvTXKAC1Qqfv,,,ARTER,,Emilia-Romagna,,,,,,"€390,000.00",https://genesysbio.com/,
MITOCHON Srl,"MITOCHON's potential customers and partners in the U.S. are mainly clustered in major metropolitan areas with strong demand for premium skincare and cosmeceuticals, like NY, LA, Miami, San Francisco, and Chicago. These cities have high-income consumers, dermatology clinics, luxury spa, pharmacies, medical offices and skincare retailers seeking advanced, science-backed formulations. We also target e-commerce and wellness-driven communities, leveraging digital channels for nationwide reach.","Viale Giuseppe Fanin, 48, Bologna, Bologna, Italy",,ARTER-INV,,mitochonsrl,,"Progetta prodotti nutraceutici e dermocosmetici innovativi basati sulla ricerca scientifica mitocondriale per il ""ringiovanimento cellulare"".",No,,,2019,Bootstrapped,,"Cosmetics, Life Sciences, Nutraceuticals","February 24, 2025 8:52 PM",,,,,,,,1,https://drive.google.com/open?id=1ErXxyuTbNpWgmKshKtUzUWnw848Otxcu,,,ARTER,,Emilia-Romagna,,,,,,"€60,000.00",https://www.mitochon.it/,
Change2,Big Cities in States where typically sustainability is a concern,Bologna BO,,ARTER-INV,,change2,,Offre uno strumento innovativo per il settore HoReCa che riduce i costi alimentari attraverso soluzioni di sostenibilità.,No,,,2023,Bootstrapped,,FoodTech,"February 24, 2025 8:52 PM",,,,,,,,1,https://drive.google.com/open?id=1o9OLMADwcFQVygwKSHVHr01CVGa706T9,,,ARTER,,Emilia-Romagna,,,,,,"€40,000.00",change2.earth,
Prysm,"West coast + Boston for the footwear clients, New York for fashion clients. West coast for tech partners.","Via Speranza 35, San Lazzaro di Savena, Bologna",,ARTER-INV,,prysm,,"Prysm is a platform that allows brands to manage the digital side of physical products, it leverages QRs and NFCs placed on the product to broadcast and gather data from the closest point to the consumer: the product they’ve purchased. Prysm boosts customer engagement and retention, it drives traffic to ecommerce and stores, it generates high quality leads and consumer insight. Prysm evolves each and every product, past, present and future into a direct channel of sales and communication.",No,,,2024,Bootstrapped,,Fashion-Tech,"April 1, 2025 2:49 PM",,,DB%20Companies/BLACK_prsm_productfirst.png,DB%20Companies/Screenshot_2025_03_27_at_15.20.18.png,,,,2-INVESTOR,DB%20Companies/PRYSM_Deck.pdf,,,ARTER,,Emilia-Romagna,,,,5,,"€65,000.00",www.prysm-id.com,
"BIOMEYE ","Our potential customers and partners in the US are primarily clustered in major metropolitan and innovation hubs. Regions such as Silicon Valley and the San Francisco Bay Area, which are renowned for technology and digital innovation. Urban centers like New York City, where a diverse mix of corporate, retail, and hospitality sectors converge.Areas like Austin and Seattle, which are rapidly growing in tech and advanced manufacturing sectors.","Viale Angelo Masini 12/14 , 40126 Bologna",,ARTER-INV,,biomeye,,"Biomeye's contactless biometrics decodes in-store behavior, emotions, and habits through an AI-powered SaaS platform that interpret data and delivers directly actionable insights to enable data-driven strategies, enhance CX e UX and boost sales",No,,Giorgio Ennas,2022,Between 0 and 500k,,"AI, Biometrics","April 8, 2025 7:53 PM",,https://www.linkedin.com/company/biomeye/,DB%20Companies/logo_biomeye_ext.jpg,,,Giorgio Ennas (https://www.notion.so/Giorgio-Ennas-1ce65d57c0098052a64ee40781093c4b?pvs=21),,2-INVESTOR,DB%20Companies/PITCH_BIOMEYE__Emilia_Romagna_meets_Silicon_Valley_.pdf,,,ARTER,,Emilia-Romagna,,Giorgio Ennas,,7,,"€270,000.00",www.biomeye.com,
ITER IDEA,"Main partners, Skyward and Velocity, are based in Indiana. Also, Texas, is a growing tech hub, making it a prime location for partnerships and expansion. Companies like TalentGuard, Fourth, and Ayraxs Technologies focus on AI workforce solutions; here AIRP offers strategic collaboration, especially in agriculture and manufacturing. Additionally, we have engaged with US public sector partners, leveraging our experience with government entities in the UK to drive AI-driven workforce optimization.","Via Brigata Reggio, 24 42124 Reggio Emilia (RE)",,ARTER-INV,,iteridea,,Offre applicazioni cloud-native e servizi di AI per ottimizzare la pianificazione e gestione delle risorse aziendali.,No,,,2021,Bootstrapped,,"AI, Software","February 24, 2025 8:52 PM",,,,,,,,1,https://drive.google.com/open?id=14rBkFm0we6gJUhvUY--rQzoVBrS8nzQf,,,ARTER,,Emilia-Romagna,,,,,,€0.00,https://www.iter-idea.com/,
"SaferX ","SaferPlaces primarily targets municipalities, insurance companies, and urban planners in flood-prone regions across the US. Key areas include coastal cities and states vulnerable to extreme weather, such as Florida, Texas, and Louisiana. Additionally, we collaborate with resilience-focused institutions and insurtech firms.We are actually partnered with Jupiter Intelligence and dClimate.",Piazza Malatesta 21 - 47921 - Rimini (RN),,ARTER-INV,,saferx,,"AI-driven Flood Intelligence in everyone’s hands SaferPlaces makes flood intelligence accessible to everyone – no matter their level of expertise! Our goal is to democratize high-resolution information and data-driven algorithms to help every city worldwide in building preparedness and climate resilience. Geospatial, Satellite, Climate Data and AI-based model combined into a cloud computing environment provides incredible insights in terms of flood risk intelligence.",No,,Stefano Bagli,2023,Bootstrapped,,"Climatech, Early warning, Fintech, Flood risk, Smartcities","April 8, 2025 7:53 PM",,https://www.linkedin.com/in/stegeco/,DB%20Companies/Safer_Places___Logo.png,DB%20Companies/Leaflet_2025_v1.pdf,,Stefano Bagli (https://www.notion.so/Stefano-Bagli-c2bea2a72c00428aa166f04d958e7839?pvs=21),Rimini,2-INVESTOR,DB%20Companies/SaferPlaces_Pitch_UrbanX_Rev1.pdf,,,ARTER,,Emilia-Romagna,,Stefano Bagli,https://www.linkedin.com/in/stegeco/,8,,€0.00,https://saferplaces.co,
"Fybra ","Our primary targets are in education, commercial real estate, and corporate sustainability initiatives. We are focusing on states with strong energy efficiency mandates like New Jersey, Michigan, New York, and Rhode Island. We have already engaged with US distributors, facility managers, and public sector partners.","Via Emilia Levante, 9/F, 40137 Bologna BO",,ARTER-INV,,fybra,,"Fybra is an Italian cleantech startup improving indoor air quality and energy efficiency through AI-powered IoT sensors. Their patented technology, combining indoor and outdoor parameterhs and user habits, optimizes ventilation and heating, offering up to 30% better air quality and 20% energy savings. Fybra is expanding in Europe and the US and won the Financial Times Global Changemaker Award in 2022",No,,Gaetano Lapenta (x1),2021,Between 1M and 5M,,"CleanTech, HealthTech, Indoor Air Quality, IoT, Proptech","April 8, 2025 7:53 PM",,https://it.linkedin.com/company/fybra-srl,DB%20Companies/Fybra_Energy_efficiency.png,DB%20Companies/2_pager_EN.pdf,,Gaetano Lapenta (x1) (https://www.notion.so/Gaetano-Lapenta-x1-1cf65d57c00980818dd0f9dcdaff2f7e?pvs=21),,2-INVESTOR,DB%20Companies/Fybra_Deck_International_25.pdf,,,ARTER,,Emilia-Romagna,,Gaetano Lapenta (x1),https://linkedin.com/in/gaetano-lapenta-fybra,10,,"€1,100,000.00",https://fybra.co,
Novac,"Novac potential customers and partners in the U.S. are primarily clustered in California (Silicon Valley, Los Angeles) for EV innovation and aerospace hubs, Michigan (Detroit) for automotive OEMs and Tier 1 suppliers, and Colorado for aerospace technology and defense applications. Additionally, Texas is emerging as a key player in EV manufacturing, and Florida hosts major space industry players, making these regions strategic for our market expansion. ","Strada Nazionale Canaletto Sud, 303, Modena, MO",,ARTER-INV,,novac,,"Novac is an Italian startup developing next-generation supercapacitors for high-performance applications. Founded in Modena in 2020, Novac creates shapeable, lightweight energy storage systems that can be seamlessly embedded into structural components. Designed for sectors like aerospace, automotive, and micromobility, Novac’s supercapacitors enhance power delivery, efficiency, and safety while reducing space and weight constraints.",No,,Matteo Bertocchi (x1),2020,Between 1M and 5M,,"Aerospace, Automotive, Energy, Marine","April 8, 2025 2:26 PM",,https://www.linkedin.com/company/novac-supercap/,DB%20Companies/novac_logo_green_black.png,DB%20Companies/Novac_One_pager_20250330.pdf,,Matteo Bertocchi (x1) (https://www.notion.so/Matteo-Bertocchi-x1-1cf65d57c0098080a716f96fc4907980?pvs=21),,2-INVESTOR,DB%20Companies/Novac_Company_Presentation.pdf,,,ARTER,,Emilia-Romagna,,Matteo Bertocchi (x1),https://www.linkedin.com/in/mbert54/,14,,"€4,600,000.00",https://en.novacsupercap.com/,
SportId,"Customers from all over America, as well as all over the world. We need American ICT company","Corso Giuseppe Mazzini 132, 47121 Forlì (FC)",,ARTER-INV,,sportid,,Crea un'identità digitale sportiva (IDS) per sviluppare competenze tecniche certificate e accedere a servizi dell'ecosistema sportivo digitale.,No,,,2023,Between 1M and 5M,,"Digital Identity, Sport Tech","February 24, 2025 8:52 PM",,,,,,,,1,https://drive.google.com/open?id=1AmfASL4T1XGa8XsxSnbapCtTjA6AM7Hn,,,ARTER,,Emilia-Romagna,,,,,,"€1,000,000.00",www.sportid.it,
"O-Boot ","California ",Imola,,ARTER-INV,,o-boot,,"O-Boot Develops Stratospheric 5G Towers that Harness High Altitude Winds for Constant Recharging, Offering Mobile Broadband Internet at a Fraction of Current Costs.",No,,Ludovico Turinetti (x3),2020,Bootstrapped,,"Aerospace, Telecommunications","April 8, 2025 2:20 PM",,,DB%20Companies/logo_O_Boot.jpg,DB%20Companies/O_Boot_One_Pager.pdf,,Ludovico Turinetti (x3) (https://www.notion.so/Ludovico-Turinetti-x3-1c865d57c0098033b3f3d4fed5f46de5?pvs=21),,2-INVESTOR,DB%20Companies/Sailing_HAPS_5G_Pitch_Tomislav.pdf,,,ARTER,,Emilia-Romagna,,Ludovico Turinetti (x3),https://www.linkedin.com/in/ludovico-turinetti-di-pri%C3%A8-7788b4135/,,,"€90,000.00",www.o-boot.it,
EuroGreen Technology s.r.l.,"Our potential partners in US are in: California: Leading specialty crops, agricultural producer. San Francisco Bay Area, San Diego, California: Prominent biotech hub, biotech firms and research institutions. Several facilities in nearby regions generate marine food waste as Santa Monica Seafood, Anderson Seafoods, Pacific Seafood. Collaboration with these facilities provides access to marine food waste resources generating a circular economy and waste management within a reasonable distance.","Via Alicide de Gaspari, 9, Monte san Pietro,Bologna 40050 Italy",,ARTER-INV,,eurogreentechnologys.r.l.,,Trasforma scarti alimentari marini in biopolimeri sostenibili di alta purezza come alternative ai materiali sintetici.,No,,,2023,Bootstrapped,,"Biotech, CleanTech","February 24, 2025 8:52 PM",,,,,,,,1,https://drive.google.com/open?id=1USGjhJcDGL47JM9juD6uGvnBXbW48k3s,,,ARTER,,Emilia-Romagna,,,,,,€0.00,https://rania-morsi.github.io/EuroGreenTechnology/html/environment.html,
Intuos,"For Intuos the US represents 50% of the worldwide market for registered aircraft and 40% for business operators. The target customers are flight schools, aviation universities, aerial work operators, airworthiness and maintenance organizations. California, Texas and Florida count 27% of the registered aircraft and 40% of operators, that’s why we think entering the US market through Texas or Florida. We plan to identify potential partners in 2025 to drive our US strategy, starting from mid-2026",Operational office to be opened within 14/03 as per Skyward requirement,,ARTER-INV,,intuos,,"Intuos bridges digital and data gaps in aircraft operations management. Workflows digitization and actionable insights, through an advanced flight data monitoring platform, drive maximum efficiency and safety.",No,,Carolina Gianardi (x1),2019,Between 0 and 500k,,"AI, Aviation IoT, Software","April 1, 2025 2:39 PM",,,,,,Carolina Gianardi (x1) (https://www.notion.so/Carolina-Gianardi-x1-15865d57c009807c8ab7c48b94a518fa?pvs=21),,2-INVESTOR,DB%20Companies/Pitch_Intuos_Innovit_ER.pdf,,,ARTER,,Emilia-Romagna,,Carolina Gianardi (x1),https://www.linkedin.com/in/carolinagianardi/,,,"€400,000.00",https://intuos.it/,
Meddle,"Meddle’s potential customers and partners in the U.S. are primarily clustered in industrial hubs like the Midwest (Michigan, Ohio, Illinois) for manufacturing, Texas for energy and industrial automation, and California for tech-driven industrial solutions. ","Via Filippo Turati 15/C, Imola (Bologna)",,ARTER-INV,,meddle,,"Meddle helps companies collect and manage industrial data with the simplest and most user-friendly platform on the market, getting rid of costly custom solution. We integrate multiple fragmented industrial data sources (PLCs, IoT sensors, IT systems), automatically detecting and creating telecommunication protocols and labelling data to make it understandable by everyone and ready to be leveraged.",No,,Lorenzo Baldassarri (x1),2024,Between 0 and 500k,,"Industrial IoT, Saas","April 1, 2025 2:42 PM",,https://www.linkedin.com/company/meddleconnect/,DB%20Companies/Meddle_flat_light.png,DB%20Companies/Meddle_ONE_PAGER.pdf,,Lorenzo Baldassarri (x1) (https://www.notion.so/Lorenzo-Baldassarri-x1-19865d57c00980e1ab18d8b623d2b32e?pvs=21),,2-INVESTOR,DB%20Companies/Meddle_InvShort.pdf,,,ARTER,,Emilia-Romagna,,Lorenzo Baldassarri (x1),https://www.linkedin.com/in/lorenzobaldassarri/,3,,"€250,000.00",https://www.meddleconnect.com/en,
E-Plato,"Our potential customers in the US are mainly clustered in major manufacturing hubs such as Detroit, Chicago, and Houston. These areas are known for their high concentration of manufacturing companies that require robust data management and search capabilities, aligning with E-Plato's focus on providing secure enterprise search solutions.","Corso Garibaldi, 111 Fiorenzuola D'Arda, 29017 PC",,ARTER-INV,,e-plato,,"E-Plato offers Socrate, an Enterprise Knowledge Hub that connects and analyzes corporate data, ensuring fast search, security, and data sovereignty. Socrate not only finds information but also analyzes the knowledge base, detecting trends and correlations. Ideal for manufacturing, it optimizes access to technical documentation, production, and maintenance reports. It integrates with existing systems, with no migration required, and supports on-premise installation.",No,,Karandip Singh (x1),2021,Between 500k and 1M,,"AI, Manufacturing Software, Software","April 8, 2025 2:19 PM",,https://www.linkedin.com/company/e-platosrl,DB%20Companies/E_Plato_logo__5_.png,DB%20Companies/Q1_2025_E_plato_Executive_summary.pdf,,Karandip Singh (x1) (https://www.notion.so/Karandip-Singh-x1-1c865d57c00980e99d1cf06af4d5ac00?pvs=21),,2-INVESTOR,DB%20Companies/E_Plato_Deck_EN_Investor_Q125.pdf,,,ARTER,,Emilia-Romagna,,Karandip Singh (x1),https://www.linkedin.com/in/karandipsingh/,4,,"€530,000.00",https://e-plato.com/en,
Galvani Power SRL,"In the U.S., our potential customers and partners are clustered in the Midwest (Detroit, Chicago, St. Louis) for agriculture and heavy equipment (John Deere, Caterpillar), the West Coast (Silicon Valley, LA, San Diego) for EV innovation and startups, and the Southeast (Atlanta, Charlotte, Houston) for logistics, industrial vehicles, and maritime applications. These regions offer strong OEM presence, supply chain networks, and growing electrification demand.","Via Francesco Selmi, 15, Modena, 41121, MO, I",,ARTER-INV,,galvanipowersrl,,Progetta e produce soluzioni di batterie personalizzate e flessibili per industrie a medio-basso volume produttivo.,No,,,2022,Between 0 and 500k,,Green Energy,"February 24, 2025 9:03 PM",,,,,,,,1,https://drive.google.com/open?id=1KVcLiOpVHF2s8LJ2WS8poIsxDTOq1WDP,,,ARTER,,Emilia-Romagna,,,,,,"€244,000.00",https://www.galvanipower.com/en/,
MyLime,,,,ARTER-COACH,,mylime,,"We provide an updatable DPP with a solution based on the integrated operation of hardware (TAG sensor) and software (digital platform). We track all updates by collecting the information throughout its entire life cycle. There is a standard and flexible kit, with an application for the factory and the after-sales, and all the data are managed by a functional cross dashboard. There is a plug and play system in white label, easily integrable to CRM and ERP.",No,,Laura Paroni,2018,Between 1M and 5M,,,"April 1, 2025 1:38 PM",,,,,,Laura Paroni (https://www.notion.so/Laura-Paroni-1c865d57c00980889a51c0b3aca25212?pvs=21),,,https://drive.google.com/open?id=1jq_xHUGVtN8lYyV4EOPslD1NvTSW1RfP,,,ARTER,,,,Laura Paroni,,,,"€1,000,000.00",https://my-lime.com/,
HEROBOTS,,TRAVERSA VECCHIE FONTANELLE 6,CASTELLAMMARE DI STABIA,C12 - Space Economy,,herobots,,"Herobots specializes in developing advanced robotic solutions for inspection and maintenance in confined or challenging environments. Serving governmental entities and large corporations, we create both hardware and software systems. Our custom hardware includes robotic arms, micro-tools, and grippers. We also offer proprietary simulation software for creating digital twins. What distinguishes Herobots is our multidisciplinary team of robotics engineering experts.  Revenue 2023: € 118.072,00",No,,"Salvatore Fusco,Alessandro Sofi",2021,Between 1M and 5M,,Space Economy,"March 18, 2026 6:28 PM",https://www.linkedin.com/company/herobots-company/,,DB%20Companies/Herobots.png,DB%20Companies/ONE_PAGER_-_HEROBOTS_.pdf,09842561210,"Salvatore Fusco (https://www.notion.so/Salvatore-Fusco-1d065d57c009803aa66ecb96d9bf2150?pvs=21), Alessandro Sofi (https://www.notion.so/Alessandro-Sofi-1e565d57c009802d9e91e67030765b3e?pvs=21)",,2-SF,DB%20Companies/Herobots_Ptich_Deck.pdf,,,SMEs Traction,NA,Campania,,"Salvatore Fusco,Alessandro Sofi",https://www.linkedin.com/in/alesof/,,,,https://herobots.eu,80053
GRIDDIT,,VIA LEONE DEHON 64,ROMA,C12 - Space Economy,,griddit,,"GRIDDIT, founded in 2021 in Rome, is an employee-owned startup aiming to bring WARREDOC research (in collaboration with Italian Universities to market). We want to develop an innovative Earth Observation and Geospatial Intelligence service using RESCUE, a large-scale probabilistic flood risk model, to support public mitigation strategies and the insurance sector. Our future revenue model envisions a freemium approach via the FLO-RISK platform for scalability and sustainability.",No,,Luciano Pavesi,2021,,,Space Economy,"April 9, 2025 9:35 AM",,,,,16354651008,Luciano Pavesi (https://www.notion.so/Luciano-Pavesi-1d065d57c0098067b3deeb6d7540701e?pvs=21),,1,,,,SMEs Traction,RM,Campania,,Luciano Pavesi,,,,,https://griddit.space/,00165
Revolv Space,,CORSO RE UMBERTO 7,TORINO,C12 - Space Economy,,revolvspace,,"Revolv Space is a NewSpace startup aiming to enable continuous payload operations for small satellites by designing, manufacturing, and testing the next generation of space mechanism, enabling full monetization of space assets.",No,,"Marco Sala,Claudia Landolfo",2022,Between 1M and 5M,,Space Economy,"October 8, 2025 1:15 PM",https://www.linkedin.com/company/revolv-space/,,DB%20Companies/Revolv_Space.webp,DB%20Companies/ONE_PAGER_-_REVOLV_.pdf,12785350013,"Marco Sala (https://www.notion.so/Marco-Sala-1e565d57c009804f98d8e7e303914910?pvs=21), Claudia Landolfo (https://www.notion.so/Claudia-Landolfo-1e565d57c0098003972aea600ee793b8?pvs=21)",,2-SF,,,,SMEs Traction,TO,Piedmont,,"Marco Sala,Claudia Landolfo","https://linkedin.com/in/salamarco1997,https://linkedin.com/in/claudia-landolfo",20,,"€3,600,000.00",www.revolvspace.com,10121
DEEP VISION S.R.L.,,VIA FATEBENEFRATELLI 20,MILANO,C12 - Space Economy,,deepvisions.r.l.,,"DeepVision3D is an AI-first platform turning underwater infrastructure into intelligent digital twins.We eliminate reactive maintenance and operational risk by replacing manual inspections with real-time anomaly detection.Unlike static visualization tools, our system learns continuously from field data and scales across any drone platform.Modular SaaS.— Top10 Blue Economy 2024—€75k funding+€400k follow-on committed C— POC with Port of Taranto— Dual-use Acceleration VTT  Finland",No,,Fernando Piccirilli,2025,,,Space Economy,"April 10, 2025 3:53 PM",,,,,13985350969,Fernando Piccirilli (https://www.notion.so/Fernando-Piccirilli-1d065d57c00980c78676e7888b5d7cbd?pvs=21),,1,,,,SMEs Traction,MI,Lombardy,,Fernando Piccirilli,,,,,https://www.hyperaxes.ai,20121
Onetcall srl,,"VIA NUOVA POGGIOREALE 60/L, ED.13",NAPOLI,C12 - Space Economy,,onetcallsrl,,"Onetcall is an innovative TLC system for airlines and shipping companies that allows passengers to use their smartphones with their own phone number, with the same user experience, reducing costs. Powered by satellite connectivity, it enables onboard users to make and receive calls without limitations, using a bandwidth-efficient codec. In the maritime sector, it is offered as a complete package, including satellite antennas, connectivity,Wi-Fi network, firewall configuration, cybersecurity..",No,,"Fatima Komeiha,Francesco Bonetti",2024,Between 250k and 499k,,Space Economy,"June 3, 2025 12:37 AM",https://www.linkedin.com/company/onetcall-srl/,,DB%20Companies/Onetcall.png,DB%20Companies/ONE_PAGER_-_ONETCALL_.pdf,10574111216,"Fatima Komeiha (https://www.notion.so/Fatima-Komeiha-1e565d57c00980bd87aefbfabb5aeb66?pvs=21), Francesco Bonetti (https://www.notion.so/Francesco-Bonetti-1e565d57c00980b89513e56e4a974656?pvs=21)",,2-SF,DB%20Companies/Onetcall_Pitch_Deck.pdf,,,SMEs Traction,NA,Campania,,"Fatima Komeiha,Francesco Bonetti","https://www.linkedin.com/in/fatima-k-aa0426225/,https://www.linkedin.com/in/francesco-paolo-bonetti-83a09686/",,,,https://www.onetcall.space,80128
Space Frontier,,VIA DIOCLEZIANO 106,NAPOLI,C12 - Space Economy,,spacefrontier,,"Space Frontier provides innovative rocket fuel using proprietary 3D-printed bioplastics. Our fuels are tailored, high-performance, and cost-effective, serving hybrid engine developers. We generate revenue by selling tailor-made solid fuels.",No,,"Tommaso De Angelis,Francesco Renzulli",2023,Between 250k and 499k,,Space Economy,"June 3, 2025 12:38 AM",https://www.linkedin.com/company/space-frontier/,,DB%20Companies/space_frontier.png,DB%20Companies/ONE_PAGER_-_Space_Frontier.pdf,10282981215,"Tommaso De Angelis (https://www.notion.so/Tommaso-De-Angelis-1d065d57c00980638885f899919be919?pvs=21), Francesco Renzulli (https://www.notion.so/Francesco-Renzulli-1e565d57c0098011b2e9e094acd43978?pvs=21)",,2-SF,DB%20Companies/Space_Frontier_Pitch_Deck.pdf,,,SMEs Traction,NA,Campania,,"Tommaso De Angelis,Francesco Renzulli",https://www.linkedin.com/in/francesco-renzulli-1192a1140/,,,,https://www.spacefrontier.eu,80125
AIKO,,VIA DEI MILLE 22,TORINO,C12 - Space Economy,,aiko,,AIKO is an innovative company specialized in the development of Artificial Intelligence-based software for the automation of space missions.,No,,Lorenzo Feruglio,2017,,,Space Economy,"June 3, 2025 12:36 AM",https://www.linkedin.com/company/aikospace/,,"DB%20Companies/Bianco.png, DB%20Companies/Aiko.png",DB%20Companies/ONE_PAGER_-_AIKO_.pdf,11686290013,Lorenzo Feruglio (https://www.notion.so/Lorenzo-Feruglio-1d065d57c00980d69c31c271c1de177b?pvs=21),,2-SF,DB%20Companies/Aiko_Pitch_Deck.pdf,,,SMEs Traction,TO,Piedmont,,Lorenzo Feruglio,,,,,https://aikospace.com/,10123
AIDRO,,VIA CAMPERIO MANFREDO 9,MILANO,C12 - Space Economy,,aidro,,"Aidro is a SME based in Taino (Varese) that has been working on the design and production of fluid dynamic devices since 1982. Since 2017, it has started a business line of metal Additive Manufacturing that has allowed it to offer new products on high added value markets such as Oil & Gas and Aerospace and to become part of the American group Desktop Metal, while maintaining its own identity and independence of action. The company holds the EN9100 aeronautical certification.",No,,Tommaso Tirelli,1982,,,Space Economy,"June 3, 2025 12:34 AM",https://www.linkedin.com/company/aidro-hydraulics/,,DB%20Companies/Aidro.png,DB%20Companies/ONE_PAGER_-_AIDRO_.pdf,06405490159,Tommaso Tirelli (https://www.notion.so/Tommaso-Tirelli-1d065d57c009802ea0b9cf8abb1cbf5d?pvs=21),,2-SF,DB%20Companies/Aidro_Pitch_Deck.pdf,,,SMEs Traction,MI,Lombardy,,Tommaso Tirelli,,,,,https://www.aidro.it,20123
Latitudo 40,,VIA UGO NIUTTA 36,NAPOLI,C12 - Space Economy,,latitudo40,,"Latitudo 40 uses data from space(EO downstream)to support a new ""environmental operating system"" for designing sustainable cities and places of the future, leveraging innovative AI/ML algorithms for pattern analysis, risk identification, and support of mitigation actions.We use Gen-AI for simulation",No,,"Gaetano Volpe,Francesco Amato",2017,Between 1M and 5M,,Space Economy,"June 3, 2025 12:37 AM",https://www.linkedin.com/company/latitudo-40/,,DB%20Companies/Latitudo_40.png,DB%20Companies/ONE_PAGER_-_LATITUDO_40_.pdf,08702381214,"Gaetano Volpe (https://www.notion.so/Gaetano-Volpe-1d065d57c00980a7afd9da9562b0dcb3?pvs=21), Francesco Amato (https://www.notion.so/Francesco-Amato-1e565d57c009801184c6fcbdb0a559f6?pvs=21)",,2-SF,DB%20Companies/Latitudo_40_Pitch_Deck.pdf,,,SMEs Traction,NA,Campania,,"Gaetano Volpe,Francesco Amato",https://www.linkedin.com/in/francescoamato,,,,https://www.latitudo40.com,80128
Ecosmic,,CORSO LUIGI EINAUDI 18,TORINO,C12 - Space Economy,,ecosmic,,"We are transforming space software with a suite of scalable microservices. The first one, SAFE, is an end-to-end SSA service. It integrates all available data, analyses collision risks, and determines how to avoid the collision. SAFE can be used with any mission control software and sets up in just one hour. We sell it through a subscribtion.  Since launching SAFE’s beta in october, over 30 satellites have adopted it, and we have 60 in the pipeline.",No,,Imane Marouf,2023,Between 1M and 5M,,Space Economy,"June 3, 2025 12:36 AM",https://www.linkedin.com/company/ecosmic/,,DB%20Companies/Ecosmic.png,DB%20Companies/ONE_PAGER_-_ECOSMIC_.pdf,IT12978570013,Imane Marouf (https://www.notion.so/Imane-Marouf-1d065d57c0098019b79ff68400dd05bc?pvs=21),,2-SF,DB%20Companies/Ecosmic_Pitch_Deck.pdf,,,SMEs Traction,TO,Piedmont,,Imane Marouf,,,,,https://www.ecosmic.space/,10129
LAUNCHERSCANNER,,"VIA GIOVANNI DURANDO, 39",MILANO,C12 - Space Economy,,launcherscanner,,"Launcherscanner is a B2B AI-powered marketplace that connects satellite operators with launch providers to optimize payload matching in real-time. We reduce scouting time and maximize revenue through interactive seat selection, operational management, and compliance automation. Our revenue comes from mission fees, freemium subscriptions, and data monetization. AI-driven simulations and last-minute allocations ensure flexible, cost-effective space access. We target break even in 3 years.",No,,"David Perillo,Matteo Tacconi",2024,Between 50k and 99k,,Space Economy,"June 3, 2025 12:37 AM",https://www.linkedin.com/company/launcherscanner/,,DB%20Companies/Launcherscanner.png,DB%20Companies/ONE_PAGER_-_LAUNCHERSCANNER_.pdf,13769140966,"David Perillo (https://www.notion.so/David-Perillo-1d065d57c00980569b61d14e8d895622?pvs=21), Matteo Tacconi (https://www.notion.so/Matteo-Tacconi-1e565d57c00980c6a432f3c98a78eb70?pvs=21)",,2-SF,DB%20Companies/Launcherscanner_Pitch_Deck.pdf,,,SMEs Traction,MI,Lombardy,,"David Perillo,Matteo Tacconi",https://www.linkedin.com/in/matteo-tacconi-0317501/,,,,https://www.launcherscanner.com,20123
Sòphia High Tech,,Vle Manzoni 113,POGGIOMARINO,C12 - Space Economy,,sòphiahightech,,"Sòphia, certified acc. to the AQS AS/EN9100, was born from the deep vocation for product development for Aerospace & Defense field. It is extremely focused on the design, development and manufacturing of metal parts using Additive Manufacturing (SLM-3D Printing) and CNC Machining.Sòphia Manufacturing Dept. uses the most forefront technological processes to produce Space Parts (i.e: Combustion Chambers, Thrusters, Nozzles, Valve, Injection Plate and Tankers) acc. to the ESA-ECSS-Q-ST-70-80C.",No,,"Antonio Caraviello,Domenico Borrelli",2013,Between 1M and 5M,,Space Economy,"June 3, 2025 12:38 AM",https://www.linkedin.com/company/sophiahightech/,,DB%20Companies/Sophia.png,DB%20Companies/ONE_PAGER_-_Sophia.pdf,IT07547751219,"Antonio Caraviello (https://www.notion.so/Antonio-Caraviello-1d065d57c009807fa153e66a2e40673a?pvs=21), Domenico Borrelli (https://www.notion.so/Domenico-Borrelli-1e565d57c00980fba8d7e3865913b75c?pvs=21)",,2-SF,DB%20Companies/Sophia_High_Tech_Pitch_Deck.pdf,,,SMEs Traction,NA,Campania,,"Antonio Caraviello,Domenico Borrelli",https://www.linkedin.com/in/domenico-borrelli-08320943/,,,,https://www.sophiahightech.com/en/,80040
SPAZIOFUTURO S.r.l,,VIALE PASTEUR 45,ROMA,C12 - Space Economy,,spaziofuturos.r.l,,"SPAZIOFUTURO S.r.l is a SME, that operates in aerospace field. The two main activities are: mission and system design for aeronautical and space sector ; Earth Observation data analysis with AI for environmental purpose with design of IT platform. The main revenues are based on projects with governmental entities, like ASI(Italian Space Agency).Our main products are CENTAURO and ECOTRACK, the first one is an air launcher system for small satellite, instead ECOTRACK is a remote sensing system for",No,,Saverio Tubito,2014,,,Space Economy,"April 10, 2025 9:57 AM",,,,,13013851004,Saverio Tubito (https://www.notion.so/Saverio-Tubito-1d065d57c00980c08df2da05fa08f5aa?pvs=21),,1,,,,SMEs Traction,RM,Latium,,Saverio Tubito,,,,,https://www.spaziofuturo.eu,00144
Spaice Technology,,CORSO CASTELFIDARDO 30/A,TORINO,C12 - Space Economy,,spaicetechnology,,"SPAICE builds ML software to transform fleets of drones and satellites into autonomous agents. They enable real-time ops in GPS and comms-denied conditions for large Space and Defense primes. SPAICEOS  integrates onboard sensors and vehicles. It achieved 27x greater precision than industry counterparts and is propulsion-agnostic. SPAICE provides subscription-based integration. They have closed a contract with Leonardo, negotiating a multi-million-dollar partnership and hold a pipeline of $10+ M.",No,,"Matteo Cuccorese,Guillem Garrofé Montoliu",2023,Between 250k and 499k,,Space Economy,"June 3, 2025 12:38 AM",https://www.linkedin.com/company/spaicetech/,,DB%20Companies/Spaice_technology.png,DB%20Companies/SPAICE_-_ONE_PAGER_Innovit.pdf,13037370015,"Matteo Cuccorese (https://www.notion.so/Matteo-Cuccorese-1d065d57c00980c6bf42d24bd1de3ef8?pvs=21), Guillem Garrofé Montoliu (https://www.notion.so/Guillem-Garrof-Montoliu-1e565d57c0098052b711e9569d7dc1d9?pvs=21)",,2-SF,DB%20Companies/Spaice_Technology_Pitch_Deck.pdf,,,SMEs Traction,TO,Piedmont,,"Matteo Cuccorese,Guillem Garrofé Montoliu",https://www.linkedin.com/in/ggarrofe/,,,,https://spaice.tech/," 10129"
Auditorium,,VIA NEMORENSE 6A,ROMA,C12 - Space Economy,,auditorium,,"We design, develop and produce immersive sound systems, technolgies and content for extended realities",No,,,2018,Between 0 and 500k,,Space Economy,"April 9, 2025 7:42 AM",,,DB%20Companies/AuditoriumLogo_Red.png,,14954471000,,,1-No,DB%20Companies/cdcee84cf1a1-WE_R_Auditorium_Short.pdf,,,SMEs Traction,RM,Latium,,,,,,,https://audit-orium.com,00019
Spaider,,VIALE DELL'INDUSTRIA 23,PADOVA,C12 - Space Economy,,spaider,,"Spaider provides AI-driven solutions to industrial companies, with special focus to the Aerospace sector,  to speed-up numerical simulations, decreasing new product development time and costs. We offer a software tool that is the only one providing real-time predictions and also speeding-up the simulation process. Our revenue comes from selling licenses on a SaaS platform. We have performed a PoC with Leonardo, we are in talks with startups and big companies like Avio.",No,,"Gianluigi Mistè,Andrea Dal Monte",2024,Between 100k and 249k,,Space Economy,"June 3, 2025 12:38 AM",https://www.linkedin.com/company/spaider-ai/,,DB%20Companies/Spaider.png,DB%20Companies/Spaider_ONE_PAGER.pdf,05639730281,"Gianluigi Mistè (https://www.notion.so/Gianluigi-Mist-1d065d57c00980f6a0c4df8427818b49?pvs=21), Andrea Dal Monte (https://www.notion.so/Andrea-Dal-Monte-1e565d57c00980838fadf43f90feae61?pvs=21)",,2-SF,DB%20Companies/Spaider_Pitch_Deck.pdf,,,SMEs Traction,PD,Veneto,,"Gianluigi Mistè,Andrea Dal Monte",https://www.linkedin.com/in/andreadalmonte/,,,,https://www.spaider.ai/,35129
SunCubes,,VIA GIOVANNI DURANDO 39,MILANO,C12 - Space Economy,,suncubes,,"SunCubes is a deep-tech startup that develops innovative laser power-beaming systems for wireless drone recharging. We aim to solve the endurance problem for drones, which limits their operational efficiency during missions, targeting infrastructure monitoring, precision farming, and emergency response sectors.Our revenue model includes device rentals and future direct sales. Currently, we have successfully completed two POCs with Movyon and Leonardo and secured €160,000 in equity-free funding.",No,,"Alberto Chiozzi,Tommaso Aresi",2023,Between 1M and 5M,,Space Economy,"March 18, 2026 6:28 PM",https://www.linkedin.com/company/suncubes/,,DB%20Companies/SUNCUBES_logotipo_05_white.png,DB%20Companies/ONE_PAGER_-_SunCubes.pdf,12849400960,"Alberto Chiozzi (https://www.notion.so/Alberto-Chiozzi-1e565d57c009802eab83f0e2f087c048?pvs=21), Tommaso Aresi (https://www.notion.so/Tommaso-Aresi-1e565d57c00980b5aeb5efb2d2760dd6?pvs=21)",,2-SF,DB%20Companies/SunCubes_pitch_deck.pdf,,,SMEs Traction,MI,Lombardy,,"Alberto Chiozzi,Tommaso Aresi","https://www.linkedin.com/in/alberto-chiozzi/,https://www.linkedin.com/in/tommaso-aresi/",,,,https://www.suncubes.space/,20158
Involve Space,,VIA BRUSA 69,CANZO,C10 - Space Economy,,involvespace,,"Innovative AI-driven design methodologies for space component design, addressing challenges for satellites and launchers, with ongoing contracts from key industry players.",No,,,2021,Between 1M and 5M,,Space Economy,"March 18, 2026 6:27 PM",,,,,03955390137,,,1,,,,SMEs Traction,CO,Lombardy,,,,,,,https://www.involvespace.eu/,22035
Intella,,VIA GIUSEPPE ROVANI 7a,NAPOLI,C12 - Space Economy,,intella,,"Intella is a B2B SaaS company that enhances satellite operations with an AI-driven anomaly detection product. We focus on early anomaly detection and diagnostics for both GEO and LEO satellites. Mercury's AI software identifies subtle telemetry deviations, determines root causes, and provides actionable insights. We generate revenue through a subscription-based model. We have deployments in LEO and GEO with a fleet of 20 satellites. We minimize downtime, financial risks and improve reliability.",No,,"Andrea Guzzo,Andrea Biancini",2023,Between 1M and 5M,,Space Economy,"June 3, 2025 12:37 AM",https://www.linkedin.com/company/intellatech/,,DB%20Companies/Intella.png,DB%20Companies/ONE_PAGER_-_INTELLA_.pdf,IT13070770964,"Andrea Guzzo (https://www.notion.so/Andrea-Guzzo-1d065d57c00980b8b357fa134114febf?pvs=21), Andrea Biancini (https://www.notion.so/Andrea-Biancini-1e565d57c0098006a73ffcb3283ad8ec?pvs=21)",,2-SF,,,,SMEs Traction,NA,Lombardy,,"Andrea Guzzo,Andrea Biancini",https://www.linkedin.com/in/bianciniandrea/,,,,https://intella.tech,20123
Engreen,,,,C11 - AI in Game Dev / Immersive Technologies / Metaverse,,engreen,,"EnGreen pushes the energy transition with a B2C model, where citizens can produce and exchange renewable energy among themselves. EnGreen hosts prosumers and consumers on its platform and gets paid for it. Upselling of PV plants, Blockchain monitoring app and general advisory",No,,Carlo Tacconelli,2019,Between 2M and 3M,,,"April 30, 2025 4:38 PM",,,,,15339021006,Carlo Tacconelli (https://www.notion.so/Carlo-Tacconelli-1e565d57c0098023b7e9f104c72f37b7?pvs=21),,2-No SF,,,,Startup Bootcamp,,Abruzzo,,Carlo Tacconelli,,,,"€2,059,000,000.00",https://www.engreen.world,
FormaXR,,,,C11 - AI in Game Dev / Immersive Technologies / Metaverse,,formaxr,,"FormaXR is a proptech company that revolutionizes real estate and interior design visualization through a mixed reality Apple Vision Pro app. We solve rendering and VR inefficiencies in traditional property showcasing, providing architects, developers, and buyers with immersive storytelling, extreme 3D quality and real-time customization. Revenue comes from a freemium model, tailored projects, and brand partnerships. Currently, we are actively developing our first projects.",No,,,2024,,,,"April 30, 2025 4:42 PM",,,,,IT12785590964,,,2-No SF,,,,Startup Bootcamp,,Lombardy,,,,,,,https://formaxr.com/,
Climate Standard,,,,C11 - AI in Game Dev / Immersive Technologies / Metaverse,,climatestandard,,"Climate Standard automates External Audits with an AI-powered verification platform backed by First-class auditors. We want to make it easier to obtain mandatory ISO certifications for companies that will use green declarations starting in 2026. We make audits easier, faster and cheaper than traditional verification bodies. Our revenue comes from audits conducted within our platform. We are launching the platform in March, but we have contracts with consortia, consulting firms and ESG platforms.",No,,,,,,,"April 30, 2025 4:42 PM",,,,,,,,2-No SF,,,,Startup Bootcamp,,,,,,,,,https://climatestandard.net/,
Aqtec srl,,,,C11 - AI in Game Dev / Immersive Technologies / Metaverse,,aqtecsrl,,"AQTEC is a small enterprise company specialized in developing custom software solutions, particularly for the agri-tech sector. Our aim is to offer solutions to reduce environmental impact and optimize resource use. AQTEC has a unique know-how in the sector ensuring the high quality of its services. Our revenue comes from R&D Fundings. Currently, we are committed to driving an ambitious project: applying circular economy principles to the agri-food sector.",No,,,,,,,"April 30, 2025 4:42 PM",,,,,,,,2-No SF,,,,Startup Bootcamp,,,,,,,,,https://aqtec.it,
Next Digital Platform Srl,,,,C11 - AI in Game Dev / Immersive Technologies / Metaverse,,nextdigitalplatformsrl,,NDP is an innovative startup focused on digital payments. We want to make able retail customers to pay for products and services with the payment instrument that they consider most appropriate and not with the one requested by the merchants (Point of Buy Wallet). We address Payment Service Providers who want to change the schemes. We offer our solution as a product (License) or Service (SaaS). Our business model is based on the number of active Wallets.,No,,,,,,,"April 30, 2025 4:43 PM",,,,,,,,2-No SF,,,,Startup Bootcamp,,,,,,,,,https://www.nextdigitalplatform.eu,
Tuidi,,,,C11 - AI in Game Dev / Immersive Technologies / Metaverse,,tuidi,,"Tuidi is a startup that develops ML-based software. We aim to solve demand forecasting inefficiencies for food retailers. We offer software, distinguished by speed both of integration and personalization. Our revenue comes from direct selling (set up + monthly recurring fees). Currently, we have 15 clients and +900k in ARR.",No,,,,,,,"April 30, 2025 4:44 PM",,,,,,,,2-No SF,,,,Startup Bootcamp,,,,,,,,,https://www.tuidi.ai/,
Admind,,,,C11 - AI in Game Dev / Immersive Technologies / Metaverse,,admind,,"Admind is a technology-driven company offering a proprietary AI-based SaaS platform for marketing management. We also develop customized AI-powered software tailored to unique business needs. Serving mainly SMEs, we deliver pre-built and bespoke tools with a focus on data security. Our revenue comes from licensing, subscriptions, and custom projects, supporting 70,000+ active users and managing a dozen simultaneous projects across diverse sectors.",No,,,,,,,"April 30, 2025 4:46 PM",,,,,,,,2-No SF,,,,Startup Bootcamp,,,,,,,,,https://www.admind.ai,
Metacasa,,,,C11 - AI in Game Dev / Immersive Technologies / Metaverse,,metacasa,,"Metacasa is a digital platform accelerating the decarbonization of residential properties by simplifying and scaling energy retrofits. Our SaaS-enabled marketplace connects homeowners, real estate agents, and professionals, streamlining project management, cost estimation, and execution. With 350K ARR and over €2M in marketplace transactions, we are expanding across Italy and preparing for European growth.",No,,,,,,,"April 30, 2025 4:47 PM",,,,,,,,2-No SF,,,,Startup Bootcamp,,,,,,,,,https://www.metacasa.ai,
Planet Srl.,,,,C11 - AI in Game Dev / Immersive Technologies / Metaverse,,planetsrl.,,"Planet Srl is a pioneering company specializing in carbon farming and ecosystem regeneration in arid, water-scarce environments. Leveraging innovative technologies like the Mangrove Technology Platform (MTP), Planet addresses the challenges of climate change, water scarcity, and sustainable agriculture. The MTP combines advanced desalination, vertical farming, and IoT systems to grow high-quality seedlings efficiently using minimal resources such as saltwater and solar energy.",No,,,,,,,"April 30, 2025 4:47 PM",,,,,,,,2-No SF,,,,Startup Bootcamp,,,,,,,,,https://nogreenwithoutblue.it/,
Brandplane,,,,C11 - AI in Game Dev / Immersive Technologies / Metaverse,,brandplane,,"Brandplane is a B2B SaaS platform that uses machine learningto automate content marketing for startups, agencies, andenterprises.One centralized platform that helps to create unique andeffective strategies in minutes, saving everyone's time andmoney",No,,,,,,,"April 30, 2025 4:48 PM",,,,,,,,2-No SF,,,,Startup Bootcamp,,,,,,,,,https://www.brandplane.co/,
Laizy,,,,C11 - AI in Game Dev / Immersive Technologies / Metaverse,,laizy,,"Laizy helps employees master AI tools through smart automation, boosting efficiency and productivity.",No,,,,,,,"April 30, 2025 4:48 PM",,,,,,,,2-No SF,,,,Startup Bootcamp,,,,,,,,,https://laizy.co/,
RELLAI,,,,C11 - AI in Game Dev / Immersive Technologies / Metaverse,,rellai,,"RELLAI is a B2B tech startup that simplifies operations for home renovation contractors. We solve inefficiencies, late payments, and disputes for small to medium-sized contractors managing home renovation projects. We offer a platform that integrates escrow payment tracking, project management, and AI-powered cost predictions, uniquely designed for this underserved market. Our revenue comes from subscription fees and transaction fees on payments. We have 10 paying customers with 16K ARR.",No,,,,,,,"April 30, 2025 4:49 PM",,,,,,,,2-No SF,,,,Startup Bootcamp,,,,,,,,,https://www.rellai.com,
ICONN TECH srl,,,,C11 - AI in Game Dev / Immersive Technologies / Metaverse,,iconntechsrl,,"Correlist is a SAAS that helps hospitality Accommodation and services provider to improve the hospitality experience for the customers and revenues for the companies. We aim to solve the discrepancy of the informations that allowed the business to generate cash flow, our target customers are all hospitality providers. We offer contactless nano web site, distinguished by a new era of PDF. Our revenue comes from subscriptions rev model. Currently, we have more than 1000 customers.",No,,,,,,,"April 30, 2025 5:49 PM",,,,,,,,2-No SF,,,,Startup Bootcamp,,,,,,,,,https://correlist.com/en/,
Prestatech,,,,CDP,,prestatech,,"Prestatech is an innovative fintech company that aims to revolutionize financial-data
automation through advanced artificial intelligence and machine learning. Their intelligent
platform for digital credit and embedded finance automates data collection, lending
processes, and embedded-finance solutions - boosting efficiency and ensuring compliance.

Key products:

- Intelligent Document Automation: Using computer vision, Prestatech extracts and
captures data from financial documents, transforming it into structured datasets for
immediate onboarding and credit assessment.
- Cash-Flow Analysis: Integrates credit-decisioning solutions based on cash-flow data and
provides instant loans for retail and SME clients.",No,,Christian Nothacker,,,,Fintech,"May 29, 2025 7:35 PM",,,"DB%20Companies/PRESTATECH_Logo-03-MacBook_Air_von_Christian.png, DB%20Companies/PRESTATECH_Logo.pdf, DB%20Companies/PRESTATECH_Logo.png",,,Christian Nothacker (https://www.notion.so/Christian-Nothacker-20265d57c00980459b00f2046d7772ef?pvs=21),,,,,,CDP,,"Berlin, Milan",,Christian Nothacker,https://www.linkedin.com/in/nothacker/,26,,€9.90,http://www.prestatech.com,
Covision media,,,,CDP,,covisionmedia,,"Covision is revolutionizing 3D modeling through proprietary, advanced photometry
technologies that automatically generate fully lit, photorealistic 3D models without any manual
post-production. Compared to traditional photogrammetry, Covision’s solution delivers superior
geometric accuracy and visual quality while reducing both time and operational complexity .
Key applications include:
- Immersive e-commerce: realistic models for engaging online shopping experiences
- Industrial quality control: a high-fidelity visual verification system
- Design & engineering: rapid creation and iteration of new products

Covision aims for full automation of the 3D-image pipeline, leveraging artificial intelligence to
optimize processes and outputs. The technology is scalable and adaptable across multiple
industries - manufacturing, automotive, fashion, gaming, and cinema - positioning the
company as a key player in the digital transformation of 3D visualization.",No,,Franz Tschimben,,,,3D modeling,"June 9, 2025 7:44 PM",,,DB%20Companies/Covision_Media_Schutzzone_CMYK.pdf,,,Franz Tschimben (https://www.notion.so/Franz-Tschimben-20765d57c00980a6a16ee72c696b1c66?pvs=21),,,,,,CDP,,Bressanone,,Franz Tschimben,https://www.linkedin.com/in/franz-tschimben/,10,,€5.50,,
Shop Circle,,,,CDP,,shopcircle,,"Shop Circle is a technology platform founded in 2021 (operational since 2022) that
aggregates and develops SaaS applications dedicated to e-commerce. Its mission is to build
an integrated portfolio of digital tools that help businesses create, manage, optimize, and scale
their online stores. The company employs an inorganic growth strategy based on a highly
automated, data-driven serial M&A model. Acquisitions are financed through a blend of equity
and structured debt facilities. Ideal targets are SaaS solutions with strong growth potential,
high profitability (especially robust EBITDA margins), and reasonable acquisition multiples.
With this approach, Shop Circle positions itself as the first “vertical app store” for digital
merchants, uniting complementary technologies into a single suite to boost digital-store
performance.",No,,Gian Maria Gramondi,,,,ECOMMERCE,"June 9, 2025 7:45 PM",,,DB%20Companies/Shop_Circle.svg,,,Gian Maria Gramondi (https://www.notion.so/Gian-Maria-Gramondi-20765d57c00980b9b719deb2fad24dee?pvs=21),,,,,,CDP,,UK (Italian Branch),,Gian Maria Gramondi,https://www.linkedin.com/in/gianmariagramondi/,164,,€200.00,,
BKN301,,,,CDP,,bkn301,,"BKN301 is a fintech-as-a-service provider that empowers financial institutions, enterprises,
and startups in emerging markets to offer digital banking and payment services quickly,
scalably, and compliantly . Founded to democratize access to digital financial infrastructure,
BKN301 delivers a modular, API-first platform that lets clients launch fintech solutions - wallets,
cards, IBAN, acquiring services, and payment tools - without building infrastructure from
scratch.
The platform especially targets countries with low banking penetration, offering a fully
customizable, white-label suite already compliant with local and international regulations.
Backed by a robust technology stack and regulated licenses (e-money, issuing, acquiring),
BKN301 drastically reduces time-to-market for digital finance providers. It positions itself as an
enabler of fintech ecosystems across Southeast Europe, the Middle East, and Africa,
contributing to the growth of digital finance in developing markets.",No,,"Stiven Muccioli,Diego Frisoni,Luca Bertozzi",,,,Fintech,"June 9, 2025 7:44 PM",,,"DB%20Companies/BKN301-Group_hor-for-dark-bg.png, DB%20Companies/BKN301-Group_hor-for-white-bg.png",,,"Stiven Muccioli (https://www.notion.so/Stiven-Muccioli-20765d57c00980af9b91e966a074600e?pvs=21), Diego Frisoni (https://www.notion.so/Diego-Frisoni-20d65d57c009800a8dadf6355ec25bc0?pvs=21), Luca Bertozzi (https://www.notion.so/Luca-Bertozzi-20d65d57c009808ab623d6b187b080b7?pvs=21)",,,,,,CDP,,San Marino,,"Stiven Muccioli,Diego Frisoni,Luca Bertozzi","https://www.linkedin.com/in/stivenmuccioli/,https://www.linkedin.com/in/diego-frisoni-6a3375147/,https://www.linkedin.com/in/luca-bertozzi-16a6402/",80,,€40.00,,
WholeTech,,Campania,Napoli,C13 - LifeSciences / BioTech / Longevity,,wholetech,,"WholeTech is a healthtech startup developing AI-powered solutions to improve access to dermatological care. Our flagship product, Skinner, uses explainable AI to detect scalp diseases, recommend treatments, and connect users with local specialists. We aim to make dermatology more accessible, inclusive, and effective—empowering individuals and supporting healthcare providers worldwide.",No,,Gabriele Lodato,2024,"40,000",,HealthTech,"March 18, 2026 6:28 PM",,,DB%20Companies/Wholetech.png,DB%20Companies/One_Pager_WholeTech.docx,6267040654,Gabriele Lodato (https://www.notion.so/Gabriele-Lodato-1fc65d57c009802b8711ebfe6720e8f9?pvs=21),,2-SF,DB%20Companies/Whole_Tech_pitch_2703_20250606_112049_0000_compressed.pdf,,,"SMEs Traction, Startup Acceleration",NA,Campania,,Gabriele Lodato,https://www.linkedin.com/in/gabrielelodato/,,,,https://www.wholetech.eu,80100
NeuroSyntek,,,,C13 - LifeSciences / BioTech / Longevity,,neurosyntek,,"NeuroSyntekPharma CellOptimiser (FACS on a chip) is a scalable, high-throughput parallel cell sorting platform for direct processing of tens of billons cells - in cancer and autoimmune therapies. CellOptimizer is a fluorescence or morphology-directed sorting system that biological cells non invasively, with ultra-high speed and precision. It processes own sterile, disposable cell cultures cartridges. Revenue model: sale of equipment and services An additional microfluidics module – CellOptimiz",No,,Victor Boksha,2008,,,Biotech,"September 16, 2025 11:19 AM",,,,,,Victor Boksha (https://www.notion.so/Victor-Boksha-1fc65d57c00980fbbcb0f8c6e367d79c?pvs=21),,2-SF,,,,Startup Acceleration,,Veneto,,Victor Boksha,,,,,https://neurosyntek.com,
Builtdifferent,,,,C13 - LifeSciences / BioTech / Longevity,,builtdifferent,,"Builtdifferent is the all-in-one integrated platform that provides personalized training and nutrition, created by qualified professionals and optimized with proprietary algorithms and scalable processes. We break down the cost barrier of a customized journey with dietitians and physical health professionals in an all-in-one groundbreaking platform. Our revenue comes from subscriptions. Currently we have +3600 Paying customer, 57k MRR. 410k revenue in 2024 (+350% from first year).",No,,"Stefano Tazio,Riccardo Pirlea",2022,"300,000",,Sport and Fitness,"June 13, 2025 12:41 AM",,,DB%20Companies/Builtdifferent.png,DB%20Companies/ONE_PAGER_INNOVIT_-_Builtdifferent.pdf,12754200017,"Stefano Tazio (https://www.notion.so/Stefano-Tazio-1fc65d57c0098013af4ac964bca08add?pvs=21), Riccardo Pirlea (https://www.notion.so/Riccardo-Pirlea-20265d57c00980cda549f5859ee11bc4?pvs=21)",,2-SF,DB%20Companies/Builtdifferent_Elevator_Pitch_INNOIVT_c13.pdf,,,Startup Acceleration,,Piedmont,,"Stefano Tazio,Riccardo Pirlea","https://www.linkedin.com/in/stefanotazio,https://www.linkedin.com/in/riccardopirlea",,,"€410,000.00",https://www.builtdifferent.it/,
ERA OPHTHALMICA,,,,C13 - LifeSciences / BioTech / Longevity,,eraophthalmica,,"ERA Ophthalmica provides home eye care solutions for macular degeneration, addressing accessibility for patients & providers. We offer paired clinic & home devices featuring unique customized remote therapy. Revenue is primarily from patient monthly subscriptions, ensuring recurrent income. Traction: prototype developed, clinical trial starting, preparing for FDA submission.",No,,"Fabian Chatwin Cedrati,Marco Morales",2020,"400,000",,MedTech,"October 9, 2025 10:17 AM",,,DB%20Companies/era_ophthalmica.png,DB%20Companies/ONE_PAGER___ERA_ophthalmica_2.docx,4292960244,"Fabian Chatwin Cedrati (https://www.notion.so/Fabian-Chatwin-Cedrati-1fc65d57c00980c086e7d3208fc58938?pvs=21), Marco Morales (https://www.notion.so/Marco-Morales-20265d57c00980a7a78deba9aecf94b1?pvs=21)",,2-SF,DB%20Companies/06_06_ERA_Pitch_rev4_5_short.pdf,,,Startup Acceleration,,Veneto,,"Fabian Chatwin Cedrati,Marco Morales","https://www.linkedin.com/in/fabianchatwin/,https://www.linkedin.com/in/marco-u-morales-ophthalmology",,,,https://eraophthalmica.com/,
Biolibrary,,,,C13 - LifeSciences / BioTech / Longevity,,biolibrary,,"Biolibrary is a Srsl that orthopedic platform with a library of orthopedic solutions. We aim to solve of the analogical and empirical production process for the production for Hospitals / Clinics and those who produce prostheses for Hospitals / clinics in an analogical way. We offer SaaS platform with a library of orthopedic solutions, distinguished by PCT for the production process. Our revenue comes from SaaS Software License. Currently, we have None.",No,,Antonio Puce,2016,,,MedTech,"May 26, 2025 11:35 AM",,,,,IT02273050449,Antonio Puce (https://www.notion.so/Antonio-Puce-1fc65d57c009803187bcd60637a14446?pvs=21),,2-No SF,,,,Startup Acceleration,,The Marches,,Antonio Puce,,,,,https://www.biolibrary.it/en/,
Pausetiv Srl,,,,C13 - LifeSciences / BioTech / Longevity,,pausetivsrl,,"Pausetiv is a femtech startup providing personalized multidisciplinary menopause care through telemedicine. We address the significant gap in reliable treatment for women aged 40-55, offering tailored treatment plans based on clinical protocols validated by our scientific committee. Our solution uniquely integrates medical expertise with a tracking app to continuously monitor symptoms and lifestyle. Our revenue model is B2B2C offering DTC treatment plans and consulting services to employers.",No,,Clarice Pinto,2024,Bootstrapped,,FashionTech,"June 3, 2025 4:32 PM",,,DB%20Companies/Pausetiv.png,DB%20Companies/ONE_PAGER_-_Pausetiv_INNOVIT.pdf,IT13504440960,Clarice Pinto (https://www.notion.so/Clarice-Pinto-1fc65d57c009805b891ff22146fcd789?pvs=21),,2-SF,DB%20Companies/250521_Pausetiv_Pitch_3_min_INNOVIT.pdf,,,Startup Acceleration,,Lombardy,,Clarice Pinto,https://www.linkedin.com/in/clarice-pinto-39578,,,"€420,000.00",https://pausetiv.com,
ImpattoZero srl,,,,C13 - LifeSciences / BioTech / Longevity,,impattozerosrl,,"ImpattoZero transforms farming with ""Farming on Demand,""using AI, neuroscience, and patented aquaponics to deliver high-nutrient, personalized crops. We target health-conscious consumers, HoReCa, and developers, offering plant space rentals, produce, and epigenetic consulting. Our unique model merges sustainability, blockchain transparency, AI optimization, and health innovation. Revenue comes from rentals, product sales, and consulting​​​​.",No,,Davide Balbi,2016,,,,"May 26, 2025 11:35 AM",,,,,2915800607,Davide Balbi (https://www.notion.so/Davide-Balbi-1fc65d57c00980a2a068dd4d17547884?pvs=21),,2-No SF,,,,Startup Acceleration,,Latium,,Davide Balbi,,,,,https://www.agricoltura2punto0.it/,
Klara,,,,C13 - LifeSciences / BioTech / Longevity,,klara,,"Klara is a fashion-tech innovation that integrates negative ionization into elegant eyewear, allowing users to breathe fresher, purified air—free from pollution, pollen, and bacteria—while enhancing the natural benefits of negative ions.",No,,"Riccardo Lovisetto,Cristian De Marchi",2025,-,,,"June 13, 2025 12:41 AM",,,DB%20Companies/KLARA.jpeg,DB%20Companies/Klara_-_One_Pager.docx,,"Riccardo Lovisetto (https://www.notion.so/Riccardo-Lovisetto-1fc65d57c0098081b0a1ebf84301e6d5?pvs=21), Cristian De Marchi (https://www.notion.so/Cristian-De-Marchi-20f65d57c00980f5acb0de73056d6148?pvs=21)",,2-SF,DB%20Companies/Klara_1min_Deck.pdf,,,Startup Acceleration,,Veneto,,"Riccardo Lovisetto,Cristian De Marchi","https://www.linkedin.com/in/riccardo-lovisetto-984b54223/,https://www.linkedin.com/in/cristian-de-marchi/",,,,https://www.wear-klara.com,
Into The Blue,,,,C13 - LifeSciences / BioTech / Longevity,,intotheblue,,"Into the Blue redefines longevity by sharing the secrets of Sardinia’s Blue Zone with the world. We help urban Americans and Northern Europeans break free from fast-paced, unhealthy lives and embrace the timeless habits of centenarians to live longer and happier. Through immersive pasta workshops, mountain hikes, goat cheese-making, and farm-to-table meals, we create transformative experiences rooted in tradition and connection. Clients invest in curated journeys that change their lives.",No,,"Mariateresa Luppu,Annacarla Denti",2025,-,,,"June 13, 2025 8:19 PM",,,DB%20Companies/Into_the_blue.png,"DB%20Companies/Into_the_blue_-_one_pager.pdf, DB%20Companies/one_pager_-_into_the_blue.pdf",IT01685430918,"Mariateresa Luppu (https://www.notion.so/Mariateresa-Luppu-1fc65d57c00980afb734fdd1d74cb0e6?pvs=21), Annacarla Denti (https://www.notion.so/Annacarla-Denti-20265d57c009803689a7c5641689493a?pvs=21)",,2-SF,DB%20Companies/06.05_INTO_THE_BLUE_PITCH.pdf,,,Startup Acceleration,,Sardinia,,"Mariateresa Luppu,Annacarla Denti","https://www.linkedin.com/in/mariateresa-luppu-a78553148/,https://www.linkedin.com/in/annacarla-denti/",,,,www.intotheblue-experience.com / https://www.linkedin.com/company/into-the-blue-experience/,
Lemons in the room,,,,C13 - LifeSciences / BioTech / Longevity,,lemonsintheroom,,"Digital health startup using virtual reality to reduce anxiety and pain during medical procedures. We offer hospitals an immersive, empathic VR solution through a B2B model. Active in Careggi, Meyer, and Le Scotte hospitals, we’ve run pilots in over ten departments with a 90% satisfaction rate.",No,,Alessandro Napoli,2024,"120,000",,,"March 18, 2026 6:28 PM",,,DB%20Companies/Lemons_in_the_room.png,"DB%20Companies/One_Product_Page.pdf, DB%20Companies/one_page.pdf",7331220488,Alessandro Napoli (https://www.notion.so/Alessandro-Napoli-20265d57c0098018b5ddee3a41650d9b?pvs=21),,2-SF,DB%20Companies/Pitch_deck_eng.pdf,,,Startup Acceleration,,Tuscany,,Alessandro Napoli,https://www.linkedin.com/in/alessandro-napolix2,,,"€24,000.00",https://lemonsintheroom.com,
Elephant Brain Lab srl,,,,C13 - LifeSciences / BioTech / Longevity,,elephantbrainlabsrl,,"We aim to democratize quantitative electroencephalography (qEEG) and neurofeedback through a unique hardware and software solution for remote sessions. An AI agent in virtual reality will assist end-users by managing various tasks. The Agent will also guide and support clinicians in qEEG analysis, report generation, and protocol development. Our current target market consists of clinicians or supervisors of peak-performance teams. We have received a few LOI from clinicians in Europe and the USA.",No,,"Marco Rotonda,Lorenzo Nardelli",2025,"150,000",,,"October 9, 2025 10:17 AM",,,DB%20Companies/Elephant_brain_lab.png,DB%20Companies/ONE_PAGER_-_Elephant.docx,IT18060351006,"Marco Rotonda (https://www.notion.so/Marco-Rotonda-1fc65d57c00980f2b5ddd93044508340?pvs=21), Lorenzo Nardelli (https://www.notion.so/Lorenzo-Nardelli-20f65d57c0098037a437fc036f35eae8?pvs=21)",,2-SF,DB%20Companies/Elephant_Deck_SF_25_comp.pdf,,,Startup Acceleration,,Latium,,"Marco Rotonda,Lorenzo Nardelli","https://www.linkedin.com/in/marco-rotonda/,https://www.linkedin.com/in/lorenzo-nardelli/",,,,https://elephantbrainlab.com/,
SlimNet Srl,,,,C13 - LifeSciences / BioTech / Longevity,,slimnetsrl,,"SlimNet is a digital health company that helps private medical clinics quickly build a solid business in the weight loss drug market by adopting a validated multiprofessional model based on a franchising approach. The company offers access to a digital platform that includes patient generation systems, scientific and commercial training, marketing automation. Our main strength lies in the integration of clinical excellence and scalability. Revenue comes from royalties on patients.",No,," Maurizio Fratta,Federico Bardelli",2025,"125,000",,,"June 13, 2025 12:42 AM",,,DB%20Companies/Slimnet.jpg,DB%20Companies/ONE_PAGER_-_Slimnet.pdf,IT01975890938," Maurizio Fratta (https://www.notion.so/Maurizio-Fratta-1fc65d57c0098064ad51ff33ee6de05e?pvs=21), Federico Bardelli (https://www.notion.so/Federico-Bardelli-20265d57c00980bfbf21e7915f57e46b?pvs=21)",,2-SF,DB%20Companies/_SlimNet_Pitch_-_Innovit_-_04_06_25_vv.pdf,,,Startup Acceleration,,Friuli-Venezia Giulia,," Maurizio Fratta,Federico Bardelli","https://it.linkedin.com/in/maurizio-fratta-05937b96,https://www.linkedin.com/in/federico-bardelli-745356310",,,€0.00,https://www.slimnet.eu,
Gemelli Digital Medicine & Health srl,,,,C13 - LifeSciences / BioTech / Longevity,,gemellidigitalmedicine&healthsrl,,"Gemelli Digital Medicine & Health (GDMH), fully owned by Fondazione Policlinico Gemelli, develops digital medicine solutions to enhance healthcare efficiency. We support healthcare and biotech with platforms merging clinical expertise and digital innovation. Our e-health, AI diagnostics, and transformation accelerators keep specialists central in ideation, development, and implementation. GDMH partners in EU programs like Horizon 2020 and IHI.",No,,"Marta Onniboni,Rebecca Iacopini",2021,"1,000,000",,,"October 9, 2025 10:17 AM",,,DB%20Companies/GemelliDigitalMedicineEHealth_negativo.png,DB%20Companies/ONE_PAGER___GDMH.pdf,16368451007,"Marta Onniboni (https://www.notion.so/Marta-Onniboni-20e65d57c009803ea8a2f834d2090cfc?pvs=21), Rebecca Iacopini (https://www.notion.so/Rebecca-Iacopini-20e65d57c009800ca009e1d6a88cda00?pvs=21)",,2-SF,DB%20Companies/Pitch_GDMH_Innovit.pdf,,,Startup Acceleration,,Latium,,"Marta Onniboni,Rebecca Iacopini","https://www.linkedin.com/in/marta-onniboni-a9b812194,https://www.linkedin.com/in/rebecca-iacopini-b37a991b8",,,,https://gdmh.it/,
zanbiotech,,,,C13 - LifeSciences / BioTech / Longevity,,zanbiotech,,"Zanbiotech is a pioneering biotechnology company specializing in personalized medicine and regenerative therapies. We develop innovative growth factor-based formulation and tailored protocols to overcome the limitations of standardized treatments. We generate revenue through personalized treatments, specialized consultations (farmacogentica) and licenses for our patented protocols, and development of new products based on growth factors.",No,,"Antonio Zancocchia,Maria Gilda Meduri",2023,"200,000",,,"June 13, 2025 12:42 AM",,,DB%20Companies/logo_colore01-zanbiotech.jpg,DB%20Companies/ONE_PAGER_-_Zanbiotech.pdf,2143370670,"Antonio Zancocchia (https://www.notion.so/Antonio-Zancocchia-20265d57c0098072bd61ebcbfa20ba08?pvs=21), Maria Gilda Meduri (https://www.notion.so/Maria-Gilda-Meduri-20265d57c0098099b7e6d22b7bbcfcd0?pvs=21)",,2-SF,DB%20Companies/ZANBIOTECH_PITCH_definitivo.pdf,,,Startup Acceleration,,Abruzzo,,"Antonio Zancocchia,Maria Gilda Meduri",,,,,https://www.zanbiotech.com,
AllStent,,,,C13 - LifeSciences / BioTech / Longevity,,allstent,,"Medtech startup developing AI “digital twin” sw for TEVAR. We reduce complications, reinterventions, and deaths from poor stent selection. Our CDSS helps surgeons choose the best option per patient. Target users are surgeons and radiologists; buyers include Big Four stent makers and adjacent players. We uniquely simulate the thoracic aorta with 90% accuracy, validated on clinical data. Revenue comes from B2B SaaS licensing. We aim for FDA clearancance under 12months.",No,,Paul Chipperton,2024,,,,"May 23, 2025 1:02 PM",,,,,13859770961,Paul Chipperton (https://www.notion.so/Paul-Chipperton-1fc65d57c0098058b630d8bfd9e2a204?pvs=21),,1,,,,Startup Acceleration,,Lombardy,,Paul Chipperton,,,,,https://www.allstent.com/,
Well-Rehab srl,,,,C13 - LifeSciences / BioTech / Longevity,,well-rehabsrl,,"Neck and back musculoskeletal pain reduction protocols, dedicated to company employees.  The protocols are divided into three phases, with 15' sessions to allow company employees to carry them out anywhere, even in the office.",No,,Emanuele Maria Leonardi,2025,,,,"May 23, 2025 1:02 PM",,,,,18055051009,Emanuele Maria Leonardi (https://www.notion.so/Emanuele-Maria-Leonardi-1fc65d57c00980668ea6e837da111b3a?pvs=21),,1,,,,Startup Acceleration,,Latium,,Emanuele Maria Leonardi,,,,,https://www.well-rehab.com/,
Mangofit srl,,,,C13 - LifeSciences / BioTech / Longevity,,mangofitsrl,,"Mangofit is an Italian B2B wellness tech company that empowers personal trainers — the key figures in people’s health and wellbeing — to deliver more effective, personalized coaching experiences.",No,,Matteo Melina,2023,,,,"May 23, 2025 1:02 PM",,,,,7179930826,Matteo Melina (https://www.notion.so/Matteo-Melina-1fc65d57c00980748aeee0a051ab32f8?pvs=21),,1,,,,Startup Acceleration,,Sicily,,Matteo Melina,,,,,https://www.mangofitapp.com/,
Clean OS Srl,,,,C13 - LifeSciences / BioTech / Longevity,,cleanossrl,,"Clean OS is a healthtech startup transforming oral care by tackling the $710 billion spent annually on preventable oral diseases, focusing on gingivitis and periodontitis patients. Our flagship product, the world’s first personalized electric toothbrush, delivers medical-grade hygiene in just 30 seconds, replacing traditional brushes, floss, and interdental tools. We commercialize via partner clinics, 43 as of today, making oral health more accessible by offering users discounts on treatments",No,,Giovanni Tuccari,2024,,,,"May 23, 2025 1:02 PM",,,,,13621330961,Giovanni Tuccari (https://www.notion.so/Giovanni-Tuccari-19865d57c0098096a752ca61025555a9?pvs=21),,1,,,,Startup Acceleration,,Lombardy,,Giovanni Tuccari,https://www.linkedin.com/in/giovanni-tuccari-2b5289114/,,,,https://www.thecleanos.com/,
Innovatech srl,,,,C13 - LifeSciences / BioTech / Longevity,,innovatechsrl,,"INNOVATECH develops AI and telemedicine solutions for remote care. CheckMED® monitors vital signs via an IoT device that turns into a sphygmomanometer. Olivia® is a digital caregiver with conversational AI offering wellness advice. Target: families, healthcare providers, insurers. Revenue from device sales, licenses, and subscriptions. Accurate, user-friendly solutions, validated by early adopters",No,,Giuseppe Giorgianni,2024,,,,"May 23, 2025 1:02 PM",,,,,IT04600470985,Giuseppe Giorgianni (https://www.notion.so/Giuseppe-Giorgianni-1fc65d57c0098096ae9fde3d88ce2ff9?pvs=21),,1,,,,Startup Acceleration,,Lombardy,,Giuseppe Giorgianni,,,,,https://www.innovatech.info,
Confirmo,,,,C13 - LifeSciences / BioTech / Longevity,,confirmo,,"Confirmo is a healthtech startup digitizing e-signature workflows for informed consent, addressing paper inefficiencies and patient confusion. Our AI-driven platform ensures real understanding before signing, reducing legal risks and building trust. We monetize via subscriptions, pay-per-use, or enterprise solutions. Thousands of successful e-signatures from pilot programs and clients validate our approach and fuel continued growth.",No,,Marco Cappellini,2019,,,,"May 23, 2025 1:02 PM",,,,,8336150720,Marco Cappellini (https://www.notion.so/Marco-Cappellini-573c2851dbae4bbda8f49e6fbbe64406?pvs=21),,1,,,,Startup Acceleration,,Apulia,,Marco Cappellini,,,,,https://www.confirmo.it,
BIONSEEK,,,,C13 - LifeSciences / BioTech / Longevity,,bionseek,,Innovative treatments for Solid Cancers by selective targeted protein degradation,No,,Angelo Morini,2023,,,,"May 23, 2025 1:02 PM",,,,,13069630963,Angelo Morini (https://www.notion.so/Angelo-Morini-1fc65d57c00980369c2deb666f90a073?pvs=21),,1,,,,Startup Acceleration,,Lombardy,,Angelo Morini,,,,,https://www.bionseek.com,
Melissa,,,,C13 - LifeSciences / BioTech / Longevity,,melissa,,La mia idea propone uno sviluppo dei prodotti fitoterapici e anche il miglioramento della legislazione degli stessi nei paesi membri dell'UE,No,,Chiara Bianco,2021,,,,"May 23, 2025 1:02 PM",,,,,,Chiara Bianco (https://www.notion.so/Chiara-Bianco-1fc65d57c00980c9a67ee045f181edec?pvs=21),,1,,,,Startup Acceleration,,Friuli-Venezia Giulia,,Chiara Bianco,,,,,https://www.linkedin.com/in/chiara-bianco-731a6161,
MgShell,,,,C13 - LifeSciences / BioTech / Longevity,,mgshell,,"MgShell is dedicated to transforming ophthalmic care by addressing a critical need in the treatment of age-related macular degeneration (AMD), a leading cause of blindness among individuals over 50. Therapeutic adherence is low due to frequent injections, leading to vision loss. MgShell has developed an innovative intraocular biodegradable drug delivery device that replicates current treatment protocols, reducing injections and clinical burdens, without requiring surgery.",No,,Marco Ferroni,2019,,,,"May 23, 2025 1:02 PM",,,,,10767230963,Marco Ferroni (https://www.notion.so/Marco-Ferroni-1fc65d57c00980eb9456eb1254dca8ef?pvs=21),,1,,,,Startup Acceleration,,Lombardy,,Marco Ferroni,,,,,https://www.mgshell.com,
Nutra Futura,,,,C13 - LifeSciences / BioTech / Longevity,,nutrafutura,,"Nutrafutura is a company that provides high-quality ingredients for supplements. We offer a range of innovative ingredients validated through efficacy studies on organoids and in vivo studies.Our revenue comes from direct sales through partnerships with contract manufaturers and brand owners.We have gained traction through our innovation and scientific ethics, which convey reliability to the companies that use our ingredients in their products.",No,,Annalisa Faè,2023,,,,"May 23, 2025 1:02 PM",,,,,3947690123,Annalisa Faè (https://www.notion.so/Annalisa-Fa-1fc65d57c00980769aeee32f869f1535?pvs=21),,1,,,,Startup Acceleration,,Lombardy,,Annalisa Faè,,,,,https://nutrafutura.com,
jooband,,,,C13 - LifeSciences / BioTech / Longevity,,jooband,,PIATTAFORMA STREAMING HIGH TECHNOLOGY,No,,Pasquale D'antuono,2025,,,,"May 23, 2025 1:02 PM",,,,,,Pasquale D'antuono (https://www.notion.so/Pasquale-D-antuono-1fc65d57c009801bbfabc2206059a6da?pvs=21),,1,,,,Startup Acceleration,,Piedmont,,Pasquale D'antuono,,,,,https://jooband.com,
Salute 360,,,,C13 - LifeSciences / BioTech / Longevity,,salute360,,"Salute360 is a digital platform that simplifies and optimises the patient experience and the management of the Healthcare Professionals' digital ecosystem. HCPs have all the digital tools they need in one system, while patients find verified information and reliable healthcare services. Our revenue comes from a B2B subscription model. Currently, we have more 100k patients and 6k HCPs registered on our platform.",No,,Alberto Clemenzi,2022,"150,000",,,"March 18, 2026 6:28 PM",,,DB%20Companies/Salute360.zip,DB%20Companies/Salute360_ONEPAGER_-_ENG.docx,11596130010,Alberto Clemenzi (https://www.notion.so/Alberto-Clemenzi-1fc65d57c009808eae7fc330fda541c8?pvs=21),,2-SF,DB%20Companies/Salute360_Pitch_-_ENG.pdf,,,SMEs Traction,,Piedmont,,Alberto Clemenzi,https://www.linkedin.com/in/alberto-clemenzi/,,,"€280,000.00",https://www.salute360.eu/,
AINDO,,,,C13 - LifeSciences / BioTech / Longevity,,aindo,,"Aindo is a synthetic data company that solves data access and scarcity challenges for life science, healthcare, and insurance sectors. Our AI-powered, patented, and Europrivacy-certified technology generates synthetic data—statistically accurate yet anonymous—enabling safe use and sharing of private data. Aindo is already working with major healthcare institutions, partners, and clients.",No,,"Daniele Panfilo,Sebastiano Saccani",2018,"9,000,000",,,"June 13, 2025 12:42 AM",,,DB%20Companies/Aindo.png,DB%20Companies/ONE_PAGER_-_AINDO.pdf,1313960328,"Daniele Panfilo (https://www.notion.so/Daniele-Panfilo-20265d57c0098041afaafaca6c20377b?pvs=21), Sebastiano Saccani (https://www.notion.so/Sebastiano-Saccani-20265d57c009802c9bc1f0e8caee20bc?pvs=21)",,2-SF,DB%20Companies/Aindo_Deck_.pdf,,,SMEs Traction,,Friuli-Venezia Giulia,,"Daniele Panfilo,Sebastiano Saccani","https://www.linkedin.com/in/danielepanfilo/,https://www.linkedin.com/in/sebastianosaccani/",,,,https://www.aindo.com/,
NH2 Tech Srl,,,,"C13 - LifeSciences / BioTech / Longevity, C7 - 	 Life Sciences & Digital Health",,nh2techsrl,,"NH2 Tech is a med-tech company developing Proamina™, a patented amino acid blend with natural sweetening properties, no GMO and Vegan. We aim to solve the health and formulation challenges posed by sugar, polyols, and artificial sweeteners for B2B food and beverage manufacturers. Proamina™ is a functional flavoring that sweetens without adding sugars, while also increasing the protein content of finished products.",No,,"
Enrico Fiorentin,Mattia Cappelletti,Stefano Sabetta",2023,"1,400,000",,,"March 18, 2026 6:28 PM",,,DB%20Companies/NH2Tech.png,DB%20Companies/ONE_PAGER_-_NH2_Tech.pdf,13068670960,"
Enrico Fiorentin (https://www.notion.so/Enrico-Fiorentin-a75ef776e4664166b153683d7088f565?pvs=21), Mattia Cappelletti (https://www.notion.so/Mattia-Cappelletti-20265d57c00980a398e2f54c562298ea?pvs=21), Stefano Sabetta (https://www.notion.so/Stefano-Sabetta-20265d57c0098037a98fd3e17c98e941?pvs=21)",,2-SF,DB%20Companies/3m_Pitch_-_NH2_Tech__Proamina.pdf,,,SMEs Traction,,Lombardy,,"
Enrico Fiorentin,Mattia Cappelletti,Stefano Sabetta","
https://www.linkedin.com/in/fiorentin/?originalSubdomain=it
,https://www.linkedin.com/in/mattia-cappelletti,https://www.linkedin.com/in/stefano-sabetta-78775411/",,,,https://www.nh2tech.com/,
"DISRUPTIVE TECHNOLOGICAL ADVANCES IN LIFE SCIENCE S.R.L. - SOCIETA' BENEFIT, IN FORMA ABBREVIATA, D-TAILS S.R.L. SB",,,,C13 - LifeSciences / BioTech / Longevity,,"disruptivetechnologicaladvancesinlifesciences.r.l.-societa'benefit,informaabbreviata,d-tailss.r.l.sb",,"D-Tails is a biotech company developing imaging systems for high-throughput, live-cell imaging and biosensors for early cancer detection. iFluor is a wide-field microscope with integrated microfluidics and incubation for automated large-scale imaging. Eucrasyc is a yeast-based BRET-integrated biosensor to detect cancer markers in urine. Revenue will soon start as iFluor is ready for market launch, and we're advancing Eucrasyc with our clinical partners for scalable, low-cost diagnostics.",No,,Enrico Lanza,2021,"4,600,000",,,"June 13, 2025 12:43 AM",,,DB%20Companies/Dtails.jpg,DB%20Companies/Dtails_-_One_Pager.pdf,IT16288851005,Enrico Lanza (https://www.notion.so/Enrico-Lanza-1fc65d57c0098048ac22ce5d49ac2fb0?pvs=21),,2-SF,DB%20Companies/Dtails_Pitch.pdf,,,SMEs Traction,,Latium,,Enrico Lanza,,,,,https://d-tails.com/,
Beyondshape srl,,,,C13 - LifeSciences / BioTech / Longevity,,beyondshapesrl,,"BeyondShape provides medical evaluations without radiations, through a total body 3D scanner and a related software which combines 3D scanning, biomechanical modeling and artificial intelligence. This device helps minimize radiation exposure due to the current diagnostic protocols. Our customers are hospitals and healthcare facilities, and we aim at selling to them through as a service or a direct purchase. Our device has obtained the medical certification in EU and got its first customer.",No,,"Gianluca D'Anna,Stanislao Grazioso",2019,"1,000,000",,,"June 23, 2025 6:38 PM",,,DB%20Companies/Beyondshape.png,DB%20Companies/Beyondshape_One_pager.pdf,9365291211,"Gianluca D'Anna (https://www.notion.so/Gianluca-D-Anna-1fc65d57c00980eb87a9ebec5e6e11b5?pvs=21), Stanislao Grazioso (https://www.notion.so/Stanislao-Grazioso-20265d57c009803785bfec267bfe1b7a?pvs=21)",,2-SF,DB%20Companies/6afe680cc3a7-Beyondshape_Pitch_(1).pdf,,,SMEs Traction,,Campania,,"Gianluca D'Anna,Stanislao Grazioso","https://www.linkedin.com/in/gianluca-d-anna-009759242/,https://www.linkedin.com/in/sgrazioso/",,,"€170,000.00",https://www.beyondshape.eu/,
GenLife Italia srl,,,,C13 - LifeSciences / BioTech / Longevity,,genlifeitaliasrl,,"GenLife is a medical technology company that develops regenerative medicine solutions. We aim to solve the complexity of autologous stem cell therapies for clinics and specialists. We offer IStemRewind, a device that isolates mesenchymal stem cells at the point of care without labs or cell culture. Our revenue comes from device sales and consumables. Currently, we have early clinical adopters in Europe and a pharma partner awaiting CE mark in 2025",No,,Andrea Raggi,2020,"1,500,000",,,"October 22, 2025 11:36 AM",,,DB%20Companies/GenLife_Italia.jpg,DB%20Companies/ONE_PAGER_-_GenLife_Italia.pdf,11510660969,Andrea Raggi (https://www.notion.so/Andrea-Raggi-1fc65d57c009808aa1dae07fb51d6c4e?pvs=21),,2-SF,"DB%20Companies/PITCH_ISTEMREWIND_v7_1_AR_InnovitSF_20250527.pptx, DB%20Companies/GenLife_Italia_srl.pdf",,,"SMEs Traction, Startup Acceleration",,Lombardy,,Andrea Raggi,https://www.linkedin.com/in/andrea-raggi-b00b4b365,,,"€70,000.00",https://www.istemrewind.com,
Moveo,,,,C13 - LifeSciences / BioTech / Longevity,,moveo,,"Moveo is a medical device company that has developed a self-powered, lightweight soft exosuit to support walking by people with limited mobility. We aim to help those who have been affected by degenerative disease, age or injury to improve their independence and quality of life. We offer ExoBand, a simple passive assistive device consisting of a belt and two leg loops. Our revenue comes from sales direct to customers and to rehabilitation centers/hospitals. We have over 1500 paying users.",No,,Fausto Panizzolo,2019,"270,000",,,"June 23, 2025 6:45 PM",,,DB%20Companies/moveo.png,DB%20Companies/ONE_PAGER_-_Moveo_(2).docx,5236760285,Fausto Panizzolo (https://www.notion.so/Fausto-Panizzolo-1fc65d57c009803691c1f47930d86c63?pvs=21),,2-SF,"DB%20Companies/Slide_deck_Moveo_Pitch_Competition_INNOVIT_June25.pptx, DB%20Companies/Moveo.pdf",,,SMEs Traction,,Veneto,,Fausto Panizzolo,,,,,https://www.moveowalks.com/en/homepage/,
Clinica Digitale Srl,,,,C13 - LifeSciences / BioTech / Longevity,,clinicadigitalesrl,,"Clinica Digitale is a 360° telemedicine startup that has developed software capable of accommodating third-party technological devices, connecting them to external reporting centers and providing a private electronic health record service for all services that can be provided in telemedicine. Furthermore, it is the only Italian company to have introduced an important prevention theme such as TELENUTRITION into telemedicine. That is, the opportunity to perform a non-invasive test using a professional bioimpedance meter, digitize the patient's medical history and send everything to one of our reporting centers with nutrition professionals, providing a proximity prevention service as close to home as possible.",No,,Luca Lagona,2022,< 25k,,,"June 9, 2025 12:22 PM",,,DB%20Companies/clinicadigitale.png,,11044480967,Luca Lagona (https://www.notion.so/Luca-Lagona-1fc65d57c009802f95fbd5c684243ad7?pvs=21),,2-No SF,,,,SMEs Traction,,Apulia,,Luca Lagona,https://www.linkedin.com/in/luca-lagona-8a157541/,,,€700.00,https://www.clinica-digitale.it,
Nutras srl,,,,C13 - LifeSciences / BioTech / Longevity,,nutrassrl,,"Nutras Srl is an innovative nutraceutical company that develops and markets scientifically validated food supplements. Our goal is to solve problems such as lactose intolerance, urinary tract infections, and bloating for health-conscious consumers. We offer solutions characterised by patented formulas, eco-friendly packaging. Our revenues come from e-commerce, Amazon, pharmacies and HoReCa channels. We currently have a turnover of EUR 600,000 in 2024 and expect to exceed EUR 1 million in 2025.",No,,Aloisa Panichelli,2020,"200,000",,,"October 22, 2025 11:36 AM",,,"DB%20Companies/nutras.png, DB%20Companies/Nutras.png",DB%20Companies/ONE_PAGER_-_Nutras.pdf,2038670432,Aloisa Panichelli (https://www.notion.so/Aloisa-Panichelli-20265d57c00980d0903bf4267a563001?pvs=21),,2-SF,DB%20Companies/Nutras_pitch_INNOVIT_-_ENG.pdf,,,"SMEs Traction, Startup Acceleration",,The Marches,,Aloisa Panichelli,https://www.linkedin.com/in/aloisa-panichelli-395236273/,,,"€600,000.00",https://www.nutras.it,
LifeCharger srl,,,,C13 - LifeSciences / BioTech / Longevity,,lifechargersrl,,Our mission is to provide health and wellness solutions by leveraging the opportunities offered by technology. LifeCharger is committed to creating monitoring and support pathways that combine structured interaction between the user and healthcare professionals through our LifeCharger App. We actively collaborate with leading Clinical Institutes and prominent academic institutions to ensure that our services are aligned with the latest scientific discoveries and standards of care.,No,,Andrea Giovanni Migliavacca,2019,"200,000",,,"June 23, 2025 6:45 PM",,,DB%20Companies/LifeCharger.jpg,DB%20Companies/One_Page_LifeCharger.pdf,10651500968,Andrea Giovanni Migliavacca (https://www.notion.so/Andrea-Giovanni-Migliavacca-1fc65d57c009809a91d9d74881f2c5ca?pvs=21),,2-SF,"DB%20Companies/Life_Charger_PITCH_02.06.pptx, DB%20Companies/Life_Charger_PITCH_02.06.pdf",,,SMEs Traction,,Lombardy,,Andrea Giovanni Migliavacca,https://www.linkedin.com/in/andrea-migliavacca-6511218/,,,"€200,000.00",https://lifecharger.eu,
NOVAICOS ImmunoTherapeutics s.r.l.,,,,C13 - LifeSciences / BioTech / Longevity,,novaicosimmunotherapeuticss.r.l.,,"NOVAICOS ImmunoTherapeutics is a biotech company in pre-clinical stage developing an innovative platform of candidate drugs in longevity field. In fact, we aim to solve unmet needs for treating patients that suffer from bone metastases and osteoporosis. We offer the possibility to exploit our 2 fully-owned patents (cancer and osteoporosis), both of them approved in USA (and EU), distinguished by providing a unique dual-faced mechanism of action (immunologic and vs. cancer microenvironment) as",No,,Giovanni Cerutti,2016,"150,000",,,"June 13, 2025 12:44 AM",,,"DB%20Companies/Novaicos.png, DB%20Companies/Novaicos%201.png",DB%20Companies/NOVAICOS_ONE_PAGER.docx,2487920031,Giovanni Cerutti (https://www.notion.so/Giovanni-Cerutti-1fc65d57c0098011b335ebb887b6adf1?pvs=21),,2-SF,DB%20Companies/02bbe78dd75d-NOVAICOS_ImmunoTherapeutics___Slide_Deck_Apr_2025_(1).pdf,,,SMEs Traction,,Piedmont,,Giovanni Cerutti,https://www.linkedin.com/in/giovannicerutti/,,,"€13,000.00",https://www.novaicos.com,
GoVisit,,,,C13 - LifeSciences / BioTech / Longevity,,govisit,,"GoVisit is an innovative Telemedicine and Digital Health startup focusing on athletes. It delivers at-home healthcare services and operates through GoVisit Medical Points (clinics, gyms, pharmacies, resorts, and corporate locations), alongside 24/7 medical teleconsultation. Its proprietary digital suite includes a remote reporting software, a booking app, and a cloud-based electronic health record system, enabling an integrated and scalable model of healthcare delivery.",No,,Daniel Nobile,2021,"250,000",,,"June 13, 2025 12:43 AM",,,DB%20Companies/GoVisit.png,DB%20Companies/ONE-PAGER-GoVisit.pdf,6932400820,Daniel Nobile (https://www.notion.so/Daniel-Nobile-20265d57c00980ca9cefe534b90347ee?pvs=21),,2-SF,DB%20Companies/GoVisit_pitch.pdf,,,SMEs Traction,,Sicily,,Daniel Nobile,https://www.linkedin.com/company/42698777/admin/dashboard/,,,"€2,000,487.00",https://www.go-visit.it,
Oraltec srl,,,,C13 - LifeSciences / BioTech / Longevity,,oraltecsrl,,"Oraltec is an innovative startup that develops nutraceuticals specifically for the dental sector. We aim to reduce the impact of chronic systemic diseases on oral health, targeting dentists and dental hygienists. We offer supplements based on extensive scientific studies, distinguished by highly targeted formulations. Our revenue model is based on direct online sales, Amazon, and pharmacy orders. We have already supported over 1,500 patients and generated €100,000 in revenue in our first year.",No,,Davide Toffaloni,2023,,,,"October 22, 2025 11:37 AM",,,,,7305330487,Davide Toffaloni (https://www.notion.so/Davide-Toffaloni-1fc65d57c00980409faaff6a06ad1d9a?pvs=21),,1,,,,"SMEs Traction, Startup Acceleration",,Tuscany,,Davide Toffaloni,,,,,https://www.oraltec.it,
Biogenera SpA,,,,C13 - LifeSciences / BioTech / Longevity,,biogeneraspa,,"Biogenera is a biotechnology company developing gene-targeted therapies. . Our therapeutics are based on proprietary PNA (Peptide Nucleic Acid) technology, offering unmatched stability and precision in gene silencing. Revenues are planned from licensing deals, and in the near future also from a tides CDMO service. We are currently advancing our lead candidate toward Phase I clinical trial on pediatric oncology",No,,Massimiliano Cesarini,2009,,,,"May 26, 2025 11:42 AM",,,,,2932891209,Massimiliano Cesarini (https://www.notion.so/Massimiliano-Cesarini-1fc65d57c00980ef9f77c52edcbc08b0?pvs=21),,1,,,,SMEs Traction,,Emilia-Romagna,,Massimiliano Cesarini,,,,,https://www.biogenera.com,
Tethis S.p.A.,,,,C13 - LifeSciences / BioTech / Longevity,,tethiss.p.a.,,"Tethis focuses on immune and tumor cell analysis in liquid biopsy. Unlike traditional LB analysing tumor DNA, our approach provides insights on cells. Target customers are hospital labs for diagnostic testing, academic labs and pharma companies for translational research. We intend to offer analytical services and sell instruments and kits. We are unique in the unbiased assessment of tumor and immune cells for multimodal analysis and collaborate with Weill Cornell Med., ETH + Sheba Med. Center",No,,Holger Neecke,2004,,,,"May 26, 2025 11:42 AM",,,,,4227720960,Holger Neecke (https://www.notion.so/Holger-Neecke-1fc65d57c00980debd05f80b93eedd0d?pvs=21),,1,,,,SMEs Traction,,Lombardy,,Holger Neecke,,,,,https://www.tethis-lab.com,
FlorenceCare,,,,C13 - LifeSciences / BioTech / Longevity,,florencecare,,Transforming healthcare at home SDG #3 #8,No,,Rocco Ciracì,2023,,,,"October 9, 2025 10:17 AM",,,,,8773040723,Rocco Ciracì (https://www.notion.so/Rocco-Cirac-1fc65d57c0098032b48fff37e4e722ab?pvs=21),,1,,,,SMEs Traction,,Apulia,,Rocco Ciracì,,,,,https://florencecare.eu,
Rosso (EMA HEALTH SRL),,,,C13 - LifeSciences / BioTech / Longevity,,rosso(emahealthsrl),,"Rosso is a startup transforming blood donation through innovation and technology. We connect donors, collection centers, and institutions on a unified platform, making the process more efficient, accessible, and impactful. Our mission is to ensure a sustainable blood supply globally, engaging the next generation and optimizing the donation ecosystem for lasting change.",No,,Filippo Toni,2022,,,,"May 26, 2025 11:42 AM",,,,,3133670640,Filippo Toni (https://www.notion.so/Filippo-Toni-1fc65d57c00980e0be80e0c278100185?pvs=21),,1,,,,SMEs Traction,,Campania,,Filippo Toni,,,,,https://donarosso.it,
Zephorum,,,,C13 - LifeSciences / BioTech / Longevity,,zephorum,,"Zephorum is a death tech startup helping individuals and businesses manage digital legacy. Our legaltech solution recovers, plans, or protects online data without passwords or privacy invasion. We serve individuals, bereaved families, and industries like insurance and cybersecurity. With B2C, B2B2C, and B2B SaaS models, we've secured 200 users, 50 B deals, a VIP client, and a SaaS agreement in one year, pioneering digital afterlife management.",No,,Giulia Salis Nioi,2022,,,,"May 26, 2025 11:42 AM",,,,,4020450922,Giulia Salis Nioi (https://www.notion.so/Giulia-Salis-Nioi-1fc65d57c0098080b828c7505b9cd62a?pvs=21),,1,,,,SMEs Traction,,Sardinia,,Giulia Salis Nioi,,,,,https://webetery.zephorum.com/home,
Aequilibrium pharma srl,,,,C13 - LifeSciences / BioTech / Longevity,,aequilibriumpharmasrl,,"Aequilibrium pharma is a biotechnology company that uses therapeutic potential of Exosomes and Extracellular Vesicles as aesthetics, Regenerative Medicine, Oncology, mRNA carrier and Vaccines against infectious diseases with the goal of global health equity.",No,,Leonida Mattiozzi,2018,,,,"May 26, 2025 11:42 AM",,,,,10337810963,Leonida Mattiozzi (https://www.notion.so/Leonida-Mattiozzi-1fc65d57c0098058be66df80effa7ce4?pvs=21),,1,,,,SMEs Traction,,Lombardy,,Leonida Mattiozzi,,,,,https://www.aeqpharma.com,
LIONHEALTH SOCIETA' BENEFIT,,,,C13 - LifeSciences / BioTech / Longevity,,lionhealthsocieta'benefit,,"LIONHEALTH SB is an healthtech company with the aim to fight severe disease related malnutrition with IP protected food for special medical purpose (FSMPs) that combine science, natural extracts and ESG criteria, dedicated to specific disease needs. The business model is defined by the obligation of a physician prescription with different reimbursement status, leading to a mix of B2B sales to healthcare systems and B2C sales to direct patients, which requires multiple business experience",No,,Elena Paola Lanati,2022,,,,"May 26, 2025 11:42 AM",,,,,12258620967,Elena Paola Lanati (https://www.notion.so/Elena-Paola-Lanati-1fc65d57c009806cab54fe7b97db6057?pvs=21),,1,,,,SMEs Traction,,Lombardy,,Elena Paola Lanati,,,,,https://www.lionhealth.tech/,
Star Tric srl,,,,C13 - LifeSciences / BioTech / Longevity,,startricsrl,,"StarTric develops TriClover, an innovative transcatheter device to treat Tricuspid Regurgitation (TR) affecting 70+ million globally, and rising prevalence in aging populations. TriClover uniquely replicates the proven Clover surgical technique in a safe, minimally invasive implant. B2B model sells devices to hospitals for €30k/unit. Backed by €2.5M raised, robust IP, and positive pre-clinical data, TriClover’s adaptability and efficacy position it as a disruptive therapy in the €4.4B TR market.",No,,Eugenio Passanante,2017,,,,"May 26, 2025 11:42 AM",,,,,10065420969,Eugenio Passanante (https://www.notion.so/Eugenio-Passanante-1fc65d57c00980faa0a8c38d78ba00de?pvs=21),,1,,,,SMEs Traction,,Lombardy,,Eugenio Passanante,,,,,https://www.startric.it/,
Exosomics SpA,,,,C13 - LifeSciences / BioTech / Longevity,,exosomicsspa,,"Exosomics is a biotech developing a range of exosome based assays for several steps in cancer diagnostics. We aim to solve Multi Cancer Early Detection and improve molecular diagnostics for cancer prevention and better outcome of cancer patients. We offer diagnostic products/services with a B2B business model, distinguished by our unique and proprietary approach. Our revenue comes from B2B activities. We are the only company approaching cancer diagnostics using EV associated protein biomarkers.",No,,Antonio Chiesi,2011,,,,"October 9, 2025 10:17 AM",,,,,1317090528,Antonio Chiesi (https://www.notion.so/Antonio-Chiesi-1fc65d57c00980e9a82acb0c0673887e?pvs=21),,1,,,,SMEs Traction,,Tuscany,,Antonio Chiesi,,,,,https://www.exosomics.eu,
innovabiohealth S.r.l.,,,,C13 - LifeSciences / BioTech / Longevity,,innovabiohealths.r.l.,,"innovabiohealth is redefining proactive healthcare with personalized longevity solutions powered by genetics, at-home testing, and AI-driven health plans. We solve fragmented, reactive healthcare by enabling individuals to monitor and optimize their health remotely. Our customers are health-focused consumers, clinics, and corporate wellness programs. We offer a scalable digital platform integrating genomic insights, diagnostics, and personalized interventions.",No,,Nicola Commisso,2021,,,,"May 26, 2025 11:42 AM",,,,,4265270985,Nicola Commisso (https://www.notion.so/Nicola-Commisso-1fc65d57c0098056a665f50835219f3b?pvs=21),,1,,,,SMEs Traction,,Lombardy,,Nicola Commisso,,,,,https://www.innovabiohealth.com,
"Aton ",,,,INTESA-2,,aton,,B Corp certified tech company providing sustainable digital transformation for omnichannel sales and supply chain. Specializes in sustainable digital commerce solutions.,No,,"(NO SF) Stefano Negroni,Giorgio De Nardi,Pierangelo Pescangegno",1988,,,SaaS/Software,"August 5, 2025 12:02 AM",,,DB%20Companies/AtonLogo.png,,02479320265,"(NO SF) Stefano Negroni (https://www.notion.so/NO-SF-Stefano-Negroni-21665d57c00980a4bd39da8513f09f0d?pvs=21), Giorgio De Nardi (https://www.notion.so/Giorgio-De-Nardi-23c65d57c009808082e1ee98d42a74fc?pvs=21), Pierangelo Pescangegno (https://www.notion.so/Pierangelo-Pescangegno-23c65d57c009807d8feff71c7f326ea9?pvs=21)",,2-SF,DB%20Companies/Aton.pdf,,,Imprese Vincenti,,Veneto,,"(NO SF) Stefano Negroni,Giorgio De Nardi,Pierangelo Pescangegno",,,,,https://aton.com/,
"SANTINI ",,,,INTESA-2,,santini,,Designs and produces technical sportswear for cycling and triathlon. Specializes in high-performance athletic apparel.,No,,"(NO SF) Elena Pagani,Monica Santini,Gianmarco Gabrieli",1965,,,Athletic Apparel/Sportswear,"August 29, 2025 7:10 PM",,,DB%20Companies/SantiniLogo.png,,01631560164,"(NO SF) Elena Pagani (https://www.notion.so/NO-SF-Elena-Pagani-21665d57c0098092b156ee83089769e6?pvs=21), Monica Santini (https://www.notion.so/Monica-Santini-23b65d57c009805ea3d1f3c7444eb4af?pvs=21), Gianmarco Gabrieli (https://www.notion.so/Gianmarco-Gabrieli-23b65d57c00980b28452f5674cf6f5ec?pvs=21)",,2-SF,DB%20Companies/Santini.pdf,,,Imprese Vincenti,,Lombardy,,"(NO SF) Elena Pagani,Monica Santini,Gianmarco Gabrieli",,,,,https://www.santinicycling.com,
"RAIN ",,,,INTESA-2,,rain,,Manufactures automated irrigation products for water and time optimization. Offers AI solutions for green space management.,No,,"Anna Stiatti,Costanza Vittoria Maria Ciambrone",1968,,,AgTech/Smart Agriculture,"September 2, 2025 3:21 AM",,,DB%20Companies/RainLogo.png,,01752100154,"Anna Stiatti (https://www.notion.so/Anna-Stiatti-21665d57c009807eb79cf78059102a0f?pvs=21), Costanza Vittoria Maria Ciambrone (https://www.notion.so/Costanza-Vittoria-Maria-Ciambrone-23b65d57c00980a0ae4eeb87e0a5b276?pvs=21)",,2-SF,DB%20Companies/Sanfran_11.pdf,,,Imprese Vincenti,,Lombardy,,"Anna Stiatti,Costanza Vittoria Maria Ciambrone",,,,,https://WWW.RAIN.IT,
"Podium Engineering ",,,,INTESA-2,,podiumengineering,,Develops automotive technology including neural networks and high-performance electric batteries. Works with Ducati MotoE and FIA FormulaE.,No,,"Marcello Tardito,Francesco Monti",2011,,,Automotive/EV Technology,"August 29, 2025 7:10 PM",,,DB%20Companies/PodiumLogo.png,,01158110070,"Marcello Tardito (https://www.notion.so/Marcello-Tardito-21665d57c0098032ba68d39130a086ab?pvs=21), Francesco Monti (https://www.notion.so/Francesco-Monti-23c65d57c00980c0b25fdf86536a3567?pvs=21)",,2-SF,DB%20Companies/PodiumEngineering.pdf,,,Imprese Vincenti,,Valle d’Aosta,,"Marcello Tardito,Francesco Monti",,,,,https://www.podium-tech.com/,
Move-X,,,,INTESA-2,,move-x,,"Develops AI-powered software for analog and mixed-signal IC design. Offers Spaceman, a design automation tool integrated with existing EDA workflows, and provides custom IC development services for global semiconductor companies.",No,,"(NO SF) Marco Colzi,Ferdinando Frediani,Gabriele Corsi ,Stefano Flores D’Arcais",2017,,,AI,"September 3, 2025 1:58 AM",,,DB%20Companies/MoveLogo.png,,09887990969,"(NO SF) Marco Colzi (https://www.notion.so/NO-SF-Marco-Colzi-21665d57c0098004bb34db2522cfb67b?pvs=21), Ferdinando Frediani (https://www.notion.so/Ferdinando-Frediani-23b65d57c00980c7b290c732e45a646a?pvs=21), Gabriele Corsi  (https://www.notion.so/Gabriele-Corsi-23b65d57c009800f94c2c6461622bf6e?pvs=21), Stefano Flores D’Arcais (https://www.notion.so/Stefano-Flores-D-Arcais-25e65d57c0098091af9cec59a34eb431?pvs=21)",,2-SF,DB%20Companies/PowerPoint_Presentation.pdf,,,Imprese Vincenti,,Lombardy,,"(NO SF) Marco Colzi,Ferdinando Frediani,Gabriele Corsi ,Stefano Flores D’Arcais",,,,,https://www.move-x.ai,
"MARTINOROSSI ",,,,INTESA-2,,martinorossi,,"Processes conventional and organic cereals and legumes from controlled supply chains. Produces gluten-free, allergen-free flours and plant proteins.",No,,"(NO SF) Stefano Rossi ,Matteo Angri",1987,,,Food & Beverage/CPG,"August 29, 2025 7:10 PM",,,DB%20Companies/martinorossi.png,,00883760191,"(NO SF) Stefano Rossi  (https://www.notion.so/NO-SF-Stefano-Rossi-21665d57c0098010a80cd96e82f751e3?pvs=21), Matteo Angri (https://www.notion.so/Matteo-Angri-23b65d57c009803386f2f1f0bde94f6e?pvs=21)",,2-SF,DB%20Companies/MartinoRossi.pdf,,,Imprese Vincenti,,Lombardy,,"(NO SF) Stefano Rossi ,Matteo Angri",,,,,https://www.martinorossispa.it/,
"Manta Group ",,,,INTESA-2,,mantagroup,,Constructs aeronautical assemblies and composite components with surface treatments. Serves fixed-wing and rotary-wing aircraft markets.,No,,"Michele Frisoli,Antonio Lafaenza",1986,,,Aerospace & Defense,"August 29, 2025 7:10 PM",,,DB%20Companies/MantaGroupLogo.jpeg,,01524300710,"Michele Frisoli (https://www.notion.so/Michele-Frisoli-21665d57c0098025964ae3ad9266a124?pvs=21), Antonio Lafaenza (https://www.notion.so/Antonio-Lafaenza-23c65d57c00980359e4acbc1a81279ea?pvs=21)",,2-SF,DB%20Companies/Manta_Group.pdf,,,Imprese Vincenti,,Apulia,,"Michele Frisoli,Antonio Lafaenza",,,,,https://www.mantagroup.it,
"Malvestio ",,,,INTESA-2,,malvestio,,Manufactures furniture for hospitals and healthcare facilities. Offers integrated solutions from basic to specialized intensive care equipment.,No,,Massimo Malvestio,1937,,,MedTech/Healthcare Equipment,"August 29, 2025 7:10 PM",,,DB%20Companies/MalvestioLogo.png,,00197370281,Massimo Malvestio (https://www.notion.so/Massimo-Malvestio-21665d57c009809b97d2ebe6c9418b75?pvs=21),,2-SF,DB%20Companies/Malvestio.pdf,,,Imprese Vincenti,,Veneto,,Massimo Malvestio,,,,,https://malvestio.it,
"MAC&NIL ",,,,INTESA-2,,mac&nil,,"Designs IoT platforms for automotive, fleet management, and smart cities. Serves 75,000+ clients across Europe with cloud-based solutions.",No,,"Nicola Lavenuta,Mariarita Costanza ,Federica Lavenuta",2000,,,IoT/Connected Devices,"August 29, 2025 7:10 PM",,,DB%20Companies/MACNILLogo.png,,05607900726,"Nicola Lavenuta (https://www.notion.so/Nicola-Lavenuta-21665d57c00980448215fa8f41d6e9bd?pvs=21), Mariarita Costanza  (https://www.notion.so/Mariarita-Costanza-23c65d57c00980968186e10100ca5fa5?pvs=21), Federica Lavenuta (https://www.notion.so/Federica-Lavenuta-23c65d57c00980b7a30ac6fd5c50781a?pvs=21)",,2-SF,DB%20Companies/MacNIL.pdf,,,Imprese Vincenti,,Apulia,,"Nicola Lavenuta,Mariarita Costanza ,Federica Lavenuta",,,,,https://www.macnil.it,
"Las Mobili ",,,,INTESA-2,,lasmobili,,"Leading Italian office furniture manufacturer producing furniture, seating, and movable walls. Second-largest in Italy with 40% foreign revenue and 220 employees.",No,,"Massimo Rulli,Stefano Pedicone",1976,,,Commercial Furniture,"August 29, 2025 7:10 PM",,,DB%20Companies/LasMobiliLogo.png,,01963940679,"Massimo Rulli (https://www.notion.so/Massimo-Rulli-21665d57c0098045b33cf25b46fbc7a3?pvs=21), Stefano Pedicone (https://www.notion.so/Stefano-Pedicone-23b65d57c00980fd9569e9a57af1d90e?pvs=21)",,2-SF,DB%20Companies/Las_Mobili.pdf,,,Imprese Vincenti,,Abruzzo,,"Massimo Rulli,Stefano Pedicone",,,,,https://www.las.it,
ICOP,,,,INTESA-2,,icop,,"Founded in 1920, specializes in microtunnelling and maritime infrastructure across Europe. 515 employees based in Basiliano, recently acquired US group AGH.",No,,"Giacomo Petrucco,Francesco Petrucco",1920,,,Infrastructure & Construction,"September 2, 2025 3:19 AM",,,DB%20Companies/Logoicop.png,,00298880303,"Giacomo Petrucco (https://www.notion.so/Giacomo-Petrucco-21665d57c00980d28ccfc67a9d2fe7c7?pvs=21), Francesco Petrucco (https://www.notion.so/Francesco-Petrucco-23b65d57c00980f1b9c9fadeb07c17f1?pvs=21)",,2-SF,DB%20Companies/UPDATED_ICOP.pdf,,,Imprese Vincenti,,Friuli-Venezia Giulia,,"Giacomo Petrucco,Francesco Petrucco",,,,,https://www.icop.it/,
"Galdi ",,,,INTESA-2,,galdi,,Provides filling and packaging solutions for liquid food products in multi-layer containers. Specializes in food and beverage packaging technology.,No,,"Antonella Candiotto,Jacopo Etro",1985,,,Food & Beverage Equipment,"August 29, 2025 7:10 PM",,,DB%20Companies/new_logo.png,,00895490266,"Antonella Candiotto (https://www.notion.so/Antonella-Candiotto-21665d57c00980acb8d0fca6d0c4c544?pvs=21), Jacopo Etro (https://www.notion.so/Jacopo-Etro-23b65d57c009800e8befc00062e8eabe?pvs=21)",,2-SF,DB%20Companies/Galdi_Presentazione_INNOVIT_.pdf,,,Imprese Vincenti,,Veneto,,"Antonella Candiotto,Jacopo Etro",,,,,https://www.galdi.it,
Shopthelook,,VIA ENRICO MELEN 83,GENOVA,C14 - Fashiontech / Beautytech,,shopthelook,,"Shopthelook turns e-commerce into immersive 3D shopping journeys using VR/AR, AI avatars, and virtual try-on to boost engagement and conversion.",No,,Ottavia Pittaluga,2021,,,,"July 16, 2025 2:58 PM",,,"DB%20Companies/6f9a34461a9a-Logo__text_SHOPTHELOOK_2020_black.png, DB%20Companies/1bf5e4a30642-LogoSHOPTHELOOKwhite.ico",DB%20Companies/Shopthelook_-_One_Pager.pdf,2733760991,Ottavia Pittaluga (https://www.notion.so/Ottavia-Pittaluga-19865d57c00980159213dbc20e81b217?pvs=21),,2-SF,DB%20Companies/Pich_deck_-_Shopthelook.pdf,,,SMEs Traction,GE,Liguria,,Ottavia Pittaluga,https://www.linkedin.com/in/ottavia-pittaluga,,,,https://b2b.shopthelook.it,16152
TA-DAAN,,VIA GIUSEPPE VIGONI 10,MILANO,C14 - Fashiontech / Beautytech,,ta-daan,,"TA-DAAN is the first content-commerce platform curating high-quality artisanal goods for Europe and the U.S., blending storytelling and shopping for modern conscious consumers.",No,,Sara Pianori,2020,,,,"July 19, 2025 11:15 AM",,,"DB%20Companies/5b8e4922f222-Logo_TA_DAAN_quadrato.png, DB%20Companies/27ff66bb97f2-Logo_TA_DAAN_bianco.png",DB%20Companies/ONE_PAGER_-_TA-DAAN.pdf,11093300967,Sara Pianori (https://www.notion.so/Sara-Pianori-21d65d57c00980919637ea9ae0c1c234?pvs=21),,2-SF,DB%20Companies/TA-DAAN_PITCH_Innovit.pdf,,,SMEs Traction,MI,Lombardy,,Sara Pianori,https://www.linkedin.com/in/sara-pianori/,,,,https://ta-daan.com,20122
Glam You Up SRL,,"VIA GIOVANNI PORZIO, 4/G2",NAPOLI,C14 - Fashiontech / Beautytech,,glamyouupsrl,,"Glam You Up cuts fashion e-commerce return rates with AI-powered selfie sizing, offering shoppers perfectly tailored outfit suggestions via a SaaS plugin.",No,,Lisa Laterza,2024,,,,"July 21, 2025 6:46 PM",,,DB%20Companies/c5bb95fce2af-logo1.png,DB%20Companies/One_Pager_-_Glam_You_Up.pdf,10535331218,Lisa Laterza (https://www.notion.so/Lisa-Laterza-21d65d57c009806c9835c4e934746cf3?pvs=21),,2-SF,"DB%20Companies/draft1InnovitLisa2.pptx, DB%20Companies/draft1InnovitLisa2.pdf",,,SMEs Traction,NA,Campania,,Lisa Laterza,https://www.linkedin.com/in/lisa-laterza-34180749,,,,https://glamyouup.net,80100
OASI SOCIETA' BENEFIT SRL,,VIA VISCONTI DI MODRONE UBERTO 11,MILANO,C14 - Fashiontech / Beautytech,,oasisocieta'benefitsrl,,OASI revolutionizes fashion prototyping with AI and 3D tools that streamline body fitting and asset creation for brands from luxury to mass-market.,No,,"Sharon Alario,Michele Maiello",2023,,,,"July 21, 2025 3:01 PM",,,"DB%20Companies/cd8f2d93c521-white_logo_OASI.png, DB%20Companies/1f5b9e86e36b-OASI_logo.png",DB%20Companies/ONE_PAGER_-_OASI.pdf,IT13221960969,"Sharon Alario (https://www.notion.so/Sharon-Alario-21d65d57c009800db504c24240fdb593?pvs=21), Michele Maiello (https://www.notion.so/Michele-Maiello-21d65d57c0098054b7c5f7ed5e83f176?pvs=21)",,2-SF,"DB%20Companies/Pitch_OASI_SF.mov, DB%20Companies/Pitch_OASI_SF.pdf",,,SMEs Traction,MI,Lombardy,,"Sharon Alario,Michele Maiello","https://www.linkedin.com/in/sharon-alario-b08415150?utm_source=share&utm_campaign=share_via&utm_content=profile&utm_medium=android_app,https://www.linkedin.com/in/michele-maiello-9736102a2?utm_source=share&utm_campaign=share_via&utm_content=profile&utm_medium=android_app",,,,https://www.oasisb.it,20125
Particular Materials,,VIA BRAGNI 93/F,CADONEGHE,C14 - Fashiontech / Beautytech,,particularmaterials,,"Particular Materials' Elementag tech embeds invisible nanoparticle DNA in products, making them traceable, secure, and counterfeit-proof.",No,,Francesco Zanin,2017,,,,"July 21, 2025 9:02 AM",,,DB%20Companies/b86bbfb3ed03-RGB__ELEMENTAG_logo_orizzontale_colore.png,DB%20Companies/ONE_PAGER_-_Particular_Materials.docx,05079280284,Francesco Zanin (https://www.notion.so/Francesco-Zanin-21d65d57c00980a098d6e9a5c040ee84?pvs=21),,2-SF,DB%20Companies/Elementag_-_Inorganic_DNA.pdf,,,SMEs Traction,PD,Veneto,,Francesco Zanin,https://www.linkedin.com/in/francesco-zanin,,,,https://www.elementag.it/,35010
Natural You srl,,VIA BORGO SAN DOMENICO 134,ISOLA DEL LIRI,C14 - Fashiontech / Beautytech,,naturalyousrl,,Natural You blends AI diagnostics and Italian-made wellness products to deliver personalized beauty and nutrition recommendations through its Beauty on Home platform.,No,,"Grazia Savoriti,Matteo Cecchini",2020,,,,"July 21, 2025 6:44 PM",,,"DB%20Companies/2a48e4e1d332-new_logo_ny.png, DB%20Companies/b90acafb1850-new_logo_no_background_ny.png",DB%20Companies/ONE_PAGER_-_Natural_You.docx,IT03122650603,"Grazia Savoriti (https://www.notion.so/Grazia-Savoriti-21d65d57c00980eb938ad8e335875f84?pvs=21), Matteo Cecchini (https://www.notion.so/Matteo-Cecchini-21d65d57c00980e2af7ae69217cc1b8e?pvs=21)",,2-SF,DB%20Companies/PITCH_BOH_NATURAL_YOU.pdf,,,SMEs Traction,FR,Latium,,"Grazia Savoriti,Matteo Cecchini","https://it.linkedin.com/in/grazia-savoriti-646a55110,https://www.linkedin.com/in/matteo-cecchini-6132b8126/",,,,https://www.naturalyou.it,03036
Twini,,VIA PIETRO PALEOCAPA 7,MILANO,C14 - Fashiontech / Beautytech,,twini,,"Twini turns Shopify stores into dynamic, personalized shopping experiences with its AI-powered chat interface, boosting sales and slashing return rates.",No,,Davide Roli,2024,,,,"July 16, 2025 3:02 PM",,,"DB%20Companies/ba73fb97e49b-Type_Icon__Color_White__Background_No_2x.png, DB%20Companies/936840203a49-Twini_Logo_Icon.png",DB%20Companies/ONE_PAGER_-_Twini.docx,13697330960,Davide Roli (https://www.notion.so/Davide-Roli-21d65d57c0098008accee7064fb6a1f4?pvs=21),,2-SF,DB%20Companies/Twini_Pitch_Deck.pdf,,,SMEs Traction,MI,Lombardy,,Davide Roli,https://www.linkedin.com/in/davideroli/,,,,https://www.twini.ai/,20121
While True srl,,VIA COMONTE 15,SERIATE,C14 - Fashiontech / Beautytech,,whiletruesrl,,"While True pioneers chemical recycling of polyester from mixed textile waste, producing virgin-quality PET while enabling circularity in fashion and packaging.",No,,"Paolo Innocenti,Lorenzo Brivio",2021,,,,"July 16, 2025 3:02 PM",,,"DB%20Companies/6b77007c235b-logo_PETER_dark.png, DB%20Companies/b16e960d9b87-logo_PETER_light.png",DB%20Companies/ONE_PAGER_-_While_True.docx,4496100167,"Paolo Innocenti (https://www.notion.so/Paolo-Innocenti-21d65d57c00980848e60e7dab2fc72cc?pvs=21), Lorenzo Brivio (https://www.notion.so/Lorenzo-Brivio-21d65d57c009801db917d03588033207?pvs=21)",,2-SF,DB%20Companies/PETER_deck_en_fashion_2025Q2.pdf,,,SMEs Traction,BG,Lombardy,,"Paolo Innocenti,Lorenzo Brivio","https://www.linkedin.com/in/paolo-innocenti-788a49319/,https://www.linkedin.com/in/lorenzo-brivio-15a223190/",,,,https://www.whiletrue.eco,24068
Italian Lifestyle srl,,VIALE LOMBARDIA 9,MILANO,C14 - Fashiontech / Beautytech,,italianlifestylesrl,," Italian Lifestyle offers clinically proven, 98% natural skincare solutions that treat autoimmune skin conditions and aging, with traction in Europe and China.",No,,"Francesco Arculeo,Sara Nicoletti Conca",2017,,,,"July 16, 2025 3:09 PM",,,"DB%20Companies/4ce2771c12e5-LOGO_APULIAN_RETREAT.png, DB%20Companies/382bbe36d87b-LOGO_.png",DB%20Companies/ONE_PAGER_-_Italian_Lifestyle_(Lagalene).pdf,10068080968,"Francesco Arculeo (https://www.notion.so/Francesco-Arculeo-21d65d57c009805a98e2cf4ab99394a9?pvs=21), Sara Nicoletti Conca (https://www.notion.so/Sara-Nicoletti-Conca-21d65d57c009800490d2dd834879c51b?pvs=21)",,2-SF,DB%20Companies/PITCH_-_Italian_Lifestyle_(Lagalene).pdf,,,SMEs Traction,MI,Lombardy,,"Francesco Arculeo,Sara Nicoletti Conca","https://www.linkedin.com/in/francescoarculeo/,https://www.linkedin.com/in/sara-nicoletti-conca-2b4469184/",,,,https://lagalene.com,20131
Tender,,VIA MARGUTTA 83,ROMA,C14 - Fashiontech / Beautytech,,tender,,Tender redefines premium delivery by extending the in-store luxury brand experience all the way to your doorstep.,No,,"Filippo Maria Capitanio,Manuela Genovesi",2020,,,,"July 19, 2025 11:15 AM",,,"DB%20Companies/b0823b0aa5f3-Tender_logo_nero_trasparente.png, DB%20Companies/726ba3292b09-Tender_logo_bianco_trasparente.png",DB%20Companies/ONE_PAGER_-_Tender.pdf,14397331001,"Filippo Maria Capitanio (https://www.notion.so/Filippo-Maria-Capitanio-21d65d57c00980e98ad8df5d0f0f49d0?pvs=21), Manuela Genovesi (https://www.notion.so/Manuela-Genovesi-21d65d57c0098017bc0fed7eec5dca83?pvs=21)",,2-SF,DB%20Companies/TENDER_PitchDeck_Innovit.pdf,,,SMEs Traction,RM,Latium,,"Filippo Maria Capitanio,Manuela Genovesi","https://www.linkedin.com/in/filippomariacapitanio/,https://www.linkedin.com/in/manuela-genovesi-40922b140/",,,,https://tndr.delivery/,00187
COD Milano srlf,,VIA SAN MINIATO 10,MILANO,C14 - Fashiontech / Beautytech,,codmilanosrlf,,"COD is an online long-term rental shirt service that includes cleaning, ironing, and home delivery services. It is dedicated to people who use shirts daily and would like to avoid the stress and the wasted time to manage this expensive and polluting activity.Our customers have at their disposal a set of shirts for exclusive use and maintenance services. Thanks to that, the release of about 240 kg of Co2 per year into the environment is avoided. Currently, we have 3000 active users.",No,,"Alessandro Ghezzi,Giacomo Ghezzi",2019,,,,"March 18, 2026 6:28 PM",,,"DB%20Companies/CamiciaOnDemand.jpg, DB%20Companies/download.jpeg",DB%20Companies/ONE_PAGER_-_Camicia_On_Demand.pdf,10695670967,"Alessandro Ghezzi (https://www.notion.so/Alessandro-Ghezzi-21d65d57c00980bdaaacf83b11a26763?pvs=21), Giacomo Ghezzi (https://www.notion.so/Giacomo-Ghezzi-21d65d57c00980238335f1f8298d4546?pvs=21)",,2-SF,DB%20Companies/PITCH_-_Camicia_On_Demand.pdf,,,SMEs Traction,MI,Lombardy,,"Alessandro Ghezzi,Giacomo Ghezzi","https://www.linkedin.com/in/alessandro-ghezzi/,https://www.linkedin.com/company/shirt-on-demand/",,,,https://english.camiciaondemand.it,20162
Teticum.com,,VIA G. ROSSINI 5,FIRENZE,C14 - Fashiontech / Beautytech,,teticum.com,,Teticum brings the human touch to online shopping with AI virtual sales assistants that guide users and surface insights from their buying behavior.,No,,Pio Scielzo,2025,,,,"July 16, 2025 3:10 PM",,,"DB%20Companies/294cb390acb5-Group_10_3x.png, DB%20Companies/cfb103c2bea1-Group_13_3x.png",DB%20Companies/ONE_PAGER_-_Teticum.pdf,7442610486,Pio Scielzo (https://www.notion.so/Pio-Scielzo-21d65d57c00980708f9be4484a28d230?pvs=21),,2-SF,DB%20Companies/PITCH_-_Teticum.pdf,,,SMEs Traction,FI,Tuscany,,Pio Scielzo,https://www.linkedin.com/in/pio-scielzo-90ab91224/,,,,https://teticum.com,50144
The PAAC,,VIALE CARLO III DI BORBONE 8,CASERTA,C14 - Fashiontech / Beautytech,,thepaac,,"The PAAC empowers brands to launch circular fashion models like rental and resale with modular, tech-driven full-service support.",No,,"Alessandro Franzese,Ersilia Scarpato",2020,,,,"March 18, 2026 6:28 PM",,,"DB%20Companies/6c36e5392fcd-ThePaac512.png, DB%20Companies/f942e63b5b74-The_PAAC.png",DB%20Companies/ONE_PAGER_-_The_PAAC.pdf,04519540613,"Alessandro Franzese (https://www.notion.so/Alessandro-Franzese-21d65d57c00980d1a6c4f4b157ca762b?pvs=21), Ersilia Scarpato (https://www.notion.so/Ersilia-Scarpato-21d65d57c009807f800bce8197d9c425?pvs=21)",,2-SF,DB%20Companies/The_PAAC_-_Seed_Round.pdf,,,SMEs Traction,NA,Campania,,"Alessandro Franzese,Ersilia Scarpato","https://linkedin.com/in/AlessandroFranzese,https://linkedin.com/ersilia.scarpato",,,,https://www.pac-fls.com/,81100
YU.SH srl,,,,C14 - Fashiontech / Beautytech,,yu.shsrl,,http://yu.sh/ fuses fashion and wellness with handcrafted Italian heels that use AI electrostimulation to reduce pain and boost circulation.,No,,,,,,,"June 23, 2025 2:55 PM",,,,,,,,2-No SF,,,,SMEs Traction,,,,,,,,,https://www.yush.it/,
Revivo S.r.l. Società Benefit,,VIA POPOLI UNITI 7,MILANO,C14 - Fashiontech / Beautytech,,revivos.r.l.societàbenefit,,Revivo helps brands scale repair services with a white-label logistics and tech platform that simplifies sustainable aftercare.,No,,"Matteo Merletti,Daniele Minnicucci",2025,,,,"July 16, 2025 2:59 PM",,,"DB%20Companies/3944c20205ae-Revivo_Black.png, DB%20Companies/4e8228c2167b-Revivo_White.png",DB%20Companies/ONE_PAGER_-_REVIVO.pdf,14219670966,"Matteo Merletti (https://www.notion.so/Matteo-Merletti-21d65d57c00980a0bbe8f7db00e96310?pvs=21), Daniele Minnicucci (https://www.notion.so/Daniele-Minnicucci-21d65d57c009808c9811ebc1f08de6d3?pvs=21)",,2-SF,DB%20Companies/Revivo_pitch_INNOVIT.pdf,,,SMEs Traction,MI,Lombardy,,"Matteo Merletti,Daniele Minnicucci","https://www.linkedin.com/in/matteo-merletti-504328104/,https://www.linkedin.com/in/daniele-minnicucci-042ba514a/",,,,https://www.revivorepair.com,20125
Searcode,,VIALE MAGNA GRECIA 57,CATANZARO,C14 - Fashiontech / Beautytech,,searcode,,"Searcode creates smart, app-controlled accessories that change design in real-time, reducing fashion waste and encouraging creative self-expression.",No,,"Rizieri Mele,Amalia Mihaela Ravac",2019,,,,"July 16, 2025 3:04 PM",,,"DB%20Companies/f5e74ec3dab0-Logo_Coverride__1_.png, DB%20Companies/429349aba98d-Logo_Coverride.png",DB%20Companies/ONE_PAGER_-_Coverride.docx,IT03723130799,"Rizieri Mele (https://www.notion.so/Rizieri-Mele-21d65d57c00980d394aecdf0c24185d8?pvs=21), Amalia Mihaela Ravac (https://www.notion.so/Amalia-Mihaela-Ravac-21d65d57c00980ea9b73c5784ac88502?pvs=21)",,2-SF,DB%20Companies/INNOVIT_-_Coverride_Deck_US_-_Executive_Q3_-_Final.pptx,,,Startup Acceleration,CZ,Calabria,,"Rizieri Mele,Amalia Mihaela Ravac","https://www.linkedin.com/in/rizieri-mele-76910a6b/,https://www.linkedin.com/in/amalia-ravac-1aab65236/",,,,https://www.coverride.com,88100
LOOKALIKE SRL,,,,C14 - Fashiontech / Beautytech,,lookalikesrl,,"Lookalike transforms text into shoppable images using advanced AI, solving e-commerce search abandonment with a visual, conversational assistant.",No,,,2021,,,,"June 25, 2025 9:49 AM",,,,,11814320963,,,2-No SF,,,,Startup Acceleration,,Lombardy,,,,,,,https://company.lookalike.shop/en/,
J4ENERGY (J4 Srl),,VIA L. CONFIGLIACHI 41/A,ABANO TERME,C14 - Fashiontech / Beautytech,,j4energy(j4srl),,"J4energy simplifies Scope 3 emissions management for fashion with its Decarb Co-Pilot, turning complex supplier data into actionable ESG insights.",No,,"Francesco Fogari,Enrico Cimador",2018,,,,"July 21, 2025 6:44 PM",,,"DB%20Companies/7381d039025f-j4_white_logo.png, DB%20Companies/53ff1325d934-j4_blue_logo.png",DB%20Companies/Innovit_OnePager_j4energy_Draft.docx,5142430288,"Francesco Fogari (https://www.notion.so/Francesco-Fogari-21d65d57c00980d8bfb7c75dca385482?pvs=21), Enrico Cimador (https://www.notion.so/Enrico-Cimador-23965d57c009804bbde3deb266aab7bf?pvs=21)",,2-SF,DB%20Companies/J4ENERGY_INNOVIT2025.pdf,,,Startup Acceleration,PD,Veneto,,"Francesco Fogari,Enrico Cimador",https://www.linkedin.com/in/francescofogari/,,,,https://www.j4.energy/decarb-co-pilot/,35031
The Italian pharmacy cosmetics,,VIA DELL OSSERVANZA 58,BOLOGNA,C14 - Fashiontech / Beautytech,,theitalianpharmacycosmetics,,The Italian Pharmacy crafts carrot oil-based skincare formulated by a pharmacist to gently care for sensitive skin with clinically registered products.,No,,Elena Bellavitis,2023,,,,"July 16, 2025 3:07 PM",,,"DB%20Companies/8315379157ed-1f0f1d13_6e27_4e6f_924d_d3920c500709.jpeg, DB%20Companies/9c293c15dcc5-1f0f1d13_6e27_4e6f_924d_d3920c500709.jpeg",DB%20Companies/ONE_PAGER_-_The_Italian_Pharmacy_Cosmetics_SRLS.docx,04141021206,Elena Bellavitis (https://www.notion.so/Elena-Bellavitis-21d65d57c00980d3be72e56dda7e236c?pvs=21),,2-SF,DB%20Companies/Official_NEW_PITCH_INNOVIT_.pdf,,,Startup Acceleration,BO,Emilia-Romagna,,Elena Bellavitis,https://www.linkedin.com/in/elena-bellavitis-7504929b?utm_source=share&utm_campaign=share_via&utm_content=profile&utm_medium=ios_app,,,"€20,000.00",https://theitalianpharmacyskincare.com/,40156
prysm (Customix),,VIA SPERANZA 35,SAN LAZZARO DI SAVENA,C14 - Fashiontech / Beautytech,,prysm(customix),,"Prysm connects physical products to digital experiences through QR/NFC, turning every item into a smart, data-rich engagement and sales channel.",No,,"Riccardo Cook,Marco Bisato",2022,,,,"July 18, 2025 6:04 PM",,,"DB%20Companies/08007988f70b-WHITE_prsm_productfirst.png, DB%20Companies/b1cd57d497ce-BLACK_prsm_productfirst_58812855_.png",DB%20Companies/ONE_PAGER_-_PRYSM.pdf,IT03927581201,"Riccardo Cook (https://www.notion.so/Riccardo-Cook-1c865d57c00980ce836aede29f4c1ce3?pvs=21), Marco Bisato (https://www.notion.so/Marco-Bisato-21d65d57c0098072b03eddaa8ffcbb92?pvs=21)",,2-SF,DB%20Companies/PRYSM_Deck_-July2025.pdf,,,Startup Acceleration,BO,Emilia-Romagna,,"Riccardo Cook,Marco Bisato","https://www.linkedin.com/in/riccardo-cook/,https://www.linkedin.com/in/marco-bisato/",,,,https://prysm-id.com/,40068
QX s.r.l,,"VIALE MICHELANGIOLO, 5",FIRENZE,C14 - Fashiontech / Beautytech,,qxs.r.l,,"QX provides Blockchain-as-a-Service to power transparency, trust, and data security for brands and smart cities alike.",No,,Zoran Nasteki,2025,,,,"July 22, 2025 1:41 PM",,,"DB%20Companies/783a59964f7f-QX_512.png, DB%20Companies/b0b73a43384a-QX_W.png",DB%20Companies/ONE_PAGER_-_QX.pdf,07426990482,Zoran Nasteki (https://www.notion.so/Zoran-Nasteki-21d65d57c00980808761e6930cfeba33?pvs=21),,2-SF,DB%20Companies/QX_-_Pitch_Deck.pdf,,,Startup Acceleration,FI,Tuscany,,Zoran Nasteki,https://linkedin.con/in/zokifu,,,,https://qx.ventures,50100
Fashion For Biodiversity SRL,,"VIALE MICHELANGIOLO, 5",FIRENZE,C14 - Fashiontech / Beautytech,,fashionforbiodiversitysrl,,Fashion For Biodiversity uses satellite data and soil science to detect pollution and enable real-time environmental compliance in global fashion supply chains.,No,,"Chandra Prakash Jha,Dr Prakash Kumar Jha",2024,,,,"July 22, 2025 1:43 PM",,,"DB%20Companies/aa19f00b02d2-01_FFBLogo_MAIN.png, DB%20Companies/c21b8287e56f-FFB_Logo_White_Negative.png",DB%20Companies/Fashion_for_Biodiversity-_ONE_PAGER.pdf,07403880482,"Chandra Prakash Jha (https://www.notion.so/Chandra-Prakash-Jha-21d65d57c0098057bfcff73b1bf5c212?pvs=21), Dr Prakash Kumar Jha (https://www.notion.so/Dr-Prakash-Kumar-Jha-21d65d57c009805a8b5ed995e1dc62fb?pvs=21)",,2-SF,DB%20Companies/FFB_SRL_GBR_Presentation_0725_SanFran.pdf,,,Startup Acceleration,FI,Tuscany,,"Chandra Prakash Jha,Dr Prakash Kumar Jha","https://www.linkedin.com/in/chandra-prakash-jha-20051660/,https://www.linkedin.com/in/pjhamsu/",,,,https://www.fashionforbiodiversity.com,50100
soulShape S.R.L.s. S.B.,,VIA MARTIRI DELLA LIBERTÀ 7,ARCEVIA,C14 - Fashiontech / Beautytech,,soulshapes.r.l.s.s.b.,,"soulShape protects IP in collaborative 3D design using blockchain, empowering digital creators to co-own and manage design rights securely.",No,,Pierpaolo Ceciliani,2020,,,,"July 19, 2025 9:57 AM",,,DB%20Companies/57b8b4005e3f-IMG_3036.jpeg,DB%20Companies/ONE_PAGER_-_soulShap.pdf,2856080425,Pierpaolo Ceciliani (https://www.notion.so/Pierpaolo-Ceciliani-21d65d57c00980be916bcaf7a811bf77?pvs=21),,2-SF,DB%20Companies/Copia_di_soulShape_pitch_YC_style.pdf,,,Startup Acceleration,AN,The Marches,,Pierpaolo Ceciliani,https://it.linkedin.com/in/pierpaolo-ceciliani-mba-global-23372818,,,,https://www.f6s.com/company/soulshape,60100
DRESS UP,,VIALE PREMUDA 46,MILANO,C14 - Fashiontech / Beautytech,,dressup,,Dress Up is a peer-to-peer fashion rental app tackling waste and overconsumption by letting users rent and earn from their wardrobes.,No,,"Nicolò Clericò,Xavier Mas Leszkiewicz",2023,,,,"July 19, 2025 9:55 AM",,,"DB%20Companies/cb77d8c436ba-Dress_Up_logo.png, DB%20Companies/75f777ef34b5-Logo_Dress_Up__White_.png",DB%20Companies/Dress_up_ONE_PAGER_-_Template.pdf,13078490961,"Nicolò Clericò (https://www.notion.so/Nicol-Cleric-21d65d57c00980dda649cdf294061e4d?pvs=21), Xavier Mas Leszkiewicz (https://www.notion.so/Xavier-Mas-Leszkiewicz-21d65d57c00980aaacc0ecf44fb316c3?pvs=21)",,2-SF,DB%20Companies/DRESS_UP_PITCH_SAN_FRANCISCO.pdf,,,Startup Acceleration,MI,Lombardy,,"Nicolò Clericò,Xavier Mas Leszkiewicz","https://www.linkedin.com/in/nicoloclerico888/,https://www.linkedin.com/in/xavier-mas-leszkiewicz/",,,,https://app.dressupstore.it,20129
Damo Srl,,VIA FORLEO 45,LATIANO,C14 - Fashiontech / Beautytech,,damosrl,,DAMō.Studio is a SaaS platform that helps fashion designers and suppliers meet EU sustainability rules while sourcing certified eco-materials.,No,,Lorenzo Tagliapietra,2023,,,,"July 16, 2025 2:50 PM",,,DB%20Companies/damo_logo.png,DB%20Companies/ONE_PAGER_-_DAMO.docx.pdf,2724860743,Lorenzo Tagliapietra (https://www.notion.so/Lorenzo-Tagliapietra-21d65d57c0098080a7efca4c5e5ed945?pvs=21),,2-SF,DB%20Companies/Pitch_-_Damo.pdf,,,Startup Acceleration,BR,Apulia,,Lorenzo Tagliapietra,https://www.linkedin.com/in/lorenzo-tagliapietra,,,,https://damo.studio,72022
Esprit de Vie,,,MILANO,C14 - Fashiontech / Beautytech,,espritdevie,,"Esprit de Vie crafts luxury scents inspired by iconic locales and rituals, infusing hospitality spaces with unique, sensorial identities.",No,,Esther Nigro,2025,,,,"July 18, 2025 11:05 AM",,,"DB%20Companies/19a5792c39f2-Esprit_de_Vie_Logo.png, DB%20Companies/1602b50d35aa-Esprit_de_Vie_Logo.png",DB%20Companies/ONE_PAGER_-_Espirit_de_Vie.docx,NGRSHR93D65D122Q,Esther Nigro (https://www.notion.so/Esther-Nigro-21d65d57c009801497fbe54d8b2d78f7?pvs=21),,2-SF,DB%20Companies/Pitch_-_Espirit_de_Vie.pdf,,,Startup Acceleration,MI,Lombardy,,Esther Nigro,https://www.linkedin.com/in/esther-nigro-ba0ab813b/,,,,https://launch.espritdevieparesthernigro.com/,20100
Caprice Bespoke S.r.l.,,VIA GARIBALDI 54/B,CAMPOBASSO,C14 - Fashiontech / Beautytech,,capricebespokes.r.l.,,"Caprice Bespoke is a luxury marketplace blending ready-to-wear, made-to-order and resale. We connect global customers with niche luxury brands and provide retailers with advanced digital solutions. By merging craftsmanship with technology, we create a circular, efficient and modern fashion ecosystem. Revenue comes from direct sales, B2C/B2B fees and platform licensing. We are scaling globally, onboarding brands, refining our technology and launching our first stores to redefine luxury e-commerce",No,,Amedeo Scarano,2021,,,,"July 21, 2025 6:39 PM",,,"DB%20Companies/f898f2b2e8a4-Caprice_bespoke_extended_WHITE.png, DB%20Companies/5fe5e6b80dca-Caprice_bespoke_extended_BLACK.png",DB%20Companies/ONE_PAGER_-_Alexandrite_Lighting.docx,1866020702,Amedeo Scarano (https://www.notion.so/Amedeo-Scarano-21d65d57c00980dabfdbd468738e2329?pvs=21),,2-SF,DB%20Companies/Caprice_Bespoke_-_Pitch_Deck-compressed.pdf,,,Startup Acceleration,CB,Molise,,Amedeo Scarano,https://www.linkedin.com/in/amedeoscarano,,,,https://www.capricebespoke.com,86100
iHeel,,VIA FILIPPO SMALDONE 71,ROMA,C14 - Fashiontech / Beautytech,,iheel,,"iHeel revolutionizes women’s footwear with the world’s first height-adjustable heel, offering patented comfort with the click of a button.",No,,"Veronica Crisafulli,Alessandro Filosa",2020,,,,"March 18, 2026 6:28 PM",,,"DB%20Companies/a58f19357d0c-logo_iHEEL_pieno.png, DB%20Companies/b5eac2e259bf-logo_iHEEL_pieno_removebg_preview.png",DB%20Companies/ONE_PAGER_-_iHeel.docx,15834831008,"Veronica Crisafulli (https://www.notion.so/Veronica-Crisafulli-21d65d57c00980878e0cfcf2a0bedab2?pvs=21), Alessandro Filosa (https://www.notion.so/Alessandro-Filosa-21d65d57c00980258e40e6341456367e?pvs=21)",,2-SF,https://www.canva.com/design/DAGrrUyisb8/ZdFDHNWeSF5PacXI0DZGrQ/view?utm_content=DAGrrUyisb8&utm_campaign=designshare&utm_medium=link2&utm_source=uniquelinks&utlId=ha30fcf7e2b,,,Startup Acceleration,RM,Latium,,"Veronica Crisafulli,Alessandro Filosa","https://www.linkedin.com/in/veronica-crisafulli-03192012a/,https://www.linkedin.com/in/alessandro-filosa/",,,,https://www.iheel.it,00171
Alexandrite Lighting,,Via Carlo Viola 78,PONT-SAINT-MARTIN,C14 - Fashiontech / Beautytech,,alexandritelighting,,"Alexandrite Lighting is a smart design startup that transforms premium candles, wine & beer bottles into interactive, safe lighting experiences. We solve the problem of static, unsafe, and unsustainable lighting by merging real flame with smart LED features. Our target includes Gen Z, Millennials, and even children, along with wellness spaces, restaurants, and premium hospitality. We offer a patented multifunctional lamp and a cross-market e-commerce platform for curated candles and bottles.",No,,Alessandro Gioia,2024,,,,"March 18, 2026 6:28 PM",,,DB%20Companies/fb1e5e7dbabe-ChatGPT_Image_4_giu_2025__15_41_26.png,DB%20Companies/ONE_PAGER_-_Alexandrite_Lighting.docx,13836820962,Alessandro Gioia (https://www.notion.so/Alessandro-Gioia-21d65d57c00980c18ff9ddf7923437b7?pvs=21),,2-SF,DB%20Companies/Alexandrite_-_Pitch.pdf,,,Startup Acceleration,AO,Piedmont,,Alessandro Gioia,https://www.linkedin.com/in/alessandro-goia-951b58266,,,,https://www.alexandritelighting.com,11026
Filippo Trotta,,VIA FRANCESCO BARACCA 67,GRAVINA IN PUGLIA,C14 - Fashiontech / Beautytech,,filippotrotta,,"Is a startup developing an AI-powered chip that analyzes gait, posture, strength, and other biomechanical data. We help athletes and healthcare professionals monitor performance and prevent injuries. Our device combines advanced hardware with AI. We are building our first prototype with the University of Bari and a team of athletes.",No,,Filippo Trotta,2021,,,,"July 16, 2025 2:51 PM",,,"DB%20Companies/61edd7753455-logo_filippotrotta.png, DB%20Companies/d1135d7f0c7e-logo_filippotrotta.png",DB%20Companies/ONE_PAGER_-_Filippo_Trotta.docx,08685820725,Filippo Trotta (https://www.notion.so/Filippo-Trotta-21d65d57c00980f7958ef46928535c0a?pvs=21),,2-SF,DB%20Companies/Pitch_FT_Innovit_Black.pdf,,,SMEs Traction,BA,Apulia,,Filippo Trotta,https://www.linkedin.com/in/filippo-trotta-387465256/?utm_source=share&utm_campaign=share_via&utm_content=profile&utm_medium=ios_app,,,,https://www.filippotrotta.it,70024
DaLunedì,High tech adoption market with diet-related health issues,,,RT-3,,dalunedì,,AI platform matching patients with nutritionists for online diet consultations,No,,Gianluca Biancardi,,"200,000","210,000",Health Tech/AI,"July 24, 2025 1:18 AM",,,,,,Gianluca Biancardi (https://www.notion.so/Gianluca-Biancardi-23465d57c009803cbbcdf12ba1651553?pvs=21),,2-SF,"DB%20Companies/211236028873-Pitch_Deck___DaLunedi.pdf, DB%20Companies/71b09e820f28-Pitch_Deck___DaLunedi.pdf",,,Regione Toscana,,Tuscany,"No international presence yet, strong AI focus, B2C platform — looking for: Networking, Strategic Partnership",Gianluca Biancardi,,4,,"€210,000.00",https://www.dalunedi.it/,
SBAM SOCIAL SRL,"Social isolation emergency, strong mental well-being focus",,,RT-3,,sbamsocialsrl,,"Social app helping young people make friends through events and gamification. Sbam! is an early-stage startup focused on building a new social platform for GenZ.
Our product is already live, with +15,000 downloads and a 20% monthly active user rate.
The app enables young people to connect through AI-based matching, thematic groups, and real-life events helping reduce post-pandemic isolation and rebuild offline social lives.",No,,Matteo de Lorenzo,,€250K target,"30,000",Social Tech/AI,"July 24, 2025 1:23 AM",,,,,,Matteo de Lorenzo (https://www.notion.so/Matteo-de-Lorenzo-23465d57c00980ceb97cd4a487da7249?pvs=21),,2-SF,"DB%20Companies/5345d805bcad-EN_20.07.2025_Pitch_Deck_Sbam_.pdf, DB%20Companies/15126efdc6d6-EN_20.07.2025_Investor_Deck_Sbam_.pdf",,,Regione Toscana,,Tuscany,"Following the €250K funding round, we aim to achieve key milestones over the next 18 months.

Technically, we will integrate AI-based matching, launch VIP & PRO premium subscriptions, and release a full version of the Sbam! Ads portal with analytics and campaign tracking.

On the growth side, we will scale user acquisition in 5-6 cities, reaching 25,000+ active users and onboarding at least 20 B2B advertisers.

We plan to decrease CAC further below €2.50 per user and improve LTV/CAC ratio above 3×.
Operationally, we’ll expand the core team (tech + marketing) and activate the reseller network through the Sbam! Ads Partner Program.

By the end of the runway, we target monthly recurring revenue (MRR) from both B2C and B2B, validating the scalability of our dual business model and preparing for a larger crowdfunding or seed round.",Matteo de Lorenzo,,3,,"€30,000.00",https://sbam.social/,
EYE-TECH SRL,Professional and consumer cameras in industrial/automotive,,,RT-3,,eye-techsrl,,"Smart vision sensors that adapt to lighting for autonomous vehicles. The company is in an advanced development stage, having successfully prototyped two proprietary sensors and currently designing a third sensor targeted for preproduction release in Q1 2026. The focus is on high-performance sensing technologies with strong application potential in automotive, defense and adjacent sectors.",No,,"Corrado Songini ",,10M,"1,300,000",Semiconductors/Vision,"July 24, 2025 1:19 AM",,,,,,Corrado Songini  (https://www.notion.so/Corrado-Songini-23465d57c0098002bda9d78ee7a9e7d6?pvs=21),,2-SF,DB%20Companies/ee879a13fc25-EYE_TECH_Pitch_.pdf,,,Regione Toscana,,Tuscany,"Following the capital raise, the company will focus on accelerating both technical and commercial development. A key technical objective is to validate the production prototype by 2026 and bring the third-generation sensor to production grade by 2027, advancing from TRL 7 to full industrial readiness.

On the commercial side, the goal is to scale existing aerospace and defense contracts establishing long-term revenue streams. In parallel, the company aims to secure a strategic partnership with a Tier 1 automotive supplier to expand into the mobility sector.

Key performance indicators include achieving TRL 9 for the new sensor by Q4 2027, signing at least one new multi-year production contract in defense or aerospace by Q4 2026, and formalizing one Tier 1 automotive collaboration by the end of 2026. These milestones will position the company for sustained growth across multiple high-value verticals.","Corrado Songini ",,11,,"€1,300,000.00",https://www.eye2drive.com/,
TRIBYOU - YOUR PLACES,Global leader in remote work and corporate welfare,,,RT-3,,tribyou-yourplaces,,Corporate travel platform for managing company retreats and business trips,No,,Luca Piras,,"300,000","200,000",Travel Tech/HR,"July 24, 2025 1:24 AM",,,,,,Luca Piras (https://www.notion.so/Luca-Piras-23465d57c00980309c89fbd6e03fbb67?pvs=21),,2-SF,"DB%20Companies/3afe9ab292cd-TribYou_YourPlaces_Inst.Inv_07.2025_TrustValley_Losanna__1_.pdf, DB%20Companies/8c60495544d8-TribYou_YourPlaces_Inst.Inv_07.2025__1_.pdf",,,Regione Toscana,,Tuscany,"Worldwide presence, HR tech focus, corporate clients —Within 12–18 months after raising capital, we aim to:

Close at least 2 major corporate contracts and onboard 20+ SMEs, targeting over €1M gross transaction volume.

Enhance platform features, including advanced analytics, loyalty programs, and B2B dashboards.

Expand into 3–5 new strategic destinations, increasing supplier base by 50%.

Strengthen our sales and account management team to support B2B growth.

Launch a targeted marketing campaign to position the brand as a leading provider of corporate retreats and incentive travel.

Improve operational efficiency and customer satisfaction, aiming for >85% retention rate among corporate clients.
We will track KPIs including transaction volume, client acquisition cost, supplier onboarding rate, and NPS, ensuring scalable and sustainable growth while maintaining high-quality service.",Luca Piras,,3,,"€200,000.00",https://www.tribyou.life/,
NEXTFLAG SRL,Digitally mature market with strong travel propensity,,,RT-3,,nextflagsrl,,"AI travel recommendations platform for discovering authentic city experiences. Our core product is a travel intelligence platform powered by a proprietary AI engine. While the engine is still in development, we’re using existing models to support early features and train our own.
We aim to combine the power of AI with the richness of social context, building a system where machine learning enhances discovery, while real people shape trust and taste. It’s a new layer for travel: one that learns, adapts, and connects users more meaningfully to the world.",No,,Gherardo Fagioli,,"850,000","120,000",Travel Tech/AI,"July 24, 2025 1:21 AM",,,,,,Gherardo Fagioli (https://www.notion.so/Gherardo-Fagioli-23465d57c00980a2a638de1364adb67d?pvs=21),,2-SF,"DB%20Companies/0f337fdf4e06-Pitch_Nextflag_No_Animations_ENG___10_slides_1_.pdf, DB%20Companies/5b0615d5f4aa-Pitch_Nextflag_Animations_ENG.pdf",,,Regione Toscana,,Tuscany,"International presence (France, Spain, UK, USA, Canada) — After the raise, our priority is to launch a stable version of the platform by Q3 2025, completing backend migration and integrating the core components of our proprietary AI engine. We’ll begin user acquisition efforts, aiming for 10,000 users within six months, primarily through university partnerships and organic growth channels. By Q4 2025, we plan to expand AI capabilities, introducing intent prediction and contextual personalization, while converting at least five LOIs into active university pilots. We also aim to formalize 5 strategic partnerships, including with the City of Florence on sustainable tourism initiatives.
Key product metrics include achieving a 25–30% activation rate, maintaining over 25% user retention at 30 days, and ensuring that more than 50% of users engage with AI-powered discovery features. These milestones will validate product-market fit and set the stage for sustainable user growth and strategic expansion.",Gherardo Fagioli,,4,,"€120,000.00",https://nextflag.app/,
Genius Loci srl (The thinking clouds),Museums and cultural institutions seeking digital transformation,,,RT-3,,geniuslocisrl(thethinkingclouds),,"Genius Property is our flagship proptech solution designed to transform digital real estate management for Italian properties. Currently in late-beta stage, the platform offers a fully functional product and lots of data are almost used by national and european corporates and banks. ",No,,Romeo Zitarosa,,€300K-1M target,0,Cultural Tech/AI,"July 24, 2025 1:19 AM",,,,,,Romeo Zitarosa (https://www.notion.so/Romeo-Zitarosa-23465d57c00980a8a747fb6692488763?pvs=21),,2-SF,DB%20Companies/17569dd575d7-Genius_Property___Pitch.pdf,,,Regione Toscana,,Tuscany,"Expand the market in other European Countries, enroll a senior CTO and 4 senior dev, 1 UX designer. New office in Milan.",Romeo Zitarosa,,8,,€0.00,https://geniusloci.tech/,
Wearevolution,,"VIA VITTORIO EMANUELE SECONDO 117 ",FIRENZE,C14 - Fashiontech / Beautytech,,wearevolution,,"Wearevolution has developed a wearable technology designed to enhance well-being in the digital age by protecting the body from high-frequency electromagnetic waves.Wearevolution is the first company to integrate a sophisticated EMF-transforming device directly into clothing to ensure full-body protection and maximum effectiveness.We developed garments with a special conductive fiber to spread the signal of our device to the organs mostly affected, improving physical and cognitive performance.",No,,Olivia Gazzarini,2021,,,,"September 16, 2025 11:26 AM",,,DB%20Companies/Logo_Wearevolution_scritta.png,DB%20Companies/Wearevolution_-ONE_PAGER.docx,07081360484,Olivia Gazzarini (https://www.notion.so/Olivia-Gazzarini-22265d57c009809fb0b5e201bde9549b?pvs=21),,2-SF,DB%20Companies/Pitch_Wearerevolution.pdf,,,SMEs Traction,FI,Tuscany,,Olivia Gazzarini,https://www.linkedin.com/in/olivia-gazzarrini-184a422a/?otpToken=MTMwNTFhZTAxYjI2Y2RjNmI0MjQwNGVkNDMxZWVmYjA4Y2NlZDM0NjljYWI4ZjYxNzVjZTA0NmI0NjVlNTlmNWYxZGZhZjhhMTJmN2MzZGY3YzliNWQ2YTA3MjljMjVlMDdhNTg4ZDFkNTA1NTQ1NjQ0M2UsMSwx&midSig=2leuVxhYYJgXQ1&eid=1pz6us-mcbqq3kf-wg&midToken=AQEl_a_j9FH-xQ&trkEmail=eml-jobs_jymbii_digest-header-0-profile_glimmer-null-1pz6us~mcbqq3kf~wg-null-null&trk=eml-jobs_jymbii_digest-header-0-profile_glimmer&originalSubdomain=it,,,,https://www.wearevolution.com,50134
,,,,INTESA-2,,,,,No,,,,,,,"September 2, 2025 3:18 AM",,,,,,,,2-SF,,,,,,,,,,,,,,
Agade,,,,CDP 2,,agade,,"Agade is an innovative start-up and spin-off of the Politecnico di Milano specialising in the development of intelligent exoskeletons to improve safety at work. Their flagship product, the Agadexo Shoulder, is designed to reduce the risk of shoulder muscle disorders during manual handling of loads in industry.
- Intelligent Assistance: With sensorised wristbands and AI algorithms, the exoskeleton automatically activates during load lifting, providing support only when needed.
- Efficient Hybrid Technology: semi-active actuators combining an elastic spring system with an electric motor, minimising energy consumption and improving comfort",No,,Lorenzo Aquilante,,,,"Hardware & Robotics, Robotics AND/OR Hardware AND/OR Advanced Materials","September 24, 2025 12:08 AM",,,DB%20Companies/Agadelogo.jpg,DB%20Companies/Agade.pdf,,Lorenzo Aquilante (https://www.notion.so/Lorenzo-Aquilante-27265d57c00980758668f306e067c298?pvs=21),,2-SF,DB%20Companies/Agade_deck.pdf,,,CDP 2,,,,Lorenzo Aquilante,https://www.linkedin.com/in/lorenzo-aquilante-108573b0/,,,,https://agade-exoskeletons.com,
Caracol ,,,,CDP 2,,caracol,,"Caracol has developed large-scale additive manufacturing solutions with proprietary extrusion technology using powder materials to reduce costs and produce components up to 20 meters. Caracol provides customers with turnkey AM production clusters, composed of industrial robots, extruders, and system control software. The extrusion technologies work with both thermoplastics (FDM, fused deposition method) and metals (WAAM, wired arc additive manufacturing). 
- Six-axis 3D printing for large components with 10x cost savings 
- Solution used for jigs and moldsfor Airbus wings 
- Opening of international offices in the USA and UAE ",No,,"Francesco de Stefano,Riccardo Nicastro,Josh Ellis",,,,Hardware & Robotics,"September 24, 2025 1:33 AM",,,DB%20Companies/Caracollogo.png,DB%20Companies/Caracol.pdf,,"Francesco de Stefano (https://www.notion.so/Francesco-de-Stefano-27265d57c00980ae97b9e9613f762904?pvs=21), Riccardo Nicastro (https://www.notion.so/Riccardo-Nicastro-27265d57c0098057b7d2e068354e5d0c?pvs=21), Josh Ellis (https://www.notion.so/Josh-Ellis-29965d57c009807e8a59ee5ceaa8e555?pvs=21)",,2-SF,,,,CDP 2,,,,"Francesco de Stefano,Riccardo Nicastro,Josh Ellis","https://www.linkedin.com/in/francesco-de-stefano-8b4b4497/,https://www.linkedin.com/in/riccardonicastro/",,,,https://caracol-am.com,
Neuronova,,,,CDP 2,,neuronova,,"Neuronova is an Italian deep-tech startup pioneering the development of specialized chips and hardware solutions for embedded artificial intelligence, with a strong emphasis on audio technologies. Its proprietary ultra-optimized microprocessors are designed to handle always-on tasks such as sound recognition, keyword spotting, noise reduction, beamforming, and other advanced signal-processing functions, all while consuming less than 50 µW across the entire chain from microphone to processor.

By combining high performance, extreme energy efficiency, and sustainable design, Neuronova empowers the next generation of smart devices, enabling them to be smaller, more autonomous, and eco-friendly. The company’s mission is to “do more with less”, positioning itself as a key enabler in the rapidly growing market of low-power edge AI solutions.",No,,"Alessandro Milozzi,Michele Mastella",,,,Hardware & Robotics,"September 24, 2025 1:33 AM",,,DB%20Companies/neuronova_lgoo.jpg,DB%20Companies/Neuronova.pdf,,"Alessandro Milozzi (https://www.notion.so/Alessandro-Milozzi-27265d57c009804fb35fd94d3685ebb0?pvs=21), Michele Mastella (https://www.notion.so/Michele-Mastella-28c65d57c009809ea6cdd72b132f952f?pvs=21)",,,,,,CDP 2,,,,"Alessandro Milozzi,Michele Mastella","https://www.linkedin.com/in/alessandromilozzi/,https://www.linkedin.com/in/michelemastella/",,,,https://www.neuronovatech.com,
Next Generation Robotics,,,,CDP 2,,nextgenerationrobotics,,"Next Generation Robotics (NGR) develops robotic maintenance solutions for rolling stock, integrating AI and computer vision into an autonomous platform. Unlike traditional methods, NGR’s system requires neither personnel nor inspection pits, enabling more efficient and cost-effective train undercarriage inspections.

Operating in a growing global market projected at €5.5Bn by 2030, NGR's technology is scalable, protected by patents, and validated through major industry agreements. The company has secured partnerships with DB Bahn, Trenitalia, and Alstom, with ongoing commercial expansion in China, India, Germany, the UK, and Italy.",No,,Massimiliano Gabardi,,,,Hardware & Robotics,"September 24, 2025 1:33 AM",,,DB%20Companies/ngrlogo.jpeg,DB%20Companies/NextGenRobotics.pdf,,Massimiliano Gabardi (https://www.notion.so/Massimiliano-Gabardi-27265d57c00980f2abfacaaec3b28d9b?pvs=21),,,,,,CDP 2,,,,Massimiliano Gabardi,https://www.linkedin.com/in/massimiliano-gabardi-682151145/,,,,https://nextgen-robotics.it,
,,,,,,,,,No,,,,,,,"September 19, 2025 9:54 PM",,,,,,,,,,,,,,,,,,,,,,
http://ganiga.ai/,,,,C15 - Hardware / Robotics / IOT / Smart Manufacturing,,ganiga.ai,,"Ganiga Innovation specializes in AI-driven robotics for smart waste management. Our solutions optimize waste sorting and recycling through advanced AI, GenAI, and blockchain-certified ESG analytics. We develop robotic systems for industrial and domestic use, enhancing sustainability and efficiency.",No,,Nicolas Lorenzo Zeoli,2021,,Between 1M and 5M,,"October 30, 2025 10:10 PM",https://www.linkedin.com/company/ganiga/,,DB%20Companies/Logo_Ganiga_bianco.png,,IT02420420503,Nicolas Lorenzo Zeoli (https://www.notion.so/Nicolas-Lorenzo-Zeoli-26d4c550fe8a409189a291110383b803?pvs=21),,2-No SF,https://api.typeform.com/responses/files/2202035f3041447f64a646c553fa45cd28fb79761ff49d7aa164c1b7c54acce5/investor_pitch_deck_fast__1_.pdf,,,SMEs Traction,,Tuscany,,Nicolas Lorenzo Zeoli,http://linkedin.com/in/nicolas-lorenzo-zeoli-ganiga,,,"€150,000.00",https://ganiga.ai/,
SunCubes,,,,C15 - Hardware / Robotics / IOT / Smart Manufacturing,,suncubes,,"SunCubes is a deep-tech startup that develops innovative laser power-beaming systems for wireless drone recharging. We aim to solve the endurance problem for drones, which limits their operational efficiency during missions, targeting infrastructure monitoring, precision farming, and emergency response sectors.Our revenue model includes device rentals and future direct sales. Currently, we have successfully completed two POCs with Movyon and Leonardo and secured €160,000 in equity-free funding.",No,,,2023,,"1,2 MLN",,"September 30, 2025 6:30 PM",,,,,12849400960,,,2-No SF,https://api.typeform.com/responses/files/a1195b6deecd1cec124934622a6dd65047cbe35afe4baa3e9be61d2280a60e10/SunCubes_Pitch_Deck.pdf,,,SMEs Traction,,Lombardy,,,,,,"€80,000.00","https://www.suncubes.space/ ",
INOVA LAB S.R.L.,,,,C15 - Hardware / Robotics / IOT / Smart Manufacturing,,inovalabs.r.l.,,"We are INOVA LAB a R&D Compani born as University of Padua spin-off, that electrifies industrial heating, solving the problem of inefficient processes. We target the food, biomedical, and packaging sectors, offering services like feasibility studies and prototyping. Our unique value is combining scientific research with practical solutions using advanced simulations. Our revenue, come from providing specialized consulting and technological services to clients.",No,,"Marcello Zerbetto,Fabrizio Dughiero",2004,,,,"September 26, 2025 7:50 PM",https://www.linkedin.com/company/19055110/admin/dashboard/,,DB%20Companies/InovaLab_white_noback.png,,IT03890870284,"Marcello Zerbetto (https://www.notion.so/Marcello-Zerbetto-27a65d57c00980c9a7bbfd2cf7013aeb?pvs=21), Fabrizio Dughiero (https://www.notion.so/Fabrizio-Dughiero-27a65d57c009803fafa7ff3f11b734a1?pvs=21)",,2-SF,https://api.typeform.com/responses/files/c91dcf7b7e1f9590818a61e152ca1dee314b484c66a13c587bbea69e8281a448/INOVALAB_INNOVIT_2025.pdf,,,SMEs Traction,,Veneto,,"Marcello Zerbetto,Fabrizio Dughiero","https://www.linkedin.com/in/marcello-zerbetto-b7347030/,https://www.linkedin.com/in/fabrizio-dughiero-2b770721/",,,"€1,237,214.00","http://www.inovalab.eu ",
TOD System S.R.L.,,,,C15 - Hardware / Robotics / IOT / Smart Manufacturing,,todsystems.r.l.,,"TOD System S.R.L is an innovative startup that integrates hardware and software to optimize and digitize industrial processes. Our flagship product, the TR1 collaborative robotic cell, along with AI, IoT, and edge solutions, brings flexibility, safety, and sustainability to sectors like manufacturing, logistics, energy, and healthcare. With patented technologies, R&D partnerships, and backing from INVITALIA and FOVEC, we are rapidly growing as a trusted Industry 5.0 partner.",No,,"Gianvito Lancellotti,Antonio Oliverio",2018,,150k,,"September 26, 2025 7:43 PM",https://www.linkedin.com/company/todsystem/,,DB%20Companies/IMG_20250926_WA0019.jpg,,03665340794,"Gianvito Lancellotti (https://www.notion.so/Gianvito-Lancellotti-27a65d57c00980078801e11f122c5b2b?pvs=21), Antonio Oliverio (https://www.notion.so/Antonio-Oliverio-27a65d57c009804ab0dccf8f37bf967d?pvs=21)",,2-SF,https://api.typeform.com/responses/files/ca716554d58edac98d3f6b2c0df149f8de83b9ee09197f003621b83bf84971d9/PITCH_DECK_TODSYSTEM.pdf,,,SMEs Traction,,Calabria,,"Gianvito Lancellotti,Antonio Oliverio","https://www.linkedin.com/in/wip,https://www.linkedin.com/in/antonio-oliverio-64561b19",,,"€719,709.00","https://www.todsystem.com ",
Techinnova S.p.A.,,,,C15 - Hardware / Robotics / IOT / Smart Manufacturing,,techinnovas.p.a.,,"Techinnova develops Robonurse, a modular robotic platform for hospitals and care facilities. It automates repetitive clinical tasks—like medication delivery, monitoring, and communication—via autonomous navigation, AI-based interaction, and multimodal sensors. Robonurse improves workflow, reduces staff workload, and increases safety in healthcare environments.",No,,"Riccardo Roggeri,Clara Bernasco",2007,,400k (bando regionale + ministeriale) + 3 MLN di valore in autofinanziamento,,"October 14, 2025 12:12 AM",https://www.linkedin.com/company/techinnova-spa,,DB%20Companies/Techinnova_R_logo_300x300_bg_bianco.png,,IT03015970126,"Riccardo Roggeri (https://www.notion.so/Riccardo-Roggeri-b9ab9e9fd9134d7ebbb7488a52d29a85?pvs=21), Clara Bernasco (https://www.notion.so/Clara-Bernasco-79b5e980a28e43c79024b2009d65eff9?pvs=21)",,2-SF,https://api.typeform.com/responses/files/b696bdac3be0a929760140173b564c7c2ea936782af65aec79e2909de6fac633/2025_07_28_EN_TECHINNOVA_HEIPS_INNOVIT.pdf,,,SMEs Traction,,Lombardy,,"Riccardo Roggeri,Clara Bernasco","
https://www.linkedin.com/in/riccardo-roggeri-ba358b5/?originalSubdomain=it
,
https://www.linkedin.com/in/clara-bernasco-b8062025/?originalSubdomain=it
",,,"€2,052,497.00","https://techinnova.eu/ ",
Prensilia srl,,,,C15 - Hardware / Robotics / IOT / Smart Manufacturing,,prensiliasrl,,"Prensilia is a SME developing advanced robotic hands for smart manufacturing and research. Designed for real-world environments, our hands combine robustness, seamless sensor integration and a no tendon-driven architecture. We serve R&D centres and industry players, providing products, integration services, custom solutions, with recurring revenue from annual maintenance. Already adopted by many labs and 2 humanoid developers, we’re expanding collaborations with humanoid and cobot manufacturers.",No,,Francesco Clemente,2009,,2 MLN,,"September 25, 2025 6:48 PM",https://www.linkedin.com/company/prensilia,,DB%20Companies/Logo_Prensilia_white.png,,01914600505,Francesco Clemente (https://www.notion.so/Francesco-Clemente-27965d57c0098090ae51ce06ba3bea9a?pvs=21),,2-SF,https://api.typeform.com/responses/files/197d7423a3c38257a70862d4bcf42c13d9ef3c455aaccfad6ff0344c63300817/250904_INNOVIT.pdf,,,SMEs Traction,,Tuscany,,Francesco Clemente,https://www.linkedin.com/in/fra-cle,,,"€874,820.00","https://www.prensilia.com/ ",
Valuebiotech Srl,,,,C15 - Hardware / Robotics / IOT / Smart Manufacturing,,valuebiotechsrl,,"Valuebiotech, a surgical robotics startup, offers a modular, economically sustainable platform for soft tissue surgery. Its first product is a multi-articulated robotic camera for hybrid laparoscopy, unique for multiple articulations and no sterilization. Revenue from robot sales and recurring disposable sales. Traction from an Italian institutional investor and EU/Italian grants (including EIC Accelerator), with no direct competitors offering a comparable solution.",No,,,,,,,"October 8, 2025 1:10 PM",,,,,,,,2-No SF,"https://api.typeform.com/responses/files/e96585e83935046595bc3626d5d7239285c5a921d8706da9d660911ac6fe1288/Pres_VBT__INNOVIT.pdf ",,,SMEs Traction,,,,,,,,,"https://valuebiotech.com/ ",
èlevit,,,,C15 - Hardware / Robotics / IOT / Smart Manufacturing,,èlevit,,"èlevit developing ultra-reliable touch sensors that turn materials like carbon fiber, glass, and ceramics into Smart Surfaces. We serve OEMs in automotive, smart home, appliance, robotics and prosthetics with sensor kits, design services, and licenses, solving the limitations of mechanical buttons, touchscreens and tactile sensing. We’ve filed the first two patents, generated €150K in revenue and launched production and paid PoCs with partners like Lamborghini and Dallara.",No,,"Michele Aiello,Gabriele Bertoldi",2021,,Between 100k and 249k,,"October 1, 2025 10:22 AM",https://www.linkedin.com/company/èlevit/,,DB%20Companies/logo_elevit_bianco.png,,03992491203,"Michele Aiello (https://www.notion.so/Michele-Aiello-27965d57c0098016ac09dff7be1d16a8?pvs=21), Gabriele Bertoldi (https://www.notion.so/Gabriele-Bertoldi-27965d57c00980eeafb8c1df82fa7741?pvs=21)",,2-SF,https://api.typeform.com/responses/files/00c1190014e0c6cbe44184e7916797e762d96c9ab36e5320c120e413df5e5c69/Pitch_èlevit_rev17.pdf,,,Startup Acceleration,,Emilia-Romagna,,"Michele Aiello,Gabriele Bertoldi","https://www.linkedin.com/in/micheleaiello12/,https://www.linkedin.com/in/gabriele-bertoldi-73166426a/",,,"€44,501.00","https://linktr.ee/elevit_hui ",
Trailslight srl,,,,C15 - Hardware / Robotics / IOT / Smart Manufacturing,,trailslightsrl,,"Trailslight startup is introducing in the global lighting market TRAILS patented technology integrating intelligent(AI) sound analysis within Streetlamp Light Controllers, to enable Adaptive Streetlight dimming based on real-time traffic recognition and several SmartCity services based on widespread Sound recognition within Cities’ Light Infrastructures. We sell our proprietary IoT- hardware platform to monitor and enable dynamic dimming. We have 10+ plants managed in Italy & starting to export",No,,,2022,,Between 250k and 499k,,"October 1, 2025 10:55 AM",,,,,04072381207,,,2-No SF,https://api.typeform.com/responses/files/dcaabd3512ad0fda30793cd675d718dfc46dfd778ec2395883296ac2f36605dd/2508_Trails_Presentation_vL.pdf,,,SMEs Traction,,Emilia-Romagna,,,,,,"€79,000.00","https://trailslight.it/en/ ",
CBL Electronics SRL,,,,C15 - Hardware / Robotics / IOT / Smart Manufacturing,,cblelectronicssrl,,CBL Electronics is an Electronics Engineering Company that provide turn key solutions for the space & military business.,No,,,2002,,,,"October 1, 2025 10:56 AM",,,,,IT02586800548,,,2-No SF,https://api.typeform.com/responses/files/844c43b8a1240fe397ab319cbda7e81bff439ab9fbaed343a8078b3cb3789c38/CBL_Company_Profile_16_2025_r.pdf,,,SMEs Traction,,Umbria,,,,,,"€11,400,000.00","https://www.cblelectronics.com ",
Quindi,,,,C15 - Hardware / Robotics / IOT / Smart Manufacturing,,quindi,,"Quindi is an innovative software company that leverages AI to optimize industrial production and create AI-driven factories. We aim to solve fragmented data, inefficiencies, and downtime for mid-to-large manufacturers. We offer the Production Copilot, a platform that connects people, machines, and systems for real-time scheduling, anomaly detection, and KPI monitoring. We are the only provider of a SaaS product in a market dominated by custom. We have successful deployments in multiple plants.",No,,"Luca Barbazza,Alberto Frison",2017,,750K,,"March 18, 2026 6:28 PM",https://www.linkedin.com/company/quindi-production-copilot/,,DB%20Companies/IMG_3851.webp,,IT05075500289,"Luca Barbazza (https://www.notion.so/Luca-Barbazza-27865d57c009801e8f10cf7e6045c95e?pvs=21), Alberto Frison (https://www.notion.so/Alberto-Frison-27865d57c0098063b764f2d747c32faf?pvs=21)",,2-SF,https://api.typeform.com/responses/files/c8b786939e34a42bf30067b5dd13d725aa02ec52d8a195e31ea532f548ba3bfb/Quindi_–_Production_Copilot_–_Jul25_–_ITA_–_Short.pdf,,,SMEs Traction,,Veneto,,"Luca Barbazza,Alberto Frison","https://www.linkedin.com/in/luca-barbazza-84330670?utm_source=share&utm_campaign=share_via&utm_content=profile&utm_medium=ios_app,https://www.linkedin.com/in/alberto-frison-b66a73140?utm_source=share&utm_campaign=share_via&utm_content=profile&utm_medium=ios_app",,,"€757,068.00","https://www.quindi.ai/ ",
Vector Robotics Srl,,,,C15 - Hardware / Robotics / IOT / Smart Manufacturing,,vectorroboticssrl,,"VectorRobotics is a startup developing solar-powered UAVs for ultra-long endurance missions. Our flagship product, FireHound, is the world’s first micro drone for autonomous wildfire early detection, capable of flying up to 16 hours and scanning 510 hectares per hour. We help civil protection agencies and environmental authorities monitor vast areas silently and cost-effectively, preventing ecological and economic damage.",No,,Gabriele Giorgini,2021,,<25k,,"September 26, 2025 7:52 PM",https://www.linkedin.com/company/vector-robotics/,,DB%20Companies/Logo_2025_Bianco.png,,05224990266,Gabriele Giorgini (https://www.notion.so/Gabriele-Giorgini-27a65d57c009808dab6df53f5283f3ee?pvs=21),,2-SF,https://api.typeform.com/responses/files/f3149e76cdd5dcc26a53ccdec4c2249e47a9ffd791372ff17468cb7470bfdd26/20250806_Innovit.pdf,,,SMEs Traction,,Veneto,,Gabriele Giorgini,https://www.linkedin.com/in/gabriele-giorgini-a97b1138/,,,"€256,731.00",https://vector-robotics.space,
TECHNOPI SOLUTIONS SRL,,,,C15 - Hardware / Robotics / IOT / Smart Manufacturing,,technopisolutionssrl,,"Technopi Solutions is an industrial automation company specializing in PLC, HMI, SCADA, MES, and robotics. We solve integration challenges for manufacturing and infrastructure clients by connecting machines with centralized systems. Our core business covers the entire process: from the initial dev projects to the infrastructures and the commissioning worldwide. Revenue comes from project contracts and service agreements. With €1.5M annual revenue and international projects all over the world.",No,,,,,,,"September 19, 2025 10:32 PM",,,,,,,,2-No SF,https://api.typeform.com/responses/files/a62840d59e8f72eca1f9dc9cac9fb35ea110585c45d812c55a449da9a1ee5938/TECHNOPI_Catalogo_Inglese_02_25__1_.pdf,,,SMEs Traction,,,,,,,,"€1,450,000.00","https://technopi.solutions ",
Penguinpass,,,,C15 - Hardware / Robotics / IOT / Smart Manufacturing,,penguinpass,,"Penguinpass is a SaaS platform revolutionizing event management by solving the challenges of guest engagement and data generation. Designed for corporate event organizers and sports clubs, we offer smart check-ins, proximity-based matchmaking, and actionable insights to optimize ROI and enhance guest experiences. Our unique solution leverages IoT and AI to automate workflows, minimize errors, and deliver real-time data. With a revenue model based on pay-per-event fees and annual subscriptions.",No,,,,,,,"September 19, 2025 10:37 PM",,,,,,,,2-No SF,https://api.typeform.com/responses/files/ba7f6a5c59ca5d0aad0552917eadb0ceff66531d3d3f408c1c0b6968c43f49d2/Penguinpass_Pitch_2025_low__GENERAL_.pdf,,,SMEs Traction,,,,,,,,"€400,000.00","https://www.penguinpass.it ",
Govisit,,,,C15 - Hardware / Robotics / IOT / Smart Manufacturing,,govisit,,"Govisit is a company that deals with telemedicine. Through telemedicine, communication between specialist and patient is simplified and the transmission of medical information is much faster. Thanks to the use of innovative technologies, the patient has the possibility of carrying out diagnostic tests to monitor their health: directly from their home, by going to their GP, to the nearest pharmacy, to the GoVisit Medical Points located throughout the city.",No,,,,,,,"September 19, 2025 10:41 PM",,,,,,,,1-No,https://api.typeform.com/responses/files/35ac10d22de69e0b64f2b8e76463eae853fbe6f389f81b101cca1f751dc3b2d3/GoVisit_Pitch_170124.pdf,,,SMEs Traction,,,,,,,,"€50,000,000.00","https://www.go-visit.it ",
DRB srl,,,,C15 - Hardware / Robotics / IOT / Smart Manufacturing,,drbsrl,,"DRB is an innovative PMI, spin-off of the Politecnico di Milano that develops HW/SW technologies applied to drones for inspections and Advanced Air Mobility. We reduce costs and risks for inspections of wind turbines and high voltage insulators of powerlines, and scalable navigation technologies for transporting goods and people with drones. Our cost-effective solutions are so easy to use that we can rent or license them to our customers.",No,,,,,,,"September 19, 2025 10:47 PM",,,,,,,,1-No,https://api.typeform.com/responses/files/ba305213ad0e6e488731cc43a3b9839b86e784337725f47f95d2ba1f58a4cc8f/Pitch_Deck_112024.pdf,,,SMEs Traction,,,,,,,,"€130,000.00","https://drb.aero ",
EKORE,,,,C15 - Hardware / Robotics / IOT / Smart Manufacturing,,ekore,,"EKORE is a proptech company that offers a SaaS Digital Twin platform to optimize energy efficiency. We aim to solve asset management and energy inefficiencies for enterprises, public institutions, and property operators. We offer a Digital Twin platform, distinguished by real-time data and 3D BIM models, powered by AI to detect inefficiencies and automate adjustments. Our revenue comes from an annual subscription model with tiered pricing. Currently, we have raised €1.5 million in funding.",No,,,,,,,"September 19, 2025 10:48 PM",,,,,,,,1-No,https://api.typeform.com/responses/files/e4274148a34f6d28c3b52d14a4420187a0859ae9b45566e59d1c4b740e51d9d5/EKORE_Company_Profile_20250513__1_.pdf,,,SMEs Traction,,,,,,,,"€380,000.00","https://www.ekore.it/ ",
Viber Alert,,,,C15 - Hardware / Robotics / IOT / Smart Manufacturing,,viberalert,,"Viber Alert enhances vehicle safety with AI-driven tactile feedback, providing real-time alerts through seat vibrations to reduce distractions and improve focus on the road.",No,,,,,,,"September 19, 2025 10:48 PM",,,,,,,,1-No,https://api.typeform.com/responses/files/3d14ea3f38ae27a5666f1d15703f4698673c67f438349bac2599246dfa6d2cd3/Viber_Alert_Pitch_Deck_INV_4.06.2025_compressed.pdf,,,SMEs Traction,,,,,,,,,https://viberalert.com/,
I.D.T. SRL SOCIETA' BENEFIT,,,,C15 - Hardware / Robotics / IOT / Smart Manufacturing,,i.d.t.srlsocieta'benefit,,"IDT was born with the idea of bringing Open Source in the world of industrial automation. With expertise in electrical, electronic, mechanical, and software fields, the company designs and builds custom industrial automations and embedded systems. With a current revenue of 2M€, coming from B2B product sales and consulting services, we solve our clients' (mainly enterprises in the manufacturing world) problems in an innovative, flexible way and, whenever is possibile, avoiding vendor lock in.",No,,Margherita Ferragatta,2016,,,,"September 26, 2025 7:53 PM",https://www.linkedin.com/company/idt-solution/,,DB%20Companies/IDT_COMPLETO_contorni.png,,11481370010,Margherita Ferragatta (https://www.notion.so/Margherita-Ferragatta-27a65d57c009803b9ac1c9e5f27f97c8?pvs=21),,2-SF,https://api.typeform.com/responses/files/6e0d354c066abe33f4a91928378a1468573bb1233904a6c26d5f1a8c124c340f/IDT_short_US_Innovit.pdf,,,Startup Acceleration,,Piedmont,,Margherita Ferragatta,https://www.linkedin.com/in/margherita-ferragatta-7b5818243/,,,"€2,498,877.00","https://idtsolution.com ",
Helios Domotics S.r.l. (Lit),,,,C15 - Hardware / Robotics / IOT / Smart Manufacturing,,heliosdomoticss.r.l.(lit),,"lit is a climate tech company helping monitor and optimize energy use. We solve the problem of hidden and inefficient consumption with a plug & play device and AI-powered disaggregation. Our platform enables smart services and ESG reporting. We generate revenue through hardware sales and SaaS. Currently, we serve distributors andB2B clients in Italy with €10k in monthly recurring revenue.",No,,,2022,,Between 500k and 1M,,"October 21, 2025 9:22 PM",,,,,16856511007,,,2-No SF,https://api.typeform.com/responses/files/043e6f8ea51067832fa63e0139f6bbba522c80d5bb2b694b6a5fe5b5141dbba0/lit_deck.pdf,,,Startup Acceleration,,Latium,,,,,,"€5,000.00","https://www.itslitbox.com/ ",
Urbana Smart Solutions S.r.l.,,,,C15 - Hardware / Robotics / IOT / Smart Manufacturing,,urbanasmartsolutionss.r.l.,,"Urbana is a tech IoT company that empowers smart, sustainable, and efficient buildings. We address fragmented systems and the lack of actionable insights for facility managers, utilities, and asset managers. Our platform, Urbana One, unifies energy, ESG, and building monitoring into a scalable solution powered by edge and cloud IoT. Revenue comes from SaaS, hardware, and services. We partner with leading real estate and energy players to accelerate digital transformation.",No,,"Massimiliano Pesce,Ivano Ostan",2019,,<25k,,"October 22, 2025 10:12 PM",https://www.linkedin.com/company/urbana-smart-solutions,,DB%20Companies/Urbana_Logo2020_White.png,,04543920278,"Massimiliano Pesce (https://www.notion.so/Massimiliano-Pesce-27a65d57c00980059f97ddc8f78932f1?pvs=21), Ivano Ostan (https://www.notion.so/Ivano-Ostan-27a65d57c009802cb29bf3c16247c56b?pvs=21)",,2-SF,https://drive.google.com/drive/u/2/folders/1Jn0y7zuJjUIDUrDYJIPTSTZnHHRsEZkN,,,SMEs Traction,,Veneto,,"Massimiliano Pesce,Ivano Ostan","https://www.linkedin.com/in/massimilianopesce0/,https://www.linkedin.com/in/ivan-ostan-2523bb3b/",,,"€771,025.00","https://urbanasmart.com ",
Cognivix s.r.l.,,,,C15 - Hardware / Robotics / IOT / Smart Manufacturing,,cognivixs.r.l.,,"Cognivix is a seed stage startup that provides a robotic foundation model for high mix low volume manufacturing and maintenance. We aim to lower the entry barrier for automation for small production lines with frequent changes. We offer a computing architecture that connects to visual depth and tactile sensors and drives off the shelf collaborative robotic arms. Our revenue comes from yearly subscriptions Currently, we have 2 paid PoCs and requests for more.",No,,"Daniele Bernardini,Giorgio Calapa",2021,,Between 500k and 1M,,"September 25, 2025 12:50 PM",https://www.linkedin.com/company/cognivix/,,DB%20Companies/Untitled_design.png,,IT03956131209,"Daniele Bernardini (https://www.notion.so/Daniele-Bernardini-27965d57c00980288c79c20a14aaaee7?pvs=21), Giorgio Calapa (https://www.notion.so/Giorgio-Calapa-27965d57c009804a8067fbe547ed2590?pvs=21)",,2-SF,https://api.typeform.com/responses/files/4284f740dd144ef2a3bfe0d2f435c133a26f1d016f05d277294a152c1eb1bf32/Pitch_Deck.pdf,,,Startup Acceleration,,Abruzzo,,"Daniele Bernardini,Giorgio Calapa","https://www.linkedin.com/in/dbernardini,https://www.linkedin.com/in/giorgio-calapa-803335335",,,,https://cognivix.com,
Limbico (Genoma),,,,C15 - Hardware / Robotics / IOT / Smart Manufacturing,,limbico(genoma),,"Limbico is a wearable + AI platform that improves mental clarity, emotional balance, and performance. We solve the lack of reliable tools to track and manage mental states, targeting founders, managers, students, and athletes. As the first Personal Self System, it combines physiological sensors and contextual data for real-time monitoring and personalized coaching through a proprietary model. Revenue comes from device sales and subscriptions. Validation includes 150 surveys and 20 interviews",No,,"Narinder Kumar,Marco Andriolo",2022,,<25k,,"October 23, 2025 10:01 PM",https://www.linkedin.com/company/limbico-genoma,,DB%20Companies/genoma.png,,12373690960,"Narinder Kumar (https://www.notion.so/Narinder-Kumar-27865d57c0098088a907de55656c617f?pvs=21), Marco Andriolo (https://www.notion.so/Marco-Andriolo-27865d57c0098008b837fd7eecb8b014?pvs=21)",,2-SF,https://api.typeform.com/responses/files/33cb3856de6e2ee28ecadc8d435e294ebe941e5279e021f5d23a5d6f958e2849/Pitch_Limbico.pdf,,,Startup Acceleration,,Lombardy,,"Narinder Kumar,Marco Andriolo","https://www.linkedin.com/in/narinder-kumar-594685222/,https://www.linkedin.com/in/marco-andriolo/",,,"€333,513.00","https://limbico.genoma-group.com ",
Neuronova,,,,C15 - Hardware / Robotics / IOT / Smart Manufacturing,,neuronova,,"Neuronova is a fabless semiconductor company bringing AI out of the cloud into battery-powered smart devices, where energy and computing power are scarce. Our analog AI processor delivers neural networks at up to 1000x lower power consumption than any other solution, setting a world record in efficiency.We generate revenue by selling chips to smart device manufacturers, ODMs, and OEMs, and have secured initial contracts and LOIs with leading multinationals for mass-market integration.",No,,,,,,,"September 22, 2025 6:36 PM",,,,,,,,2-No SF,https://api.typeform.com/responses/files/c22aab151a16037a0bcf696a102523bddbd0a980d269828fb8d58423ef5b7fcd/Deck_Innovit_Neuronova.pdf,,,Startup Acceleration,,,,,,,,,"https://www.neuronovatech.com ",
Dabohn srl,,,,C15 - Hardware / Robotics / IOT / Smart Manufacturing,,dabohnsrl,,"Dabohn is a startup which develop and sell an intelligent operating system that solve skill shortage and turnover issues in manufacturing, wastewater management and food process markets. We offer a software platform that gather and preserve knowledge from skilled operators, embedded with digital twin and AI modules.Our business model is based on a combination of installation fees and recurring revenue through license subscription. We are engaged with multinational OEMs, multiutilities and SMEs.",No,,"Claudio Magni,Massimiliano Cravedi",2024,,<25k,,"October 21, 2025 9:36 PM",https://www.linkedin.com/company/dabohn,,DB%20Companies/logo_DABOHN_bg_gray__1_.png,,01890480336,"Claudio Magni (https://www.notion.so/Claudio-Magni-27965d57c0098072b0ffdb42e52a9770?pvs=21), Massimiliano Cravedi (https://www.notion.so/Massimiliano-Cravedi-27965d57c0098094a678c4a30e2852d5?pvs=21)",,2-No SF,https://api.typeform.com/responses/files/d002a8a225652e9b83dbe77ebf90b983324aad31757bc7355f5c3ed773225c50/Deck_DABOHN_AT_2025_V1.1__1_.pdf,,,Startup Acceleration,,Emilia-Romagna,,"Claudio Magni,Massimiliano Cravedi","https://www.linkedin.com/in/claudiomagni/,https://www.linkedin.com/in/massimilianocravedi/",,,"€120,000.00","https://www.neuronovatech.com ",
Neocad,,,,C15 - Hardware / Robotics / IOT / Smart Manufacturing,,neocad,,Neocad developed an AI junior mechanical engineer able to fasten product ideation and design.,No,,Luca Licciulli,2024,,Between 250k and 499k,,"September 25, 2025 12:57 PM",https://www.linkedin.com/company/105690925/admin/dashboard/,,DB%20Companies/NEOCAD__DARK_.png,,13845460966,Luca Licciulli (https://www.notion.so/Luca-Licciulli-27965d57c009806b8c46d85a28956e29?pvs=21),,2-SF,https://api.typeform.com/responses/files/2c126d28b347961984992f25bc498f7f99002e5966edb67ea5e3ff604a0be370/neoCAD___Pitch_deck_June_25_EN__4_.pdf,,,Startup Acceleration,,Lombardy,,Luca Licciulli,https://www.linkedin.com/in/luca-licciulli-112448183/,,,"€120,000.00","https://neocadsrl.com ",
PROSUME,,,,C15 - Hardware / Robotics / IOT / Smart Manufacturing,,prosume,,"PROSUME is a comprehensive digital interface for energy services, financial transactions, and user identity, fostering a decentralized marketplace.By collecting the data at the point of generation and preserving its integrity, directly delivering the value to end users through the digital wallet, we close the feedback loop.",No,,"Alex D'Elia,Leon Gerard Vandenberg",2018,,Between 1M and 5M,,"September 26, 2025 6:48 PM",https://www.linkedin.com/company/prosumeenergy/,,DB%20Companies/prosume.jpg,,10381220960,"Alex D'Elia (https://www.notion.so/Alex-D-Elia-27a65d57c0098017bd57c981cc49bbad?pvs=21), Leon Gerard Vandenberg (https://www.notion.so/Leon-Gerard-Vandenberg-27a65d57c00980f9bf23ef5ef09f32a2?pvs=21)",,2-SF,,,,Startup Acceleration,,Lombardy,,"Alex D'Elia,Leon Gerard Vandenberg","https://www.linkedin.com/in/acmesh/,https://www.linkedin.com/in/leongvandenberg/",,,"€50,000.00","https://prosume.io ",
daidalos,,,,C15 - Hardware / Robotics / IOT / Smart Manufacturing,,daidalos,,"Daidalos sviluppa un’architettura innovativa di acceleratori per l’intelligenza artificiale, sotto forma di IP core licenziabili per chiplet e SoC. Risolviamo il problema dei consumi elevati e della scarsa efficienza delle GPU, fornendo calcolo ad alte prestazioni con riduzione energetica fino al 60%. I nostri clienti target sono aziende di semiconduttori, datacenter, automotive, IoT e settore aerospaziale. La soluzione è unica perché adattiva alla topologia delle reti neurali e scalabile a dive",No,,"Jonathan Bizzi,Erik Vendemiati",2025,,Between 100k and 249k,,"September 26, 2025 7:56 PM",https://www.linkedin.com/company/daidalos-tech/,,DB%20Companies/logo.webp,,03106840352,"Jonathan Bizzi (https://www.notion.so/Jonathan-Bizzi-27a65d57c00980f6bedbd11c94b81b88?pvs=21), Erik Vendemiati (https://www.notion.so/Erik-Vendemiati-29565d57c00980298aeeff3df00e1bd7?pvs=21)",,2-SF,https://api.typeform.com/responses/files/d3211110dc1669270ed0f2e1d3da3e4d35ced934d0145975782acd829e3b9a71/deck_Daidalos.pdf,,,Startup Acceleration,,Emilia-Romagna,,"Jonathan Bizzi,Erik Vendemiati","https://www.linkedin.com/in/jonathan-bizzi-9b4b08176,https://www.linkedin.com/in/erik-vendemiati-3a8121311/",,,,"https://www.daidalos.it/ ",
Cicero.Live,,,,C15 - Hardware / Robotics / IOT / Smart Manufacturing,,cicero.live,,"Cicero.Live is a tech startup that measures real-time audience interest, attention, and engagement at live and online events using computer vision and biometric analysis. We solve the lack of objective, real-time metrics for event organizers, media companies, and retailers, offering a unique AI platform that delivers quantifiable insights instantly. We monetize through SaaS licensing or subscriptions. We are accelerated by Mondadori Group extending our solutions to the retail market",No,,"Leopoldo Lazzarin,Francesco Cassini",2025,,Between 100k and 249k,,"September 25, 2025 12:35 PM",https://www.linkedin.com/company/cicero-live/,,DB%20Companies/logo_white__Logo_Cicero.Live__3_.png,,14292850964,"Leopoldo Lazzarin (https://www.notion.so/Leopoldo-Lazzarin-27965d57c00980a79da2f47581a10a57?pvs=21), Francesco Cassini (https://www.notion.so/Francesco-Cassini-27965d57c009805592f4ccc24726c16b?pvs=21)",,2-SF,https://api.typeform.com/responses/files/92d2a2b4cd2b548f4e435841f14f33c4e3bf251d544b674745186e8e7d78bc55/ENG_Pitch_Deck__Cicero.Live___Presenzazione_.pdf,,,Startup Acceleration,,Lombardy,,"Leopoldo Lazzarin,Francesco Cassini","https://www.linkedin.com/in/leopoldo-lazzarin/,https://www.linkedin.com/in/francescocassini/",,,"€10,000.00","https://cicero.live/ ",
BeNewtral (COMPANY DROP OUT - CLEANTECH COHORT),,,,C15 - Hardware / Robotics / IOT / Smart Manufacturing,,benewtral(companydropout-cleantechcohort),,"BeNewtral S.R.L. – SB is an innovative startup focused on developing low impact materials that reduce environmental impact in the construction and manufacturing sectors. Our core mission is to replace traditional, carbon-intensive materials—such as cement—with circular, low-carbon alternatives derived from industrial by-products.",No,,,,,,,"September 25, 2025 10:30 AM",,,,,,,,2-No SF,https://drive.google.com/file/d/1jNgzZ9qcvkH3cdyhGVMPYnaWOM_td1iR/view?usp=drive_link,,,Startup Acceleration,,,,,,,,"€282,191.00","https://www.benewtral.com/ ",
BLUMIT,,,,C15 - Hardware / Robotics / IOT / Smart Manufacturing,,blumit,,"Blumit is transforming real-time safety, healthcare and automation with a patented SaaS platform built for scale. Join us in shaping the next generation of intelligent automation.",No,,"Marco Sirini,Giulio Fiorentini",2017,,,,"September 26, 2025 7:51 PM",https://www.linkedin.com/company/blumitsrl/,,DB%20Companies/blumit_sviluppo_software_sicurezza_lavoro_logo_chiaro_ox.png,,10027640969,"Marco Sirini (https://www.notion.so/Marco-Sirini-27865d57c00980ff915ccb4eec8572b3?pvs=21), Giulio Fiorentini (https://www.notion.so/Giulio-Fiorentini-27865d57c009808e9ae4dfbd201f4068?pvs=21)",,2-SF,https://api.typeform.com/responses/files/29615c596b0db3e515ed79e65608b1ebed2867e6e5785dc95e10824cb417854d/Blumit_Innovit_Pitch_OK.pdf,,,Startup Acceleration,,Lombardy,,"Marco Sirini,Giulio Fiorentini","https://www.linkedin.com/in/marcosirini/,https://www.linkedin.com/in/giuliontini/",,,"€300,000.00",https://www.blumit.it,
Virevo (DeKali),,,,C15 - Hardware / Robotics / IOT / Smart Manufacturing,,virevo(dekali),,"Dekali is a Multi Agent System for SMEs in manufacturing, based on artificial intelligence algorithms producted entirely by Virevo company. The system is able to plan a company by itself and organize the work of an entire plan, collaborating with employee and managers",No,,Alessandro Fadini,2022,,300k,,"March 18, 2026 6:28 PM",https://www.linkedin.com/company/dekali/,,DB%20Companies/Dekali.png,DB%20Companies/Virevo_Srl_-_ONE_PAGER.docx,04866710231,Alessandro Fadini (https://www.notion.so/Alessandro-Fadini-27a65d57c0098082a017e136df96b462?pvs=21),,2-SF,,,,Startup Acceleration,,Veneto,,Alessandro Fadini,https://www.linkedin.com/in/fadinialessandro/,,,"€120,000.00",https://www.mydekali.com,
MONITOR THE PLANET,,,,C15 - Hardware / Robotics / IOT / Smart Manufacturing,,monitortheplanet,,"We're experts in surveying&monitoring. Combining our expertise with robotics, we created the patented Tripod-Hub merging hardware + AI-software to enable any rover or surveying instrument to perform autonomous, high-precision surveys. Our dual-side HaaS+SaaS model with recurring licenses solves inefficiencies, safety risks, delays in sectors like construction, energy.With open interoperability and defense-ready dual-use, we drive two-way value creation1PoC Enel / direct ties to decision-makers",No,,,,,,,"September 22, 2025 6:58 PM",,,,,,,,1,https://api.typeform.com/responses/files/578d5d962d492b180b02c34b98bd5e6f8b96bbc5ffe8d4f48ada9d3d8cbc1060/202508_Geosolvo_EN_INNOVIT_IOT_ROBOTIC_OK.pdf,,,Startup Acceleration,,,,,,,,"€400,000.00","https://www.monitortheplanet.com/index-en ",
QA ANALYTICS srl,,,,C15 - Hardware / Robotics / IOT / Smart Manufacturing,,qaanalyticssrl,,"QA Analytics offers IoT and analytics solutions to optimize asset health and maintenance management for industries such as manufacturing and facility management. We provide IoT hardware kits, real-time data analytics, and a maintenance management system to improve decision-making. Our revenue model includes SaaS subscriptions and hardware sales, and we serve multiple industrial clients with valuable insights.",No,,,,,,,"September 22, 2025 6:59 PM",,,,,,,,1,https://api.typeform.com/responses/files/844a230dbc8e117e4a384565ebe9894eb16bbf404d12be4469680ee3203590d1/Slides_Pitch_V2.0_ENG.pdf,,,Startup Acceleration,,,,,,,,"€540,000.00","https://www.scops.ai/en ",
Artinoise,,,,C15 - Hardware / Robotics / IOT / Smart Manufacturing,,artinoise,,"Artinoise Srl, founded in 2017, is an Italian company which design, develop and manufacture innovative, easy to use, inclusive digital musical instruments to let young and old people experience and play music.The company was born from a consolidated industrial and electronic know how which amounts to more than 70 man-years of expertise. We are addressing several markets: musical instruments, education and inclusion.  Current turnover tops at under 1M€, looking for investments to scale up!",No,,,,,,,"September 22, 2025 7:01 PM",,,,,,,,1,https://api.typeform.com/responses/files/0137ce9edf7e62c35d0b9a5982d824cae6a912c0d990bdd89a13ce178fb3ce10/ArtinoisePitchForInnovitLR.pdf,,,Startup Acceleration,,,,,,,,"€800,000.00","https://www.recorderinstruments.com ",
Renovo,,,,C15 - Hardware / Robotics / IOT / Smart Manufacturing,,renovo,,"Renovo offers a robotic, hardware-based solution for recycling silicon photovoltaic panels. Our automated system uses advanced filtration and processing to recover materials, reduce waste, and boost circularity in solar panel lifecycles.",No,,,,,,,"September 22, 2025 7:02 PM",,,,,,,,1,https://api.typeform.com/responses/files/769b25926e0341244b5733499da0757b0d3f3ae4f6dd39a713f23ccbe7d06d12/RENOVO_Pitch_Deck_ENG.pdf,,,Startup Acceleration,,,,,,,,,"https://www.renovo-recycling.it/ ",
Procederai,,,,C15 - Hardware / Robotics / IOT / Smart Manufacturing,,procederai,,"Procederai uses vision intelligence to capture procedural data from videos and manuals to create interactive, visual co-pilots for blue-collar workers. We reduce procedural errors, major causes of defects, downtime, and returns. We sell a SaaS based on data volume and seats. The product uses computer vision to collect physical data and allows multi-source retrieval and generation. The target customers are medium-sized industrial firms in Italy, then global manufacturing firms. We have 6 testers.",No,,,,,,,"September 22, 2025 7:02 PM",,,,,,,,1,https://api.typeform.com/responses/files/cfbadfe3761ed28b00daff303e64e0a0d1c23e4b0daf85dd01c47bf65407a597/10092025_Procederai_Pitch_Deck_2_compressed.pdf,,,Startup Acceleration,,,,,,,,,"https://procederai.com ",
To Move,,,,C15 - Hardware / Robotics / IOT / Smart Manufacturing,,tomove,,"ToMove is an innovative Italian deep-tech startup developing a full-stack platform for autonomous urban services.We integrate hardware, software, and operations into a single ecosystem that enables safe, scalable, and flexible autonomous mobility, logistics, and security services in semi-closed and urban environments.",No,,,,,,,"September 22, 2025 7:03 PM",,,,,,,,1,https://api.typeform.com/responses/files/97169c204d58176c46085752e2e5e795e0b38500419798913e9afae45992bc2d/ToMove___Deck.pdf,,,Startup Acceleration,,,,,,,,,"https://tomove.tech/ ",
eMomentum,,,,C15 - Hardware / Robotics / IOT / Smart Manufacturing,,emomentum,,"eMomentum helps industrial and infrastructure operators tackle production losses, service interruptions, rising energy costs, and the scarcity of time and skilled resources, shifting from life-extension logic to data-driven, energy-efficiency-based interventions. We offer a predictive maintenance solution which acts in advance when energy costs and emissions increase. eMomentum enables companies to do the right thing at the right time.",No,,,,,,,"September 22, 2025 7:09 PM",,,,,,,,1,https://api.typeform.com/responses/files/2cf502915e9301237b93c4c2143f07a8e579fefe360cb6e58c649d333fcb430f/eMomentum___Pitch_Deck___Sept_2025.pdf,,,Startup Acceleration,,,,,,,,,https://www.emomentum.it,
I2T2C srl,,,,C15 - Hardware / Robotics / IOT / Smart Manufacturing,,i2t2csrl,,"Ulisses is a IOT company that develops tracking solutions. We aim to solve the location problem for logistics and mobility companies. We offer a mesh connected infrastructure, distinguished by reliability, precision, completely wireless. Our revenue comes from the hw sale and a recurrent annual fee. Currently, we sold our system to the second largest italian train company and we plan to expand in other markets thanks to the versatility of the system",No,,,,,,,"September 22, 2025 7:09 PM",,,,,,,,1,,,,Startup Acceleration,,,,,,,,"€25,000.00","https://ulisses.it ",
ELEVATE S.R.L.,,,,C15 - Hardware / Robotics / IOT / Smart Manufacturing,,elevates.r.l.,,"Elevate has developed Cooshino, an adaptive smart system that secures luggage contents and transforms every trip into data value. Designed for frequent travelers and luggage brands, it combines inflatable cells, IoT sensors, and AI-driven analytics. Revenue streams span product sales, licensing, data monetization, and cargo solutions. With patents filed and a working prototype, Cooshino is positioned to scale globally with exponential growth potential.",No,,,,,,,"September 22, 2025 7:10 PM",,,,,,,,1,https://api.typeform.com/responses/files/c0196a021f382ed72a3704ec76a1ad5b1a2cdb1295883baa295e56013e720846/Cooshino_ExecutiveSummary_Desk_2025_4Innovit.key,,,Startup Acceleration,,,,,,,,,"https://cooshino.com/ ",
MyLime Srl,,,,C15 - Hardware / Robotics / IOT / Smart Manufacturing,,mylimesrl,,"MyLime provides a patented blockchain platform that creates Digital Product Passports to manage a product's lifecycle. We solve critical challenges for B2B manufacturers, as EU regulatory compliance, authenticity verification, and value preservation. We integrate proprietary hardware and software, allowing the DPP to be updated from factory to after-sales, enabling new services and securing the second-hand market. Our hybrid revenue model include recurring subscriptions+transactional fees(bc)",No,,,,,,,"September 22, 2025 7:11 PM",,,,,,,,1,https://api.typeform.com/responses/files/6fba743b7bd882b341c9efc472139c501c30174d4e3de5267b9e240aebbcd648/Complete_Company_Profile_MyLime_2025___1__compressed.pdf,,,Startup Acceleration,,,,,,,,"€600,000.00","https://my-lime.com/ ",
Alexandrite Lighting,,,,C15 - Hardware / Robotics / IOT / Smart Manufacturing,,alexandritelighting,,"Alexandrite Lighting is a smart design startup that transforms premium candles, wine & beer bottles into interactive, safe lighting experiences. We solve the problem of static, unsafe, and unsustainable lighting by merging real flame with smart LED features. Our target includes Gen Z, Millennials, and even children, along with wellness spaces, restaurants, and premium hospitality. We offer a patented multifunctional lamp and a cross-market e-commerce platform for curated candles and bottles.",Yes,,,,,,,"February 20, 2026 8:33 PM",,,,,,,,1,,,,Startup Acceleration,,,,,,,,,https://www.alexandritelighting.com,
New Generation Sensors srl,,,,C15 - Hardware / Robotics / IOT / Smart Manufacturing,,newgenerationsensorssrl,,"New Generation Sensors is an Italian deep-tech startup developing advanced IoT-Blockchain solutions for industrial monitoring and smart logistics. Its flagship platform, TrackOne, enables real-time, item-level traceability across all transport modes—road, rail, sea, and air—ensuring continuous visibility even during intermodal transfers.",No,,,,,,,"September 22, 2025 7:12 PM",,,,,,,,1,https://api.typeform.com/responses/files/490d7756b702d748300b5c926d3bd848b6629b731c3a5a2cdfbddb78f5873438/logistcsPitch99.pdf,,,Startup Acceleration,,,,,,,,"€64,095.00","https://ngs-sensors.it ",
3FESTO SRL,,,,C15 - Hardware / Robotics / IOT / Smart Manufacturing,,3festosrl,,"ANY3DP.APP is a digital platform simplifying and automating additive manufacturing, making industrial 3D printing immediate and accessible. We solve technical complexity for manufacturers, assisting designers and engineers. Our integrated SaaS platform automatically analyzes 3D files, assessing feasibility, production costs, and lead times using ANY3DP.SMART hardware. Revenue comes from monthly subscriptions and commissions.",No,,,,,,,"September 22, 2025 7:13 PM",,,,,,,,1,,,,Startup Acceleration,,,,,,,,"€65,000.00","https://www.any3dp.com ",
EUREBO HUB,,,,C15 - Hardware / Robotics / IOT / Smart Manufacturing,,eurebohub,,STARTUP STUDIO OF ROBOTIC VENTURE BUILDER PLATFORM FOR EUROPEAN EDUCATIONAL ROBOT,No,,,,,,,"September 22, 2025 7:14 PM",,,,,,,,1,https://api.typeform.com/responses/files/f4c74dab7c0677ddcada61ce33615a3afef6d5d68bddadb58e46921888705db4/EUREBO_HUB_pitch_deck_01_02_2025_signed.pdf,,,Startup Acceleration,,,,,,,,"€500,000.00",https://innovabilita.it,
DriveDrop,,,,C15 - Hardware / Robotics / IOT / Smart Manufacturing,,drivedrop,,"DriveDrop is a smart mobility startup that turns underused private parking into digital assets via IoT technology. We help business property owners monetize vacant spaces, reduce traffic and emissions, and promote sustainable urban growth by optimizing existing infrastructure.",No,,,,,,,"September 22, 2025 7:16 PM",,,,,,,,1,https://api.typeform.com/responses/files/ad897bb6db95015784ae0cee73706578e9718b988f52ad1d3c3118f1989637c9/DriveDrop___Deck.pdf,,,Startup Acceleration,,,,,,,,"€10,000.00","https://drivedrop.it ",
BlueUp Srl,,,,C15 - Hardware / Robotics / IOT / Smart Manufacturing,,blueupsrl,,"BlueUp Srl is an Innovative SME that develops IoT devices and solutions for indoor smart tracking. We aim to solve tracking and tracking needs in manufacturing, logistics, and healthcare. We developed an innovative technology, bleenc (www.bleenc.io – trademark registered, two patents filed), that enables RTLS supporting interaction with the operating environment. Revenues: hardware sales, software licenses, services. Traction: 500k+ devices, customers in 50+ countries, 60% exports.",No,,,,,,,"September 22, 2025 7:17 PM",,,,,,,,1,,,,Startup Acceleration,,,,,,,,"€1,138,000.00","https://www.blueupbeacons.com ",
Nowtech Solutions srl,,,,C15 - Hardware / Robotics / IOT / Smart Manufacturing,,nowtechsolutionssrl,,"NowTech Solutions is an innovation-driven technology company that develops advanced systems for seismic risk monitoring and smart infrastructure resilience.We aim to solve the problem of safety and vulnerability to earthquakes for governments, municipalities, and infrastructure operators.We offer SeismicGuard and IoT-based monitoring platforms, distinguished by real-time data analysis, predictive algorithms, and easy integration into existing infrastructures.",No,,,,,,,"September 22, 2025 7:18 PM",,,,,,,,1,https://api.typeform.com/responses/files/aac65025cb0b9680927e5cbafcbb89f3410eadaa59ffcca42ce5a0453778672a/20250528_Pitch_Deck_Project_Nowtech_Solutions_Seismicguard_Vancouver.pdf,,,Startup Acceleration,,,,,,,,"€915,000.00","https://it.nowtechsolutions.it/ ",
ImpattoZero srl,,,,C15 - Hardware / Robotics / IOT / Smart Manufacturing,,impattozerosrl,,"ImpattoZero S.r.l. is an innovative agritech company that specializes in sustainable, personalized farming solutions. We address challenges such as declining food quality, regenerative anti-aging nutrition. allergen presence, and environmental harm by offering high-nutrient, allergen-free crops cultivated with patented aquaponics and AI-driven systems. Our target customers include health-conscious individuals, restaurants, and real estate developers.",No,,,,,,,"September 22, 2025 7:18 PM",,,,,,,,1,https://api.typeform.com/responses/files/77aecf0767a4a606fcb88935866b27223054d6d35d5526f55e293e4fd17224fe/ImpattoZero___Net_Zero_and_Ocean_Sustainability___ENG_3min_mail_lres2_.pdf,,,Startup Acceleration,,,,,,,,"€200,000.00",https://www.agricoltura2punto0.it/,
QuickPark,,,,C15 - Hardware / Robotics / IOT / Smart Manufacturing,,quickpark,,"QuickPark is a peer-to-peer mobility app that connects people leaving a parking space with drivers searching for one on the street. We cut wasted time, stress, and CO₂ emissions from circling in crowded cities, targeting urban drivers who need instant solutions. QuickPark focuses on on-street availability: those freeing a spot can request a small compensation. Our revenue comes from transaction fees and withdrawal fees when users transfer QuickPark wallet credit to their bank accounts.",No,,,,,,,"September 22, 2025 7:19 PM",,,,,,,,1,https://api.typeform.com/responses/files/70d105b5fe0f0c9a57ed3b160061a7f7f1e48fc4b2d87eda32f3ccf6b0fe9162/QuickPark_Official_Pitch_Deck.pdf,,,Startup Acceleration,,,,,,,,,https://quick-park.net/,
Noa software srl,,,,C15 - Hardware / Robotics / IOT / Smart Manufacturing,,noasoftwaresrl,,"The company deals with industrial robotics , programming ,integration  (mes, erp); training and assistance  plants produced by manufacturers.Our target market is the plant manufacturer or the company producing goods, we sell programming, assistance and training services. The uniqueness lies in our training and assistance system that can be carried out in many countries around the world through an innovative use platform.The business model that comes closest is the Model without an intermediary",No,,,,,,,"September 22, 2025 7:20 PM",,,,,,,,1,,,,Startup Acceleration,,,,,,,,"€1,860,000.00","http://noasoftware.it ",
lit,,,,C15 - Hardware / Robotics / IOT / Smart Manufacturing,,lit,,"lit monitors domestic, commercial and industrial energy consumption through AI, reducing waste and CO2 emissions, everything with a single plug & play device.",No,,,,,,,"September 22, 2025 7:31 PM",,,,,,,,1,https://api.typeform.com/responses/files/27919672684c9ea465e132492313e4bd10eebc6f3376f8bc194a620ba4b99c54/lit_service_company_compressed__1_.pdf,,,Startup Acceleration,,,,,,,,"€2,500.00","https://www.itslitbox.com/ ",
iHeel,,,,C15 - Hardware / Robotics / IOT / Smart Manufacturing,,iheel,,iHeel is a high-tech footwear company that has developed the world's first patented technology that enables one-click heel adjustment. Our goal is to solve the problem of discomfort and limited mobility caused by traditional high heels for women worldwide and for footwear brands that want to innovate. We license our technology enabling partners to integrate our system into their collections. We are currently in negotiations with 2 brands for pilot test and have achieved 92% growth in direct sale,No,,,,,,,"September 22, 2025 7:32 PM",,,,,,,,1,https://api.typeform.com/responses/files/9d6b4fcb02c07f79da2ad4e18a5e3bdba4a0e9390ce5bc74a4d272b2e89ce962/iHeel_deck_.pdf,,,Startup Acceleration,,,,,,,,,"https://www.iheel.it ",
Clean OS Srl,,,,C15 - Hardware / Robotics / IOT / Smart Manufacturing,,cleanossrl,,"Clean OS is a healthtech startup transforming oral care by tackling the $710 billion spent annually on preventable oral diseases, focusing on gingivitis and periodontitis patients. Our flagship product, the world’s first personalized electric toothbrush, delivers medical-grade hygiene in just 30 seconds, replacing traditional brushes, floss, and interdental tools. We commercialize via partner clinics, 43 as of today, making oral health more accessible by offering users discounts on treatments",No,,,,,,,"September 22, 2025 7:37 PM",,,,,,,,1,https://api.typeform.com/responses/files/6b43a37e7f60ecfe63ea31ee97289cfa46806de7f7fd1c51021449a44b640c08/CleanOS_PitchDeck_INNOVIT.pdf,,,Startup Acceleration,,,,,,,,,"https://www.thecleanos.com/ ",
take over rilievi integrati srl,,,,C15 - Hardware / Robotics / IOT / Smart Manufacturing,,takeoverrilieviintegratisrl,,"Take Over is a engineering company, specialized in survey and digital twins. The company uses drones, 3d laser scanners and advanced customized software. Our clients are governement companies, such ANAS or multi nation companies as Socotec. we are prototyping a drone specifically designed for the oil and gas sector, as well as the mining industry. . We are all architect or engineer, BIM operators, from manager to specialists, and we do digital twins of all we survey.",No,,,,,,,"September 22, 2025 7:37 PM",,,,,,,,1,,,,Startup Acceleration,,,,,,,,"€630,000.00","https://www.take-over.it ",
CShark srl,,,,C15 - Hardware / Robotics / IOT / Smart Manufacturing,,csharksrl,,"CSHARK was born in 2018 and today is a leading provider for IoT device management and machine-to-machinesatellite communication fully integrated into a unique software in the market. Our solutions have been implementedin several industries such as gas/oil pipelines, railway networks, greenhouse and vertical farms, smart cities or logisticsfor smart monitoring and risk prevention leveraging intrinsic companies’ capabilities through an industry 4.0 approach.",No,,,,,,,"September 22, 2025 7:39 PM",,,,,,,,1,https://api.typeform.com/responses/files/c079bf5d54538073437c9d8739a0709758ec7fc7e3eada88c25f6e80abf7d165/Company_Profile_ENG_Versione_compressa_compressed.pdf,,,Startup Acceleration,,,,,,,,"€1,007,473.00","https://www.cshark.it/ ",
Real Target,,,,C15 - Hardware / Robotics / IOT / Smart Manufacturing,,realtarget,,"Real Target is a revolutionary entertainment company offering immersive, thrilling gaming experiences. We address the lack of exciting, socially interactive entertainment. Our target includes gamers, families, and tech enthusiasts. Players battle advanced robotic opponents in state-of-the-art arenas.  We generate revenue from ticket sales, a themed bar and restaurant, and merchandise. We have a fully functional prototype and have validated our problem-solution approach",No,,,,,,,"September 22, 2025 7:40 PM",,,,,,,,1,https://api.typeform.com/responses/files/f5ec9f9e36df27776d24f1c22336d08bd773512aa9ec10c9c0a5c43bc864b376/Pitch_Real_Target__V4.1.pdf,,,Startup Acceleration,,,,,,,,,"https://realtarget.space/ ",
Meddle Srl,,,,C15 - Hardware / Robotics / IOT / Smart Manufacturing,,meddlesrl,,"Meddle is an industrial tech startup that offers a SaaS platform for industrial IoT data management.  We solve the challenge of integrating heterogeneous industrial systems in the manufacturing world. We offer a scalable platform that automates data collection and management distinguished by AI-driven real-time protocol detection and dynamic data interpretation. Our revenue comes from annual subscriptions to the platform. Currently, we have 8 first clients (3 of them over €1B in revenues).",No,,,,,,,"September 22, 2025 7:46 PM",,,,,,,,1,https://api.typeform.com/responses/files/46b3e12867b0e387fb7a8d91a2dc963297dd4751f33eb27d15ae3a85dcb4193e/Meddle_Investor_Deck.pdf,,,Startup Acceleration,,,,,,,,"€25,000.00","https://www.meddleconnect.com/en ",
Particular Materials,,,,C15 - Hardware / Robotics / IOT / Smart Manufacturing,,particularmaterials,,"Elementag is a traceability and anticounterfeiting solution based on nanoparticles, a sort of inorganic DNA for products and raw materials. Invisible, fully-embedded into the traced items, extremely hard to replicate and processing resistant, Elementag overcomes the main limitations of traditional technologies (QR-code, NFC, RFID). We have already onboarded several bluechip companies for pilot projects and plan on completing the development of the tech with a digital infrastructure in 2025.",No,,,,,,,"September 22, 2025 7:46 PM",,,,,,,,1,https://api.typeform.com/responses/files/2dda486783e6e8779231724233c54bf548cf82b25f017005c751d033f1f2b78e/Elementag___Investor_Deck.pdf,,,Startup Acceleration,,,,,,,,"€261,963.00","https://www.elementag.it/ ",
Kaigos,,,,C15 - Hardware / Robotics / IOT / Smart Manufacturing,,kaigos,,"Kaigos is a robotics company that automates welding and palletizing for small and mid-sized factories. We solve labor shortages with AI-powered robotic cells that learn directly from human operators, no programming needed. Our revenue comes from direct sales and a RaaS model. We’ve sold 12 units and have 5 customers in the pipeline for our AI welder solution.",No,,,,,,,"September 22, 2025 7:46 PM",,,,,,,,1,,,,Startup Acceleration,,,,,,,,"€109,000.00","https://www.kaigos.io ",
Planet Srl.,,,,C15 - Hardware / Robotics / IOT / Smart Manufacturing,,planetsrl.,,"Planet Srl is a pioneering company specializing in carbon farming and ecosystem regeneration in arid, water-scarce environments. Leveraging innovative technologies like the Mangrove Technology Platform (MTP), Planet addresses the challenges of climate change, water scarcity, and sustainable agriculture. The MTP combines advanced desalination, vertical farming, and IoT systems to grow high-quality seedlings efficiently using minimal resources such as saltwater and solar energy.",No,,,,,,,"September 22, 2025 7:46 PM",,,,,,,,1,https://api.typeform.com/responses/files/10612eac32e80148842fb13a7723cd730ca46f28c6182d59bf167dcc2dfef2aa/PLANET_Tech_pitch_2025.01_3.pdf,,,Startup Acceleration,,,,,,,,,https://nogreenwithoutblue.it/,
IOTILIZE.ME,,,,C15 - Hardware / Robotics / IOT / Smart Manufacturing,,iotilize.me,,"iotilize.me is a B2B hardware-software startup that offers tech services in the waste management sector. We aim to solve logistics problems related to containers turnover for private waste collection companies. We offer an IoT-based SaaS distinguished by low initial investments for customers and an all-in-one fee for anything involved in volume/gps measuring. Our revenue comes from a recurring subscription and we have already deployed and tested sensors with SMEs, consortiums and corporates",No,,,,,,,"September 22, 2025 7:46 PM",,,,,,,,1,https://api.typeform.com/responses/files/e08c78a0d7fb1114d680a7fe32f06f23ca4b4340c79eb03acdbd54dce9b68863/Pitch_Deck___iotilize.me_Gen2025_compressed.pdf,,,Startup Acceleration,,,,,,,,,"https://iotilize.me ",
Sintropy.ai,,,,C15 - Hardware / Robotics / IOT / Smart Manufacturing,,sintropy.ai,,"Sintropy.ai designs and manufactures proprietary IoT sensors in Milan, making IoT accessible with high-value, low-cost solutions. We help B2B industries, retail, and healthcare sectors supporting energy-facility managers, and plant operations teams to overcome IoT adoption barriers. Our offering includes both sensors and services. We control the entire process, from design to implementation.  Low CapEx and success fee model, we've already worked with company like Barilla.",No,,,,,,,"September 22, 2025 7:46 PM",,,,,,,,1,,,,Startup Acceleration,,,,,,,,"€25,000.00","https://www.sintropy.ai/ ",
Fortuny-Caramba,,,,C15 - Hardware / Robotics / IOT / Smart Manufacturing,,fortuny-caramba,,"Io nn ho al momento nessuna impresa, nè start up, ( Avon è la compagnia per cui lavoravo) la mia idea è un capo di abbigliamento, un mantello reversibile costituito da un lato neoprene e dall'altro tessuto qualsivoglia, legati da una cerniera. Soddisfa il bisogno di coprirsi, ma ancora di più soddisfa il proprio benessere interiore come deve fare un capo di abbigliamento. Al momento sono in un momento di stallo, visto il quadro internazionale.",No,,,,,,,"September 22, 2025 7:47 PM",,,,,,,,1-No,https://api.typeform.com/responses/files/590a38360383ee88764440c9c35ae87f4cd11515c07c1968e62d32e1d5beb030/Nuova_cartella_compressa.zip,,,Startup Acceleration,,,,,,,,,https://www.avon,
Klara,,,,C15 - Hardware / Robotics / IOT / Smart Manufacturing,,klara,,"Klara is the first fashion-tech glasses that purify the air you breathe form pollution, pollens and bacteria",No,,,,,,,"September 22, 2025 7:49 PM",,,,,,,,1-No,https://api.typeform.com/responses/files/4d418ba91fc3e8a17ff31e2adcd21f64f2b2d462e4a0e0db2d9f18b5b8f485da/Klara_Pitch_Deck_compressed__1_.pdf,,,Startup Acceleration,,,,,,,,,"https://www.wearklara.com/ ",
jooband,,,,C15 - Hardware / Robotics / IOT / Smart Manufacturing,,jooband,,PIATTAFORMA STREAMING  HIGH TECHNOLOGY,No,,,,,,,"September 22, 2025 7:49 PM",,,,,,,,1-No,,,,Startup Acceleration,,,,,,,,,https://jooband.com,
Vanto Collaborative Robotic Systems Ltd,,,,C15 - Hardware / Robotics / IOT / Smart Manufacturing,,vantocollaborativeroboticsystemsltd,,"Vanto provides autonomous robotic tractors as-a-service for large vineyards. Our fleets handle soil and canopy management, solving labor shortages while cutting Opex by 30% and emissions. It’s a rental subscription with multi-season contracts. We’ve raised 7 FnF rounds for a total of 133K€, built our first prototype, logged 130 km in the field, and have 13 inbound demo requests from Italian vineyards.",No,,,,,,,"September 22, 2025 7:53 PM",,,,,,,,1-No,https://api.typeform.com/responses/files/49290c9eb027eb8265632b0fc7632044de2325b64f36a70a8143ec62cbe31de7/innovit_vanto_09_09_25_pitch.pdf,,,Startup Acceleration,,,,,,,,,"https://www.vanto.ai/ ",
TEST 1 SRL SB (T1 Solutions),,,,C16 - CleanTech / Agrifoodtech / Blue Economy,,test1srlsb(t1solutions),,"T1 Solutions is a cleantech company addressing the global challenge of oil and hydrocarbon spills. We developed FoamFlex, a patented absorbent that captures hydrocarbons while repelling water, reusable up to 200 times and reducing remediation costs by 93% and CO₂ emissions by 99.5% compared to traditional products. Our target markets include ports, shipping, oil & gas, and industrial sectors, with sales via B2B, distributors, and digital channels.",No,,Luca Ottelli,2014,,,,"November 14, 2025 8:52 PM",https://www.linkedin.com/company/t1solutions-greennovation/,,DB%20Companies/T1_Solutions_Bianco.png,,3597320989,Luca Ottelli (https://www.notion.so/Luca-Ottelli-29665d57c00980b69536db7bdbb3fb9a?pvs=21),,2-SF,,,,SMEs Traction,,Lombardy,,Luca Ottelli,https://www.linkedin.com/in/luca-ottelli-3654a51bb/,,,"€344,000.00",https://t1.solutions/,
beexlab srl (aka albicchiere),,,,,,beexlabsrl(akaalbicchiere),,"Albicchiere is a smart wine platform solving waste ($1.3B/year), wrong serving conditions (63% bottles), and wineries’ lack of consumer data (90%). Our ecosystem combines the Albi Smart Dispenser, patented Smart Wine Bags, and a digital platform with AI Sommelier. We target consumers, restaurants, wine bars, and wineries. Revenue comes from hardware, consumables, and SaaS. Traction: 1,300+ backers, 20,000+ waitlist, 60 distributors, 80 wineries.",No,,"Douglas Beltran,Massimo Mearini",2017,,,,"December 17, 2025 8:07 PM",https://www.linkedin.com/company/albicchiere/,,DB%20Companies/download.png,,IT03557430547,"Douglas Beltran (https://www.notion.so/Douglas-Beltran-29665d57c00980729444cae38ca7fd9c?pvs=21), Massimo Mearini (https://www.notion.so/Massimo-Mearini-29665d57c0098092b79ed19d4bfd0e6c?pvs=21)",,2-SF,,,,SMEs Traction,,Umbria,,"Douglas Beltran,Massimo Mearini","https://www.linkedin.com/in/dbbeltran/,https://www.linkedin.com/in/massimo-mearini/",,,"€107,350.00",https://www.albicchiere.com/,
BeNewtral,,,,C16 - CleanTech / Agrifoodtech / Blue Economy,,benewtral,,"BeNewtral S.R.L. – SB is an innovative startup focused on developing low impact materials that reduce environmental impact in the construction and manufacturing sectors. Our core mission is to replace traditional, carbon-intensive materials—such as cement—with circular, low-carbon alternatives derived from industrial by-products.",No,,"Riccardo Frezzato,Silvia Gatti",2020,,,,"November 27, 2025 12:20 PM",https://www.linkedin.com/company/benewtral/?viewAsMember=true,,DB%20Companies/LOGO_ORIZZONTALE_3x.png,,11380720968,"Riccardo Frezzato (https://www.notion.so/Riccardo-Frezzato-29665d57c00980699079f024e4716d11?pvs=21), Silvia Gatti (https://www.notion.so/Silvia-Gatti-29665d57c0098044aa09f2a33793be43?pvs=21)",,2-No SF,,,,SMEs Traction,,Lombardy,,"Riccardo Frezzato,Silvia Gatti","https://www.linkedin.com/in/riccardo-frezzato-btceth/,https://www.linkedin.com/in/silvia-gatti-9418922/",,,"€282,191.00",https://www.benewtral.com/,
HexErgy s.r.l.,,,,C16 - CleanTech / Agrifoodtech / Blue Economy,,hexergys.r.l.,,"HexErgy is a blockchain platform that makes Renewable Energy Communities (RECs) accessible to citizens, SMEs, and public entities, with or without technical expertise. Through four modules and a pay-per-module model, it enables users to design, create, manage, and promote RECs. Its unique all-in-one approach cuts setup time by 75%, removes bureaucratic barriers, and makes RECs' social impact tangible. Over 400 RECs designed on HexErgy in Italy, 10 managed in the Netherlands, and 45+ in Colombia.",No,," Nicolas Marrugo",2023,,,,"December 5, 2025 9:29 AM",https://www.linkedin.com/company/hexergy,,DB%20Companies/LOGOTYPE_HexErgy_sfondo_scuro.png,,01895870705," Nicolas Marrugo (https://www.notion.so/Nicolas-Marrugo-2c065d57c009809db0e2e24a37084f24?pvs=21)",,2-SF,,,,SMEs Traction,,Molise,," Nicolas Marrugo",,,,"€70,000.00",https://hexergy.it/en/,
Nanomnia,,,,C16 - CleanTech / Agrifoodtech / Blue Economy,,nanomnia,,"Agriculture is at a crossroads: chemicals are under pressure, while biologicals remain too unstable to replace them. Nanomnia makes biologicals work with biodegradable, microplastic-free technologies that stabilize and enhance fragile actives. We support agrochemical and biotech companies through R&D services and licensing, while developing our own proprietary products. Our solutions are already validated with leading partners in Europe, the US, China, India, and Latin America.",No,,Marta Bonaconsa,2017,,,,"October 24, 2025 7:14 PM",https://www.linkedin.com/company/18152655/admin/dashboard/,,DB%20Companies/nanomnia__white.png,,04469820239,Marta Bonaconsa (https://www.notion.so/Marta-Bonaconsa-29665d57c00980e2850cdea167a06412?pvs=21),,2-SF,,,,SMEs Traction,,Veneto,,Marta Bonaconsa,https://www.linkedin.com/in/martabonaconsa/,,,"€195,000.00",https://www.nanomnia.eu,
Blue Gold s.r.l.,,,,C16 - CleanTech / Agrifoodtech / Blue Economy,,bluegolds.r.l.,,"Blue Gold was born with a clear purpose: to preserve water resources and build a more sustainable future. As an Italian technology company, we provide end-to-end digital solutions to tackle water scarcity and inefficiency. Our customers include utilities, water-intensive industries, and facility managers. By combining IoT devices with AI, cloud, and data analytics, we enable monitoring and optimization of water use, delivering measurable savings and impact.",No,,"Andrea Delogu,Martina Gandolfi",2010,,,,"October 24, 2025 7:13 PM",https://www.linkedin.com/company/blue-gold-it,,DB%20Companies/logo_blue_gold_02_rgb_bianco.png,,IT06434930969,"Andrea Delogu (https://www.notion.so/Andrea-Delogu-975c288ae9b1490685f2a5b3e458b381?pvs=21), Martina Gandolfi (https://www.notion.so/Martina-Gandolfi-29665d57c009801b85afdbfe529f0e36?pvs=21)",Milano,2-SF,,,,SMEs Traction,,Lombardy,,"Andrea Delogu,Martina Gandolfi","https://www.linkedin.com/in/andreadelogu/,https://www.linkedin.com/in/martina-gandolfi-6049171b5",,,"€194,000.00",https://www.blue-gold.it/en,
Zirak s.r.l.,,,,C16 - CleanTech / Agrifoodtech / Blue Economy,,ziraks.r.l.,,"Zirak is an innovative Italian SME with a dedicated R&D lab and 50 hectare pilot project in Portugal. With a strong track record in E2E projects for leading international players in automotive, domotics, and industry 4.0, today Zirak focuses on cutting-edge software solutions, with applications ranging from AI-driven platforms for EO, biodiversity monitoring, and environmental conservation to tools supporting circular economy and ecosystem regeneration, targeting private and public customers.",No,,"Davide Mazzucchi,Filippo Basso",2000,,,,"October 24, 2025 7:02 PM",https://www.linkedin.com/company/zirak-it,,DB%20Companies/Zirak_logo_trasparente.png,,IT01150250049,"Davide Mazzucchi (https://www.notion.so/Davide-Mazzucchi-29665d57c0098078809aed075d47f630?pvs=21), Filippo Basso (https://www.notion.so/Filippo-Basso-29665d57c0098081aaebf5a8addf80b9?pvs=21)",,2-SF,,,,SMEs Traction,,Piedmont,,"Davide Mazzucchi,Filippo Basso","https://www.linkedin.com/in/davide-mazzucchi,https://www.linkedin.com/in/filippo-basso",,,"€2,722,405.00",https://zirak.com/,
BetterSea Power srl SB,,,,C16 - CleanTech / Agrifoodtech / Blue Economy,,betterseapowersrlsb,,"BetterSea Power is a startup transforming ports and marinas into sustainable hubs. We address the lack of renewable energy production, marine water pollution, and insufficient environmental data. Our modular products, that can be retrofitted onto any pontoon, include walkable photovoltaic planks, fenders with skimmers removing hydrocarbons and microplastics, and smart charging columns with sensors for realtime monitoring. BSP has already raised over €340k through grants and Faros-CDP investment",No,,"Leonardo Petretti,Thomas Fabio Borrelli",2024,,,,"October 24, 2025 7:08 PM",https://www.linkedin.com/company/bettersea-power/posts/?feedView=all,,DB%20Companies/BETTERSEA_WHITE_WEB.png,,IT17692381001,"Leonardo Petretti (https://www.notion.so/Leonardo-Petretti-29665d57c00980bfb523fdfe3d1ef914?pvs=21), Thomas Fabio Borrelli (https://www.notion.so/Thomas-Fabio-Borrelli-29665d57c009801fa6faf1891d38cdb0?pvs=21)",,2-SF,,,,SMEs Traction,,Latium,,"Leonardo Petretti,Thomas Fabio Borrelli","https://www.linkedin.com/in/leonardo-petretti-41543ab6/,https://www.linkedin.com/in/thomas-fabio-borrelli/",,,€0.00,https://www.betterseapower.com/,
Glutensens Srl,,,,C16 - CleanTech / Agrifoodtech / Blue Economy,,glutensenssrl,,"With a strong commitment to scientific research and the goal of creating an aware community, we are dedicated to a future where food safety is accessible to all, and no one has to worry about gluten contamination.We offer a complete solution to certify each cooked meal without gluten contamination based on unsurpassed unique technology to Hotels, Restaurants, and Catering Services, but also Food Producers and to individuals using a B2B/B2C Model, selling Hardware, Software and Services .",No,,"Andrea Zanella,Chiara di Lorenzo",2024,,,,"October 24, 2025 7:06 PM",https://www.linkedin.com/search/results/all/?fetchDeterministicClustersOnly=true&heroEntityKey=urn%3Ali%3Aorganization%3A100701678&keywords=glutensens&origin=RICH_QUERY_TYPEAHEAD_HISTORY&position=0&searchId=9a21ceee-43a1-4ed0-bae0-084fb3eb8285&sid=%3A1h&spellCorrectionEnabled=true,,DB%20Companies/Logo_chiaro_glutensens.png,,13816120961,"Andrea Zanella (https://www.notion.so/Andrea-Zanella-29665d57c009807b9728f8abf3a753be?pvs=21), Chiara di Lorenzo (https://www.notion.so/Chiara-di-Lorenzo-29665d57c009806bab49d53cefedaded?pvs=21)",,2-SF,,,,SMEs Traction,,Lombardy,,"Andrea Zanella,Chiara di Lorenzo","https://www.linkedin.com/in/andreazanella1/,https://www.linkedin.com/in/chiaradilorenzo/",,,€0.00,https://www.glutensens.it,
Healthyfood (MyCIA),,,,C16 - CleanTech / Agrifoodtech / Blue Economy,,healthyfood(mycia),,"HealthyFood (MyCIA) is a food tech company helping people with dietary needs dine safely. Our digital Food Identity Card lets users share their dietary requirements with restaurants, hotels, and cruises. We generate revenue through consumer subscriptions and B2B licensing. With 3,000+ restaurants in Italy, including Roadhouse, using our platform, we are expanding into the U.S. to improve dining inclusivity",No,,"Pietro Ruffoni,Francesco Parabita",2020,,,,"October 24, 2025 7:23 PM",https://www.linkedin.com/company/myciaforbusiness/,,DB%20Companies/Logo_MyCIA__1_.png,,IT04150560243,"Pietro Ruffoni (https://www.notion.so/Pietro-Ruffoni-29665d57c009806c9c04dde2b518ede7?pvs=21), Francesco Parabita (https://www.notion.so/Francesco-Parabita-29665d57c009805a8202e6874fcac5ce?pvs=21)",,2-SF,,,,SMEs Traction,,Veneto,,"Pietro Ruffoni,Francesco Parabita","https://www.linkedin.com/in/pietro-ruffoni/,https://www.linkedin.com/in/francescoparabita/",,,"€470,000.00",https://healthyfood.srl,
SIEVE SRL,,,,C16 - CleanTech / Agrifoodtech / Blue Economy,,sievesrl,,"SIEve transforms metallurgical slags into high-performance filtration media for wastewater. We aim to solve the complexity and cost of multi-technology plants for galvanic and chemical industries. We offer modular reactors with regenerable media, distinguished by single-step removal of metals, organics, and microbes and full circularity. Our revenue comes from reactor sales, media replacement, and waste valorization. Currently, we have pilot projects, awards, and VC backing.",No,,"Yuri Serra,Jessica Serra",2022,,,,"October 24, 2025 7:34 PM",https://www.linkedin.com/company/sie-ve/,,DB%20Companies/Banner_logo_Tavola_disegno_1_copia.png,,04643700166,"Yuri Serra (https://www.notion.so/Yuri-Serra-29665d57c00980bb8f6ff837875c257d?pvs=21), Jessica Serra (https://www.notion.so/Jessica-Serra-29665d57c00980c083d1def7f9dd724c?pvs=21)",,2-SF,,,,SMEs Traction,,Lombardy,,"Yuri Serra,Jessica Serra","https://www.linkedin.com/in/yuri-serra-44a7671a2/,https://www.linkedin.com/in/jessica-serra-21b994170/",,,€0.00,https://sie-ve.it/,
VisioNing,,,,C16 - CleanTech / Agrifoodtech / Blue Economy,,visioning,,"VisioNing is a deeptech startup developing innovative technologies for the valorization of wastewater. It addresses the growing environmental challenge of water contamination and nutrient loss with a patented, modular system that purifies wastewater while recovering nutrients, with no energy consumption. Our target customers are agri-food industries, including breweries, wineries, dairies, and olive mills. We have done 2 PoCs and now scaling them to a a market-ready product..",No,,Simone Guzzetti,2024,,,,"October 24, 2025 7:20 PM",https://www.linkedin.com/company/visioning-tech,,DB%20Companies/visioning_logo_WHITE.png,,13672290965,Simone Guzzetti (https://www.notion.so/Simone-Guzzetti-29665d57c00980988decf083e2dc05e7?pvs=21),,2-SF,,,,SMEs Traction,,Lombardy,,Simone Guzzetti,https://www.linkedin.com/in/guzzetti,,,€0.00,https://visioningtech.com/,
Renovo,,,,C16 - CleanTech / Agrifoodtech / Blue Economy,,renovo,,"Renovo offers a robotic, hardware-based solution for recycling silicon photovoltaic panels. Our automated system uses advanced filtration and processing to recover materials, reduce waste, and boost circularity in solar panel lifecycles.",No,,"Nicolò Bordoli,Andjela Bozinac",2024,,,,"October 24, 2025 7:37 PM",https://www.linkedin.com/company/106915763/admin/dashboard/,,DB%20Companies/BV_1_fronte.jpg,,13849000966,"Nicolò Bordoli (https://www.notion.so/Nicol-Bordoli-29665d57c009800f9ea7d6cddc0f58cb?pvs=21), Andjela Bozinac (https://www.notion.so/Andjela-Bozinac-29665d57c00980079cb7f4e53162dbe5?pvs=21)",,2-SF,,,,SMEs Traction,,Lombardy,,"Nicolò Bordoli,Andjela Bozinac","https://www.linkedin.com/in/nicol%C3%B2-bordoli-187347116/,https://www.linkedin.com/in/bozinac-andjela24/",,,€0.00,https://www.renovo-recycling.it/,
Engreen,,,,C16 - CleanTech / Agrifoodtech / Blue Economy,,engreen,,"EnGreen pushes the energy transition with a B2C model, where citizens can produce and exchange renewable energy among themselves. EnGreen hosts prosumers and consumers on its platform and gets paid for it. Upselling of PV plants, Blockchain monitoring app and general advisory",No,,Carlo Tacconelli,2019,,,,"October 24, 2025 7:16 PM",https://www.linkedin.com/company/engreenconsulting,,DB%20Companies/EG_logo_png.png,,15339021006,Carlo Tacconelli (https://www.notion.so/Carlo-Tacconelli-1e565d57c0098023b7e9f104c72f37b7?pvs=21),,2-SF,,,,SMEs Traction,,Abruzzo,,Carlo Tacconelli,,,,"€2,059,000.00",https://www.engreen.world,
ENVIRO srl,,,,C16 - CleanTech / Agrifoodtech / Blue Economy,,envirosrl,,"Enviro is a cleantech startup delivering an AI and IoT-based platform for smart waste and urban service management. Initially focused on municipal waste challenges, the platform now supports logistics, transport, and mobility for both public and private operators. It uses predictive AI, IoT sensors, and urban sentinels to detect anomalies and service conditions.This enables dynamic planning, real-time monitoring, and data-driven decisions to reduce costs, cut emissions, and enhance governance.",No,,"Fabrizio Paonessa,Augusto Ferrentino",2022,,,,"October 24, 2025 7:26 PM",https://www.linkedin.com/company/e-nviro-research-environment-technologies/posts/?feedView=all,,DB%20Companies/LOGO_ENVIRO_BIANCO.png,,16550901009,"Fabrizio Paonessa (https://www.notion.so/Fabrizio-Paonessa-29665d57c00980dbab82c630c2afcd38?pvs=21), Augusto Ferrentino (https://www.notion.so/Augusto-Ferrentino-29665d57c00980a08527ce42cab84b69?pvs=21)",,2-SF,,,,SMEs Traction,,Latium,,"Fabrizio Paonessa,Augusto Ferrentino","https://www.linkedin.com/in/fabriziopaonessa/,https://www.linkedin.com/in/ferrentino/",,,"€313,724.00",https://envirosrl.com/,
Realspa srl,,,,C16 - CleanTech / Agrifoodtech / Blue Economy,,realspasrl,,"Is an innovation-driven company developing cutting-edge technologies for waste treatment and resource valorization. At the core is our proprietary Attritor Mill, a high-intensity mechanical pre-treatment that unlocks organic bioavailability, significantly enhancing anaerobic digestion efficiency and renewable energy generation.",No,,"Marcello Reale,Marco Taccione",2020,,,,"December 3, 2025 9:19 AM",https://www.linkedin.com/company/attritortradesrl/,,DB%20Companies/realspa_logo_FONDO_NERO.pdf,,05779790871,"Marcello Reale (https://www.notion.so/Marcello-Reale-95e38b846f5c4744b0fe4a4ab8c249c6?pvs=21), Marco Taccione (https://www.notion.so/Marco-Taccione-29765d57c009806db4bfef7d2bd8a36e?pvs=21)",,2-SF,,,,SMEs Traction,,Sicily,,"Marcello Reale,Marco Taccione","https://www.linkedin.com/in/marcello-reale-785544259/,https://www.linkedin.com/in/marco-taccione-a9096a6?utm_source=share&utm_campaign=share_via&utm_content=profile&utm_medium=ios_app",,,"€3,227,757.00",https://www.realspa.it/en/home,
AEnergy Power S.r.l.,,,,C16 - CleanTech / Agrifoodtech / Blue Economy,,aenergypowers.r.l.,,"We develop modular power systems for high-consumption environments such as construction sites, ports, and Renewable Energy Communities. Our solutions are based on energy recovery from lifting mechanisms.Our three core products—BPG, BPS, and GBS—combine lithium batteries, renewable sources, and smart software to reduce fuel costs, cut CO₂ emissions up to 100%, and recover up to 60% of the energy. They are scalable, plug-and-play, and standalone solutions, designed to replace diesel generators",No,,"Enrico Natella,Massimo Costetti,LORENZO NIZZOLINi",2025,,,,"December 5, 2025 11:51 AM",https://www.linkedin.com/company/108242208,,DB%20Companies/Logo_4k__orizzontale.jpg,,14069200963,"Enrico Natella (https://www.notion.so/Enrico-Natella-2b065d57c00980289ca2cd2db8c4c790?pvs=21), Massimo Costetti (https://www.notion.so/Massimo-Costetti-2c065d57c00980ec8b82f92af8f78f23?pvs=21), LORENZO NIZZOLINi (https://www.notion.so/LORENZO-NIZZOLINi-29665d57c00980eda8a6d5c61a50e3f4?pvs=21)",Assago (MI),2-SF,,,,SMEs Traction,,Lombardy,,"Enrico Natella,Massimo Costetti,LORENZO NIZZOLINi",https://www.linkedin.com/in/lorenzo-nizzolini-10829b1b3/,,,€0.00,https://www.aenergypower.com,
Ride2share S.R.L. (Wegoo),,,,C16 - CleanTech / Agrifoodtech / Blue Economy,,ride2shares.r.l.(wegoo),,"Wegoo is a community-driven mobility platform that connects sports and event fans to share rides sustainably and affordably. We address high costs and lack of transport options during events. Our app helps users reduce costs and CO₂ emissions while strengthening team communities. Revenue comes from B2B white-label solutions and partnerships with sports teams, and B2C via service fees. With 1,500+ downloads and 500+ users, we’re finalizing partnerships with Cagliari and Juventus, RDS media partne",No,,"Alessandro Lumicisi,Alessio Micunco",2023,,,,"March 18, 2026 6:28 PM",https://it.linkedin.com/company/wegoo-com,https://it.linkedin.com/company/wegoo-com,DB%20Companies/wegoo_logo.png,,IT17412501003,"Alessandro Lumicisi (https://www.notion.so/Alessandro-Lumicisi-29665d57c00980aebe01db66d6a96139?pvs=21), Alessio Micunco (https://www.notion.so/Alessio-Micunco-29665d57c00980e38c54edfd557ba57e?pvs=21)",,2-No SF,,,,SMEs Traction,,Latium,,"Alessandro Lumicisi,Alessio Micunco","https://www.linkedin.com/in/alessandro-lumicisi/,https://www.linkedin.com/in/alessio-micunco-13281b1b8/",,,€0.00,https://wegoo.it/,
B-Plas srl società benefit,,,,C16 - CleanTech / Agrifoodtech / Blue Economy,,b-plassrlsocietàbenefit,,"B-Plas sbrl is an OEM that designs and manufactures fully customized and automated systems that transform civil, industrial and agri-food wastewater into PHA (polyhydroxyalkanoates), a bio-based and biodegradable plastic, while drastically reducing the volume of sludge to be disposed of. We expect revenue from the sales of plants, and recurring revenue from technical assistance and process advisory services after plant installation. We want to take part to the PHA-rich biomass commercialization.",No,,,2021,,,,"October 15, 2025 3:01 PM",,,,,02679670394,,,2-No SF,,,,SMEs Traction,,Emilia-Romagna,,,,,,"€200,000.00",https://www.b-plas.it/,
EV Field Service,,,,C16 - CleanTech / Agrifoodtech / Blue Economy,,evfieldservice,,"EV Field Service is a tech-enabled company that delivers EV charging infrastructure for corporate fleets. We solve the challenge of electrifying multiple sites for businesses switching to electric vehicles.We offer turnkey services from design to maintenance, powered by proprietary algorithms that simplify and optimizes infrastructure based on real fleet data. Our revenue comes from infrastructure projects, engineering, and service contracts.",No,,,2022,,,,"October 15, 2025 3:02 PM",,,,,03823770783,,,2-No SF,,,,SMEs Traction,,Campania,,,,,,"€212,593.00",https://www.evfieldservice.it,
ALEANTE ENGINEERING,,,,C16 - CleanTech / Agrifoodtech / Blue Economy,,aleanteengineering,,"Aleante Engineering is a cleantech and IoT company developing Loghiro, a platform for smart water and energy management. We address inefficiencies and waste in utilities, municipalities, and SMEs by enabling real-time monitoring and predictive control of resources. Our solution combines IoT devices, cloud software, and AI, uniquely integrating water networks and energy communities (CERs) under one ecosystem. We operate on a SaaS and hardware sales model, offering affordable and scalable solution",No,,,2019,,,,"October 15, 2025 3:13 PM",,,,,01786230092,,,2-No SF,,,,SMEs Traction,,Liguria,,,,,,"€31,000.00",https://www.aleante.com,
Infinity Electric Energy Srl.,,,,C16 - CleanTech / Agrifoodtech / Blue Economy,,infinityelectricenergysrl.,,"My PMI is an EX innovative startup, focused on R&D of renewable energy and sustainable mobility, efficiency and energy storage. Our patented solutions, such as the multifunctional toroidal electric generator, guarantee energy from any pressurized fluid and pumping of high-pressure fluids with efficiency greater than 99%. Revenues come from licenses, partnerships and international patent sales, we have won important awards and we are trying to participate in the European Green Deal tenders.",No,,,2017,,,,"October 15, 2025 3:02 PM",,,,,10015140964,,,2-No SF,,,,SMEs Traction,,Lombardy,,,,,,"€4,080.00",https://www.infinityelectricenergy.it,
J4ENERGY (J4 Srl),,,,C16 - CleanTech / Agrifoodtech / Blue Economy,,j4energy(j4srl),,"J4energy is a sustainability tech company that streamlines industrial decarbonization. We solve Scope 3 emissions management and ESG reporting challenges for fashion companies with complex supply chains. Our Decarb Co-Pilot platform transforms data into actionable plans, distinguished by managing thousands of suppliers efficiently and reducing analysis time from months to weeks. We work with Kering, Gruppo Florence, Geox, and Bata through our SaaS subscription model.",No,,,2018,,,,"October 15, 2025 3:02 PM",,,,,05142430288,,,2-No SF,,,,SMEs Traction,,Veneto,,,,,,"€200,000.00",https://www.j4.energy/decarb-co-pilot/,
Penguinpass,,,,C16 - CleanTech / Agrifoodtech / Blue Economy,,penguinpass,,"Penguinpass is a SaaS platform revolutionizing event management by solving the challenges of guest engagement and data generation. Designed for corporate event organizers and sports clubs, we offer smart check-ins, proximity-based matchmaking, and actionable insights to optimize ROI and enhance guest experiences. Our unique solution leverages IoT and AI to automate workflows, minimize errors, and deliver real-time data. With a revenue model based on pay-per-event fees and annual subscriptions.",No,,,2015,,,,"October 15, 2025 3:02 PM",,,,,08866100962,,,2-No SF,,,,SMEs Traction,,Lombardy,,,,,,"€400,000.00",https://www.penguinpass.it,
Metacasa,,,,C16 - CleanTech / Agrifoodtech / Blue Economy,,metacasa,,"Metacasa is a digital platform accelerating the decarbonization of residential properties by simplifying and scaling energy retrofits. Our SaaS-enabled marketplace connects homeowners, real estate agents, and professionals, streamlining project management, cost estimation, and execution. With 350K ARR and over €2M in marketplace transactions, we are expanding across Italy and preparing for European growth.",No,,,2022,,,,"October 15, 2025 3:02 PM",,,,,04064601208,,,2-No SF,,,,SMEs Traction,,Emilia-Romagna,,,,,,"€320,000.00",https://www.metacasa.ai,
Helios Domotics S.r.l.,,,,C16 - CleanTech / Agrifoodtech / Blue Economy,,heliosdomoticss.r.l.,,"lit is a climate tech company helping monitor and optimize energy use. We solve the problem of hidden and inefficient consumption with a plug & play device and AI-powered disaggregation. Our platform enables smart services and ESG reporting. We generate revenue through hardware sales and SaaS. Currently, we serve distributors andB2B clients in Italy with €10k in monthly recurring revenue.",No,,,2022,,,,"October 15, 2025 3:02 PM",,,,,16856511007,,,2-No SF,,,,SMEs Traction,,Latium,,,,,,"€5,000.00",https://www.itslitbox.com/,
While True srl,,,,C16 - CleanTech / Agrifoodtech / Blue Economy,,whiletruesrl,,"While True is a cleantech startup that developed a process to chemically recycle polyester from low-quality, mixed textile waste, in order to recover and produce virgin-quality PET for new textile or packaging. We have a longstanding partnership with Politecnico di Milano and a renowned engineering company to license this technology to recycling operators and PET/fibers producers. We have a granted patent, an operational pilot plant and we are currently engineering our first industrial plant.",No,,,2021,,,,"October 15, 2025 3:02 PM",,,,,04496100167,,,2-No SF,,,,SMEs Traction,,Lombardy,,,,,,€0.00,https://www.whiletrue.eco,
IOTILIZE.ME,,,,C16 - CleanTech / Agrifoodtech / Blue Economy,,iotilize.me,,"iotilize.me is a B2B hardware-software startup that offers tech services in the waste management sector. We aim to solve logistics problems related to containers turnover for private waste collection companies. We offer an IoT-based SaaS distinguished by low initial investments for customers and an all-in-one fee for anything involved in volume/gps measuring. Our revenue comes from a recurring subscription and we have already deployed and tested sensors with SMEs, consortiums and corporates",No,,,2023,,,,"October 15, 2025 3:03 PM",,,,,IT17287471001,,,2-No SF,,,,SMEs Traction,,Latium,,,,,,€0.00,https://iotilize.me,
Ohoskin,,,,C16 - CleanTech / Agrifoodtech / Blue Economy,,ohoskin,,"Ohoskin is an Italian deep-tech company that has developed a patented, premium alternative to animal and synthetic leather, made from Sicilian orange by-products. Our material is designed for the fashion, automotive, furniture, and accessories sectors, offering a sustainable, high-performance solution rooted in circular economy principles and Italian craftsmanship.",No,,,2019,,,,"October 15, 2025 3:03 PM",,,,,05669030875,,,2-No SF,,,,SMEs Traction,,Sicily,,,,,,"€77,291.00",https://ohoskin.com/,
Planet Srl.,,,,C16 - CleanTech / Agrifoodtech / Blue Economy,,planetsrl.,,"Planet Srl is a pioneering company specializing in carbon farming and ecosystem regeneration in arid, water-scarce environments. Leveraging innovative technologies like the Mangrove Technology Platform (MTP), Planet addresses the challenges of climate change, water scarcity, and sustainable agriculture. The MTP combines advanced desalination, vertical farming, and IoT systems to grow high-quality seedlings efficiently using minimal resources such as saltwater and solar energy.",No,,,2012,,,,"October 15, 2025 3:03 PM",,,,,03400080986,,,2-No SF,,,,SMEs Traction,,Lombardy,,,,,,€0.00,https://nogreenwithoutblue.it/,
Dabohn srl,,,,C16 - CleanTech / Agrifoodtech / Blue Economy,,dabohnsrl,,"Dabohn is a startup which develop and sell an intelligent operating system that solve skill shortage and turnover issues in manufacturing, wastewater management and food process markets. We offer a software platform that gather and preserve knowledge from skilled operators, embedded with digital twin and AI modules.Our business model is based on a combination of installation fees and recurring revenue through license subscription. We are engaged with multinational OEMs, multiutilities and SMEs.",No,,,2024,,,,"October 15, 2025 3:00 PM",,,,,01890480336,,,2-No SF,,,,SMEs Traction,,Emilia-Romagna,,,,,,"€120,000.00",https://www.dabohn.com,
IRIDE ACQUE SB SRL,,,,C16 - CleanTech / Agrifoodtech / Blue Economy,,irideacquesbsrl,,"Iride Acque SB S.r.l. is an innovative SME and Benefit Company developing advanced water treatment, with a patented technology, to enable industrial wastewater reuse. Our target customers are industrial companies seeking sustainable, cost-efficient water management solutions.",No,,,2015,,,,"October 15, 2025 3:09 PM",,,,,02710100344,,,2-No SF,,,,SMEs Traction,,Emilia-Romagna,,,,,,"€2,037,806.00",https://irideacque.com/en/,
PROSUME,,,,C16 - CleanTech / Agrifoodtech / Blue Economy,,prosume,,"PROSUME is a comprehensive digital interface for energy services, financial transactions, and user identity, fostering a decentralized marketplace.By collecting the data at the point of generation and preserving its integrity, directly delivering the value to end users through the digital wallet, we close the feedback loop.",No,,,2018,,,,"October 15, 2025 3:09 PM",,,,,10381220960,,,2-No SF,,,,SMEs Traction,,Lombardy,,,,,,"€50,000.00",https://prosume.io,
Aqtec srl,,,,C16 - CleanTech / Agrifoodtech / Blue Economy,,aqtecsrl,,"AQTEC is a small enterprise company specialized in developing custom software solutions, particularly for the agri-tech sector. Our aim is to offer solutions to reduce environmental impact and optimize resource use. AQTEC has a unique know-how in the sector ensuring the high quality of its services. Our revenue comes from R&D Fundings. Currently, we are committed to driving an ambitious project: applying circular economy principles to the agri-food sector.",No,,,2012,,,,"October 15, 2025 2:53 PM",,,,,07979420960,,,1-No,,,,SMEs Traction,,Lombardy,,,,,,"€600,000.00",https://aqtec.it,
New Generation Sensors srl,,,,C16 - CleanTech / Agrifoodtech / Blue Economy,,newgenerationsensorssrl,,"New Generation Sensors is an Italian deep-tech startup developing advanced IoT-Blockchain solutions for industrial monitoring and smart logistics. Its flagship platform, TrackOne, enables real-time, item-level traceability across all transport modes—road, rail, sea, and air—ensuring continuous visibility even during intermodal transfers.",No,,,2015,,,,"October 15, 2025 2:53 PM",,,,,02174170502,,,1-No,,,,SMEs Traction,,Tuscany,,,,,,"€64,095.00",https://ngs-sensors.it,
RARA Factory,,,,C16 - CleanTech / Agrifoodtech / Blue Economy,,rarafactory,,"RARA Factory uses network theory and materials physics to boost AI for the discovery of new compounds, aiming at replacing all critical materials with clean ones. RARA developed a proprietary method to design, produce and characterize materials in a unique high-throughput manner. The revenue model is based on the IP-licensing of the developed materials and on JDPs. The current focus is to the permanent magnet and semiconductor sectors, where MoUs and LOIs have been signed with key companies.",No,,,2024,,,,"October 15, 2025 2:53 PM",,,,,13690850964,,,1-No,,,,SMEs Traction,,Veneto,,,,,,€0.00,https://rarafactory.com,
Algae Scope,,,,C16 - CleanTech / Agrifoodtech / Blue Economy,,algaescope,,"Algae Scope is a biotech startup replacing toxic PFAS in textiles with a sustainable, seaweed-based coating. PFAS “forever chemicals” are widely used for water- and fire-resistance but pose severe health and environmental risks, with industries facing growing regulatory pressure. We offer a fully natural, waterproof, and flame-retardant coating made entirely from seaweed. Unlike alternatives, our solution is cost-comparative, and in 'drop-in' format, compatible with existing manufacturing.",No,,,2024,,,,"October 15, 2025 2:53 PM",,,,,4888820273,,,1-No,,,,SMEs Traction,,Veneto,,,,,,€0.00,https://www.algae-scope.com,
Ecodrone Srl,,,,C16 - CleanTech / Agrifoodtech / Blue Economy,,ecodronesrl,,"Ecodrone is an innovative SME and University of Florence spin-off developing modular, zero-emission autonomous surface vehicles (ASVs). We tackle the challenge of cost-effective monitoring of marine environments and offshore infrastructures. Unlike existing ASVs, our patented modular design ensures scalability and easy reconfiguration, while natural fiber composites reduce environmental footprint. AI-enabled sensor integration delivers precise, real-time data. We target energy companies,",No,,,2019,,,,"October 15, 2025 2:53 PM",,,,,1497500114,,,1-No,,,,SMEs Traction,,Liguria,,,,,,"€16,150.00",https://ecodroneitaly.com,
eMomentum,,,,C16 - CleanTech / Agrifoodtech / Blue Economy,,emomentum,,"eMomentum helps industrial and infrastructure operators tackle production losses, service interruptions, rising energy costs, and the scarcity of time and skilled resources, shifting from life-extension logic to data-driven, energy-efficiency-based interventions. We offer a predictive maintenance solution which acts in advance when energy costs and emissions increase. eMomentum enables companies to do the right thing at the right time.",No,,,2025,,,,"October 15, 2025 2:53 PM",,,,,IT14037930964,,,1-No,,,,SMEs Traction,,Lombardy,,,,,,€0.00,https://www.emomentum.it,
Blackbox Green Srl,,,,C16 - CleanTech / Agrifoodtech / Blue Economy,,blackboxgreensrl,,"Blackbox Green is a little company, ex Innovative Startup  that product for Energetic Efficiency. We aim to solve for climatizing buildings. We offer Meteo Predittive System with patent, distinguished by unique solution in the world. Our revenue comes from fornitures and Service SaaS. Currently, we have long time leasing, if applicable.",No,,,2015,,,,"October 15, 2025 2:54 PM",,,,,03636890364,,,1-No,,,,SMEs Traction,,Emilia-Romagna,,,,,,"€192,842.00",https://blackboxgreen.com,
GECO - Global Engineerimg Constructions s.r.l.,,,,C16 - CleanTech / Agrifoodtech / Blue Economy,,geco-globalengineerimgconstructionss.r.l.,,"Geco - global Engineering Constructions s.r.l.. We are an innovative SME. We are developing a project to produce sustainable energy and green hydrogen by harnessing ocean waves. Currently, we have invested in more than just prototype testing. We are looking for partners to share the project and the acquired know-how with.",No,,,2001,,,,"October 15, 2025 2:55 PM",,,,,1925260745,,,1-No,,,,SMEs Traction,,Apulia,,,,,,€0.00,https://gecobr.wixsite.com/sewat-en,
Boats Connect,,,,C16 - CleanTech / Agrifoodtech / Blue Economy,,boatsconnect,,"Boats Connect is a travel tech company simplifying sailing holidays with an Agent AI-powered platform. We solve booking complexities by offering personalized packages for travelers. Our unique blockchain-certified reviews and contracts ensure transparency and trust. The platform generates revenue through booking commissions and optional services. We’ve established partnerships with charter operators and are set to launch in Mediterranean markets, making sailing accessible, seamless and secure.",No,,,2024,,,,"October 15, 2025 2:55 PM",,,,,4129890929,,,1-No,,,,SMEs Traction,,Sardinia,,,,,,"€10,000.00",https://www.boatsconnect.com,
Italynsect,,,,C16 - CleanTech / Agrifoodtech / Blue Economy,,italynsect,,"Italynsect produces alternative proteins and food derived from crickets (Acheta domesticus), under its own brand, for human and animal consumption, guaranteeing the final consumer, through the traceability of the whole production process and the quality of the raw materials. Feeding the planet in a sustainable way, respecting the environment, humans and animals",No,,,2022,,,,"October 15, 2025 2:55 PM",,,,,12477320969,,,1-No,,,,SMEs Traction,,Lombardy,,,,,,€0.00,https://www.italynsect.it,
Free Eat,,,,C16 - CleanTech / Agrifoodtech / Blue Economy,,freeeat,,Free Eat is the first free-from eco system where all top quality free-from businesses can digitalize their business and connect with different clients (private or business) taking care of production only and delegating commercial and operative themes.,No,,,2025,,,,"October 15, 2025 2:56 PM",,,,,4837290164,,,1-No,,,,SMEs Traction,,Lombardy,,,,,,€0.00,https://www.freeeat.it/,
AGReen service srl,,,,C16 - CleanTech / Agrifoodtech / Blue Economy,,agreenservicesrl,,"AGReen service mette a disposizione sistemi di supporto alle decisioni e servizi informativi via web per una corretta ed ottimale gestione fitosanitaria ed agronomica della produzione integrata obbligatoria, integrata volontaria e biologica.",No,,,2022,,,,"October 15, 2025 3:13 PM",,,,,2122620384,,,1-No,,,,SMEs Traction,,Emilia-Romagna,,,,,,"€25,000.00",https://www.agreenservice.it,
QuickPark,,,,C16 - CleanTech / Agrifoodtech / Blue Economy,,quickpark,,"QuickPark is a peer-to-peer mobility app that connects people leaving a parking space with drivers searching for one on the street. We cut wasted time, stress, and CO₂ emissions from circling in crowded cities, targeting urban drivers who need instant solutions. QuickPark focuses on on-street availability: those freeing a spot can request a small compensation. Our revenue comes from transaction fees and withdrawal fees when users transfer QuickPark wallet credit to their bank accounts.",No,,,2025,,,,"October 15, 2025 2:56 PM",,,,,09081930720,,,1-No,,,,SMEs Traction,,Apulia,,,,,,€0.00,https://quick-park.net/,
farmeo,,,,C16 - CleanTech / Agrifoodtech / Blue Economy,,farmeo,,"Farmeo is a fintech marketplace connecting farmers and wholesalers, solving inefficiencies in sourcing, payments, and transparency. Using drone-based yield estimation and a BNPL model, we ensure instant payments for farmers and financial flexibility for wholesalers. Revenue comes from transaction fees, data services, and subscriptions.",No,,,2022,,,,"October 15, 2025 2:56 PM",,,,,08687050727,,,1-No,,,,SMEs Traction,,Apulia,,,,,,€0.00,https://www.farmeo.it,
jooband,,,,C16 - CleanTech / Agrifoodtech / Blue Economy,,jooband,,PIATTAFORMA STREAMING  HIGH TECHNOLOGY,No,,,2025,,,,"October 15, 2025 2:56 PM",,,,,,,,1-No,,,,SMEs Traction,,Piedmont,,,,,,€0.00,https://jooband.com,
CarbonSpotted,,,,C16 - CleanTech / Agrifoodtech / Blue Economy,,carbonspotted,,"CarbonSpotted is a startup that will make grocery shopping less impactful. We aim to tackle CO₂ emissions for environmental sensitive customers. We offer a mobile app, distinguished by its focus on CO₂, its accessibility and the opportunity to have a real impact. Our revenue comes from parterships with food companies, we'll help them reduce their impact and give them recognition on our app. Currently, we have a graphic mockup of the app on Figma, almost ready to be turned into a MVP.",No,,,2025,,,,"October 15, 2025 2:57 PM",,,,,"Startup yet to be incorporated, to be determined during the program",,,1-No,,,,SMEs Traction,,Trentino-South Tyrol,,,,,,€0.00,https://onicolas2.wixstudio.com/leafy,
SatEnlight,,,,C12 - Space Economy,,satenlight,,"SatEnlight is transforming satellite communications with optical vortex technology for faster, high-capacity connectivity. We improve Satellite connectivity, enhancing existing systems. Our customers include SatCom providers, and ground station producers. We offer services that enable multichannel communication, faster data transmission, and secure, sustainable connections. Our patented solution delivers unmatched performance. Looking for new investments, we’re set for an IOD by the end of 2028",No,,,2025,,,Space Economy,"October 22, 2025 11:27 AM",,,,,,,,1,,,,SMEs Traction,,Lombardy,,,,,,,https://satenlight.com/,
Digitalcomoedia srl,,,,C12 - Space Economy,,digitalcomoediasrl,,"Digitalcomoedia is an Innovative SME operating in the field of advanced digital content creation, related user systems, and the design and development of applications based on cutting edge technologies such as Virtual Reality (VR), Mixed Reality (XR), Artificial Intelligence (AI) and Digital Twin (DT). All the market solutions and sales are proposed to international enterprise to the following fields: Industry 4.0, Aerospace and Defence, Entertainment, Cultural Heritage",No,,,2002,,,Space Economy,"October 22, 2025 12:15 PM",,,,,,,,1,,,,SMEs Traction,,Campania,,,,,,,,
Starview S.r.l,,,,C12 - Space Economy,,starviews.r.l,,"StarView is a digital platform that uses satellite and aerial imagery, powered by AI, to optimize natural event assessments for corporate insurers, government agencies, and loss adjustment firms. We address challenges such as inspection overload, fraud risk, and slow claim processing. Our service delivers high-resolution damage analysis and reporting, significantly reducing time and costs compared to traditional methods. Revenue is generated through a scalable subscription mod",No,,,2025,,,Space Economy,"October 22, 2025 12:15 PM",,,,,,,,1,,,,SMEs Traction,,Piedmont,,,,,,,,
Deeva,,,,C14 - Fashiontech / Beautytech,,deeva,,"Deeva is a tech-enabled beauty platform that delivers salon-quality services directly to clients' homes. We solve the lack of accessible, high-quality beauty care for busy professionals, mothers, the elderly, and people with mobility limitations. Our trained professionals use the standardized Deeva Method to ensure consistent service. We operate on a commission-based model. To date, we’ve completed over 8,000 appointments and served 3,000 unique clients, with 80% returning customer",No,,,,,,,"October 22, 2025 12:22 PM",,,,,,,,1,,,,SMEs Traction,,,,,,,,,https://www.deeva.it/,
Dualme,,,,C14 - Fashiontech / Beautytech,,dualme,,"Dualme is a startup that built a virtual try on with a size recommendation tool combined. We aim to reduce returns in the fashion industry for brands and markeplaces by improving the online experience. We offer an AI model to be integrated into e-commerce and marketplaces, distinguished by a proprietary AI model. Our revenue comes from brands and marketplaces which are gonna integrate our model on their stores. Currently, we have an investment offer on the table.",No,,,,,,,"October 22, 2025 12:22 PM",,,,,,,,1,,,,SMEs Traction,,,,,,,,,https://www.dualme.it/,
LEB Srl,,,,C14 - Fashiontech / Beautytech,,lebsrl,,"We’ve connected nail polish to the network and revolutionized its packaging, creating a zero-contamination solution. We use only biocompostable materials, designing both Professional and Consumer options. The future of manicure, at home and in salons.",No,,,,,,,"October 22, 2025 12:22 PM",,,,,,,,1,,,,SMEs Traction,,,,,,,,,https://www.leb.world,
Ohoskin,,,,C14 - Fashiontech / Beautytech,,ohoskin,,"Ohoskin is an Italian deep-tech company that has developed a patented, premium alternative to animal and synthetic leather, made from Sicilian orange by-products. Our material is designed for the fashion, automotive, furniture, and accessories sectors, offering a sustainable, high-performance solution rooted in circular economy principles and Italian craftsmanship.",No,,,,,,,"October 22, 2025 12:22 PM",,,,,,,,1,,,,SMEs Traction,,,,,,,,,https://ohoskin.com/,
TEMERA SRL,,,,C14 - Fashiontech / Beautytech,,temerasrl,,"Temera has established itself as a trusted leader in product traceability and serialisation for the world’s top fashion and luxury brands. By leveraging a range of IoT and blockchain technologies, Temera’s solutions provide full visibility across a product’s life cycle - including raw material sourcing, production, logistics, distribution, inventory management,sales, after-sales, upcycling, and end-of-life processes.",No,,,,,,,"October 22, 2025 12:22 PM",,,,,,,,1,,,,SMEs Traction,,,,,,,,,https://temera.it/,
Bonnie Beauty,,,,C14 - Fashiontech / Beautytech,,bonniebeauty,,"Bonnie Beauty is the first Italian startup that created customized skincare with AI in 2021. We solve the frustration of ineffective one-size-fits-all products for consumers seeking effective solutions. Our proprietary algorithm analyzes individual skin characteristics to create tailor-made formulations in Italian laboratories with pharmaceutical-grade ingredients. Revenue comes from D2C online and B2B pharmacy distribution. We've over 60,000 skin analyses completed and a 55% retention rate.",No,,,,,,,"October 22, 2025 12:22 PM",,,,,,,,1,,,,SMEs Traction,,,,,,,,,https://bonniebeauty.it/,
Pulvera,,,,C14 - Fashiontech / Beautytech,,pulvera,,"With pulverization tech, Pulvera turns textile waste into innovative and sustainable solutions.",No,,,,,,,"October 22, 2025 12:22 PM",,,,,,,,1,,,,SMEs Traction,,,,,,,,,https://pulvera.com/en/,
LongEVity Bioscience,,,,C14 - Fashiontech / Beautytech,,longevitybioscience,,"Longevity Bioscience is a cosmetic company that is innovating the field of professional cosmetics and aesthetic medicine with plant exosomes as main active ingredients. Plant exosomes obtained from plant cell cultivated in sterile in vitro  conditions, are rich in active ingredients, including growth factors, and they are expected to revolutionise the landscape for actives in cosmetics. Our revenue come from B2B activities as a cosmetic CDMO specialized in plant exosomes.",No,,,,,,,"October 22, 2025 12:22 PM",,,,,,,,1,,,,SMEs Traction,,,,,,,,,https://arterrabio.it/wp-content/uploads/2024/07/ARTERRA-SIGLATO-ACCORDO-DI-JOINT-VENTURE-CON-EXOSOMICS-S.P.A.-PER-LA-COSTITUZIONE-DI-LONGEVITY-BIOSCIENCE-SRL-25072024.pdf,
Ballangi S.R.L.,,,,C14 - Fashiontech / Beautytech,,ballangis.r.l.,,"Ballangi is a D2C brand offering natural hair loss solutions for men aged 20-45. Our curated product line addresses both emotional and physical aspects of thinning hair. Distinguished by transparency and community engagement, we've achieved €40,000+ in sales without paid advertising. We monetize through our e-commerce platform, using educational content to build trust and drive retention.",No,,,,,,,"October 22, 2025 12:32 PM",,,,,,,,1,,,,Startup Acceleration,,,,,,,,,https://ballangi.com/,
Exteryo,,,,C14 - Fashiontech / Beautytech,,exteryo,,"""Exteryo, through its startup ME Innovation (Mind Engineering Innovation), has invented special NFC and RFID chips with electro-textile technology that are extremely resistant to washing, ironing, and mechanical stress. Alongside this, a proprietary software solution has been developed to manage all the tracking protocols required for the use of these chips.""",No,,,,,,,"October 22, 2025 12:32 PM",,,,,,,,1,,,,Startup Acceleration,,,,,,,,,https://exteryo.com,
MADE IN ITALY -Ai- MARKETPLACE s.r.l.,,,,C14 - Fashiontech / Beautytech,,madeinitaly-ai-marketplaces.r.l.,,"MADE IN ITALY MARKETPLACE is a e-commerce B2C & B2B shopping mall that is empowered with Ai from onboarding Italian Producers and developing in multilingual and multimodal the storytelling of their USP, and train Ai virtual shopping assistants to promote and sell their goods online and through socials and much more as AR and virtual fitting. We aim to solve the fake made in Italy problem and give buyers from around the world a guaranteed gateway to Italian goods directly from the producers",No,,,,,,,"October 22, 2025 12:32 PM",,,,,,,,1,,,,Startup Acceleration,,,,,,,,,https://www.madeinitaly-marketplace.com,
Ratti SpA SB,,,,C14 - Fashiontech / Beautytech,,rattispasb,,"Ratti is a textile company that is specialized in the production of fabrics and soft accessories . We aim to support the creative process for small and large fashion companies, both local as well as international. We offer a fully integrated service, distinguished by creativity, technological knowledge and innovation. Our revenue comes from selling products and creative services.",No,,,,,,,"October 22, 2025 12:32 PM",,,,,,,,1,,,,Startup Acceleration,,,,,,,,,https://www.ratti.it,
OLIMPOFLEX,,VIA GARIBALDI 2,MONTECATINI-TERME,C11 - AI in Game Dev / Immersive Technologies / Metaverse,,olimpoflex,,"OlimpoFlex is Italy’s fastest-growing sleep startup, disrupting the $100B sleep market. We deliver high-quality mattresses and pillows, combining Italian craftsmanship with AI-powered technology. Our direct-to-consumer model eliminates middlemen, cutting prices by 50% while maintaining Class 1 Medical Device certification. With ~$1M revenue in year one, strong margins, and viral traction (#1 on TikTok Italy), we’re now scaling into B2B, marketplaces, and smart sleep solutions.",No,,"Riccardo De Bernardinis,Andrea Valente",2023,<1M (undisclosed),,"ECOMMERCE, IoT, Sleep Tech","October 27, 2025 8:45 PM",,https://www.linkedin.com/company/olimpo-flex,DB%20Companies/OLIMPO_FLEX__logoNEW_white_500.avif,,02070460478,"Riccardo De Bernardinis (https://www.notion.so/Riccardo-De-Bernardinis-39d5d2792f3343f2954f72c185e7eda0?pvs=21), Andrea Valente (https://www.notion.so/Andrea-Valente-19865d57c009809fb483d0e0f6b8d256?pvs=21)",Milano,2-SF,https://api.typeform.com/responses/files/ee8106d7a94ab93669f7e14a96969f7e01bffb7a24e1366a689ce0255e7a65e7/PITCH_DECK_OLIMPOFLEX_ENG_.pdf,,,Startup Bootcamp,PT,Tuscany,,"Riccardo De Bernardinis,Andrea Valente","https://www.linkedin.com/in/riccardo-de-bernardinis,https://www.linkedin.com/in/andrea-valente-931b64180/",12,,"€400,000.00",https://olimpo-flex.com/,51016
Italian Lifestyle srl (1),,VIALE LOMBARDIA 9,MILANO,C15 - Hardware / Robotics / IOT / Smart Manufacturing,,italianlifestylesrl(1),," Italian Lifestyle offers clinically proven, 98% natural skincare solutions that treat autoimmune skin conditions and aging, with traction in Europe and China.",No,,"Francesco Arculeo,Sara Nicoletti Conca",2017,,,,"October 23, 2025 10:30 AM",,,"DB%20Companies/4ce2771c12e5-LOGO_APULIAN_RETREAT.png, DB%20Companies/382bbe36d87b-LOGO_.png",DB%20Companies/ONE_PAGER_-_Italian_Lifestyle_(Lagalene).pdf,10068080968,"Francesco Arculeo (https://www.notion.so/Francesco-Arculeo-21d65d57c009805a98e2cf4ab99394a9?pvs=21), Sara Nicoletti Conca (https://www.notion.so/Sara-Nicoletti-Conca-21d65d57c009800490d2dd834879c51b?pvs=21)",,1,DB%20Companies/PITCH_-_Italian_Lifestyle_(Lagalene).pdf,,,SMEs Traction,MI,Lombardy,,"Francesco Arculeo,Sara Nicoletti Conca","https://www.linkedin.com/in/francescoarculeo/,https://www.linkedin.com/in/sara-nicoletti-conca-2b4469184/",,,,https://lagalene.com,20131
BETTAKNIT SRL,,,,C14 - Fashiontech / Beautytech,,bettaknitsrl,,"Bettaknit is a fashion company that empowers slow fashion lovers to create their own handmade garments. We solve the growing demand for high-quality and eco-friendly alternatives to fast fashion. We offer DIY knitting kits, yarns, and courses, distinguished by sustainable Italian yarns, exclusive patterns, and a strong focus on community and education. Our revenue comes from online and offline sales. Currently, we have over 4,400 customers, €495K annual revenue.",No,,,,,,,"October 23, 2025 10:31 AM",,,,,,,,1,,,,Startup Acceleration,,,,,,,,,https://www.bettaknit.com/it,
tellmewai.eu,,,,SERICS 1,,tellmewai.eu,,,No,,Flavio Giorgi,,,,Cybersecurity,"January 13, 2026 11:35 PM",,,,,,Flavio Giorgi (https://www.notion.so/Flavio-Giorgi-2e765d57c00980ef8c96d24eba507c16?pvs=21),,2-SF,,,,SERICS,,,,Flavio Giorgi,https://www.linkedin.com/in/flavio-giorgi/,,,,https://tellmewai.eu,
SERICS Researchers,,,,SERICS 1,,sericsresearchers,,,No,,"Andrea Vitaletti,Roberto Casula,Marco D’Amico,Giovanni Pettorru,Pietro Liguori,Sara Lazzaro,Silvio Romano,Carmen Licciardi,Giacomo Longo,Andrea De Gruttola,Vincenzo De Angelis,Francesco Buccafurri,Giorgio Schichilone,Luana Maria Alagna,Annalisa Lorito",,,,,"January 13, 2026 11:46 PM",,,,,,"Andrea Vitaletti (https://www.notion.so/Andrea-Vitaletti-2e765d57c009805499bae4379baa9142?pvs=21), Roberto Casula (https://www.notion.so/Roberto-Casula-2e765d57c00980b28801dc4a4dc63d67?pvs=21), Marco D’Amico (https://www.notion.so/Marco-D-Amico-2e765d57c009800ba11ed2b02d187155?pvs=21), Giovanni Pettorru (https://www.notion.so/Giovanni-Pettorru-2e765d57c0098025bbdfec9feca84a1d?pvs=21), Pietro Liguori (https://www.notion.so/Pietro-Liguori-2e765d57c0098099a9b3c0122ae3ab00?pvs=21), Sara Lazzaro (https://www.notion.so/Sara-Lazzaro-2e765d57c0098098a5f1c7070ee35f61?pvs=21), Silvio Romano (https://www.notion.so/Silvio-Romano-2e765d57c00980f49b47d00b184fe593?pvs=21), Carmen Licciardi (https://www.notion.so/Carmen-Licciardi-2e765d57c00980cfb747eba9fd6b4569?pvs=21), Giacomo Longo (https://www.notion.so/Giacomo-Longo-2e765d57c0098000ad95f901a1145563?pvs=21), Andrea De Gruttola (https://www.notion.so/Andrea-De-Gruttola-2f065d57c00980439744e9a57a34cc64?pvs=21), Vincenzo De Angelis (https://www.notion.so/Vincenzo-De-Angelis-2f065d57c00980bb8ef7e77e10283e52?pvs=21), Francesco Buccafurri (https://www.notion.so/Francesco-Buccafurri-2f065d57c009802fb481e9939b14d778?pvs=21), Giorgio Schichilone (https://www.notion.so/Giorgio-Schichilone-2f065d57c00980358821f141aecac4fb?pvs=21), Luana Maria Alagna (https://www.notion.so/Luana-Maria-Alagna-2f065d57c0098040886bc439b219f00b?pvs=21), Annalisa Lorito (https://www.notion.so/Annalisa-Lorito-2f065d57c00980c2a154f45bd8574ea4?pvs=21)",,2-SF,,,,SERICS,,,,"Andrea Vitaletti,Roberto Casula,Marco D’Amico,Giovanni Pettorru,Pietro Liguori,Sara Lazzaro,Silvio Romano,Carmen Licciardi,Giacomo Longo,Andrea De Gruttola,Vincenzo De Angelis,Francesco Buccafurri,Giorgio Schichilone,Luana Maria Alagna,Annalisa Lorito","https://www.linkedin.com/in/andreavitaletti/,https://www.linkedin.com/in/roberto-casula-088504220/,https://www.linkedin.com/in/marco-d-amico-280b6821b/,https://www.linkedin.com/in/giovannipettorru/,https://www.linkedin.com/in/pietro-liguori-73b02a155/,https://www.linkedin.com/in/sara-lazzaro-251211226/,https://www.linkedin.com/in/silvio-romano/,https://www.linkedin.com/in/carmen-licciardi/,https://www.linkedin.com/in/giacomolongo/",,,,,
Ecomi,,,,SERICS 1,,ecomi,,,No,,Matteo Traversari,,,,,"January 14, 2026 7:56 PM",,,,,,Matteo Traversari (https://www.notion.so/Matteo-Traversari-2e765d57c009804ea3ace8614b415eb5?pvs=21),,2-No SF,,,,SERICS,,,,Matteo Traversari,https://www.linkedin.com/in/matteo-traversari-178873372/,,,,https://www.ecomi.digital,
Airfield Security,,,,SERICS 1,,airfieldsecurity,,,No,,Giovanni Gaggero,,,,,"January 13, 2026 11:50 PM",,,,,,Giovanni Gaggero (https://www.notion.so/Giovanni-Gaggero-2e765d57c009808c8920ea10d16e79f4?pvs=21),,2-SF,,,,SERICS,,,,Giovanni Gaggero,https://www.linkedin.com/in/giovannigaggero/,,,,https://www.youtube.com/watch?v=ekjNpMfF3fM,
Promethence,,,,SERICS 1,,promethence,,,No,,Giacomo Lancellotti,,,,,"January 20, 2026 9:42 PM",,,,,,Giacomo Lancellotti (https://www.notion.so/Giacomo-Lancellotti-2e765d57c00980a4b576f0a3f71ccaf4?pvs=21),,2-SF,,,,SERICS,,,,Giacomo Lancellotti,https://linkedin.com/in/giacomo-lancellotti-0042131a6l,,,,,
SLOpilot,,,,SERICS 1,,slopilot,,,No,,Mirco Tribastone,,,,,"January 14, 2026 12:19 AM",,,,,,Mirco Tribastone (https://www.notion.so/Mirco-Tribastone-2e765d57c009802da1ffcf6113a64139?pvs=21),,2-SF,,,,SERICS,,,,Mirco Tribastone,https://www.linkedin.com/in/mirco-tribastone-b05a057/,,,,,
IntelliTrust,,,,SERICS 1,,intellitrust,,,No,,Giuseppe Fenza,,,,,"January 22, 2026 7:09 PM",,,,,,Giuseppe Fenza (https://www.notion.so/Giuseppe-Fenza-2e765d57c0098012bb7efa8164868b98?pvs=21),,2-No SF,,,,SERICS,,,,Giuseppe Fenza,https://www.linkedin.com/in/giuseppe-fenza-168ba910/,,,,,
VisuAlize,,,,SERICS 1,,visualize,,,No,,Roberto Salvatore Leotta,,,,,"January 21, 2026 12:18 AM",,,,,,Roberto Salvatore Leotta (https://www.notion.so/Roberto-Salvatore-Leotta-2e765d57c00980438d00c1933b528d5f?pvs=21),,2-SF,,,,SERICS,,,,Roberto Salvatore Leotta,https://www.linkedin.com/in/roberto-leotta-b68571176/,,,,,
EMERALS,,,,C17 - Startup Bootcamp,,emerals,,"Emerals builds online gaming platforms and communities for 16-30 year-old gamers in Italy and Europe. We offer digital content, subscriptions, and in-game purchases, with a community-first approach that grew organically to 420,000+ users. We've generated €1.5M in revenue and are closing a €500K+ round",No,,"Michele Mangiacotti,Federico Buoncuore",2024,,,,"February 11, 2026 3:55 PM",,,,,IT 05512280263,"Michele Mangiacotti (https://www.notion.so/Michele-Mangiacotti-19865d57c009805facdfdee22eb96b12?pvs=21), Federico Buoncuore (https://www.notion.so/Federico-Buoncuore-30465d57c009806c80aec2295648b666?pvs=21)",,2-SF,,,,Startup Bootcamp,,Veneto,,"Michele Mangiacotti,Federico Buoncuore","https://www.linkedin.com/in/michele-mangiacotti/,https://www.linkedin.com/in/federico-buoncuore-05a788373/",,,€408.14,https://dev01.emeralsrp.it/en,
Beep,,,,C17 - Startup Bootcamp,,beep,,"Beep is an enterprise fintech company building the AI intelligence layer for personalized banking. Our SaaS platform enables banks to deliver real-time, AI-native financial experiences despite legacy systems, using a compliance-first, plug-and-play architecture. We generate revenue via annual licenses and are live with Tier-1 European banks. Note: fintech is our core focus; cybersecurity was selected as a placeholder, as the program is sector-agnostic.",No,,,2024,,,,"February 19, 2026 12:36 AM",,,,,IT13871070960,,,1,,,,Startup Bootcamp,,Lombardy,,,,,,"€60,000.00",https://beep.finance/,
LIQEX Italia,,,,C17 - Startup Bootcamp,,liqexitalia,,"LIQEX is an Italian fintech company pioneering Relational Finance, transforming business networks into actionable financial value. We solve cash flow inefficiencies by using relationship data to help companies collect receivables on time, execute payments simply, and maintain full control of liquidity. Our target customers include micro, small, and medium enterprises, professionals, craftsmen, e-commerce platforms and banks.Revenue comes from subscription fees and service-based pricing.",No,,"Luca Piccione,Valerio Campinoti",2021,,,,"February 5, 2026 8:06 PM",,,,,05815170872,"Luca Piccione (https://www.notion.so/Luca-Piccione-30465d57c009801bb0a5c4c119c661e4?pvs=21), Valerio Campinoti (https://www.notion.so/Valerio-Campinoti-30465d57c0098027b690fd7491dbd00d?pvs=21)",,2-SF,,,,Startup Bootcamp,,Sicily,,"Luca Piccione,Valerio Campinoti","https://www.linkedin.com/in/lucagiovannipiccione/,https://www.linkedin.com/in/valerio-campinoti-9275a51bb/",,,"€41,000.00",https://www.liqex.eu/en,
EYE4NIR,,,,C17 - Startup Bootcamp,,eye4nir,,"EYE4NIR is a fabless semiconductor company, which develops infrared vision sensors, thanks to a proprietary dual-use technology. Our mission is to revolutionize artificial perception and physical AI with multispectral VIS/SWIR (short-wave infrared) semiconductor sensors. Thanks to unique vision performance and price >200x less than commercial infrared sensors EYE4NIR allows a novel perception layer, detecting hidden information in sectors as automotive, aerospace, defense, and industry.",No,,Andrea Ballabio,2021,,,,"February 5, 2026 8:06 PM",,,,,03955880137,Andrea Ballabio (https://www.notion.so/Andrea-Ballabio-30465d57c00980a09176f116aab06eb8?pvs=21),,2-SF,,,,Startup Bootcamp,,Lombardy,,Andrea Ballabio,https://www.linkedin.com/in/andrea-ballabio-555044b7/,,,"€65,000.00",https://www.eye4nir.com/,
SUPAIR s.r.l.,,,,C17 - Startup Bootcamp,,supairs.r.l.,,"SUPAIR srl is a Politecnico di Torino spin-off developing autonomous electric VTOL drones for critical missions such as surveillance, search and rescue, and logistics. Its patented ThrustPod technology enables 60% higher efficiency, extended endurance, and all-weather operation. SUPAIR delivers turnkey unmanned systems with aircraft, ground stations, proprietary software and AI features. The company has raised €800k+, validated TRL 6 with a 400 km range, and secured industrial LOIs.",No,,"Angelo Lerro,Alice Rosiello",2024,,,,"February 5, 2026 8:06 PM",,,,,13156040019,"Angelo Lerro (https://www.notion.so/Angelo-Lerro-30465d57c00980b8a7c2c5537cc8cb38?pvs=21), Alice Rosiello (https://www.notion.so/Alice-Rosiello-30465d57c00980db84def8f3d7eba388?pvs=21)",,2-SF,,,,Startup Bootcamp,,Piedmont,,"Angelo Lerro,Alice Rosiello","https://linkedin.com/in/angelo-lerro-20962528,https://www.linkedin.com/in/alice-rosiello-262262132/",,,,https://www.supair.it/,
MEUS,,,,C17 - Startup Bootcamp,,meus,,"MEUS is a Fan-tech startup in the Entertainment sector, providing the first universal identity and reward ecosystem. We solve data silos by allowing fans to validate their lifetime history, streaming, tickets, merch, and music tourism, into certified digital assets. Our B2B2C model combines SaaS for industry data discovery with affiliate services. We have 30K users in 34 countries, 300 fan clubs, and agreements reaching 3M fans. Our tech scales to sports, gaming, travel, and fashion",No,,"Matteo Gialletti,Simone Gialletti",2024,,,,"February 5, 2026 8:06 PM",,,,,03953240540,"Matteo Gialletti (https://www.notion.so/Matteo-Gialletti-30465d57c00980fbb529fdef97bc2fb9?pvs=21), Simone Gialletti (https://www.notion.so/Simone-Gialletti-30465d57c009805ab315f865d5de3845?pvs=21)",,2-SF,,,,Startup Bootcamp,,Umbria,,"Matteo Gialletti,Simone Gialletti","https://www.linkedin.com/in/matteo-gialletti-38421a173?utm_source=share_via&utm_content=profile&utm_medium=member_ios,https://www.linkedin.com/in/simone-gialletti-037a50151?utm_source=share_via&utm_content=profile&utm_medium=member_ios",,,"€7,000.00",https://www.meusfan.com/,
Trainect s.r.l.,,,,C17 - Startup Bootcamp,,trainects.r.l.,,"Trainect is a B2B HR and wellbeing technology company that helps organizations measure and improve employee wellbeing through data-driven insights. We provide an AI-powered platform with validated surveys, analytics, and actionable tools for HR teams. Our solution stands out for its scientific approach, privacy-first design, and proven impact, supporting over 10,000 employees across multiple organizations.",No,,"Alberto Ronco,Carlo Mazzucco",2020,,,,"February 5, 2026 8:06 PM",,,,,15691841009,"Alberto Ronco (https://www.notion.so/Alberto-Ronco-30465d57c00980bfa6aed0775df67a65?pvs=21), Carlo Mazzucco (https://www.notion.so/Carlo-Mazzucco-30465d57c00980b78e6de88b9d58295f?pvs=21)",,2-SF,,,,Startup Bootcamp,,Latium,,"Alberto Ronco,Carlo Mazzucco","https://www.linkedin.com/in/alberto-ronco/,https://www.linkedin.com/in/carlo-mazzucco-b82877248/",,,"€300,000.00",https://www.trainect.ai/,
MatchGuru,,,,C17 - Startup Bootcamp,,matchguru,,"MatchGuru is an HR Tech startup rethinking recruiting for specialized roles. We help SMEs and scaleups cut hiring time and costs through on-demand access to experienced freelance recruiters, supported by a proprietary platform. We offer success-based recruiting with fully variable costs. Our strength lies in combining human expertise with structured candidate evaluation. Today, we serve 50+ active clients, generate €300K in annual revenue, and have managed 350K+ candidates.",No,,Luca Vecchio,2023,,,,"February 5, 2026 8:06 PM",,,,,0423601219,Luca Vecchio (https://www.notion.so/Luca-Vecchio-30465d57c009800581e3e2deb947b79f?pvs=21),,2-SF,,,,Startup Bootcamp,,Latium,,Luca Vecchio,https://www.linkedin.com/in/luca-vecchio-083607161/,,,"€127,144.00",https://www.matchguru.it,
Climate Standard,,,,C17 - Startup Bootcamp,,climatestandard,,"Climate Standard automates External Audits with an AI-powered verification platform backed by First-class auditors. We want to make it easier to obtain mandatory ISO certifications for companies that will use green declarations starting in 2026. We make audits easier, faster and cheaper than traditional verification bodies. Our revenue comes from audits conducted within our platform. We are launching the platform in March, but we have contracts with consortia, consulting firms and ESG platforms.",No,,Pietro Spataro,2022,,,,"February 5, 2026 8:06 PM",,,,,02649090467,Pietro Spataro (https://www.notion.so/Pietro-Spataro-30465d57c00980b796e4d798a0d3b47c?pvs=21),,2-SF,,,,Startup Bootcamp,,Tuscany,,Pietro Spataro,https://www.linkedin.com/in/pietro-spataro/,,,,https://climatestandard.net/,
Sablier,,,,C17 - Startup Bootcamp,,sablier,,"Sablier is a market simulation platform that helps professional investors model portfolios under hypothetical futures to understand the full range of outcomes. We address capital decision-making under deep uncertainty where static models fail. Targeting asset managers, hedge funds & family offices, our SaaS generates scenario-conditioned simulations by uniquely combining quantitative models with AI-driven reasoning. Subscription-based, we are co-building with partners in the UK and Italy.",No,,"Giacomo Cozzio,Miguel Castellano Merino",2025,,,,"February 5, 2026 8:06 PM",,,,,01097460149,"Giacomo Cozzio (https://www.notion.so/Giacomo-Cozzio-30465d57c00980859936f0feaf1f4af9?pvs=21), Miguel Castellano Merino (https://www.notion.so/Miguel-Castellano-Merino-30465d57c009800c8cddd384986954d3?pvs=21)",,2-SF,,,,Startup Bootcamp,,Lombardy,,"Giacomo Cozzio,Miguel Castellano Merino","https://www.linkedin.com/in/giacomo-cozzio/,https://www.linkedin.com/in/miguel-c-42828080/",,,,https://sablier.it/,
ANcybernetics srl,,,,C17 - Startup Bootcamp,,ancyberneticssrl,,"ANcybernetics is a deep-tech startup developing bio-inspired underwater robots for environmental monitoring and marine infrastructure inspection. We address the lack of scalable, cost-effective and continuous data collection in underwater environments. Our customers include environmental agencies, energy and infrastructure operators. We have validated working prototypes and are preparing field trials with partners.",No,,"Benedetta Castagna,Francesco Campana",2021,,,,"February 5, 2026 8:06 PM",,,,,02896010424,"Benedetta Castagna (https://www.notion.so/Benedetta-Castagna-30465d57c00980b4a257e18442d61f02?pvs=21), Francesco Campana (https://www.notion.so/Francesco-Campana-30465d57c00980949b89cfd0f784252d?pvs=21)",,2-SF,,,,Startup Bootcamp,,The Marches,,"Benedetta Castagna,Francesco Campana","https://www.linkedin.com/in/benedetta-castagna/,https://www.linkedin.com/in/francesco-campana4/?locale=en",,,"€30,000.00",https://www.ancybernetics.it/,
Timeless Club,,,,C17 - Startup Bootcamp,,timelessclub,,"Timeless Club is the platform that makes the collaboration process between brands, businesses, and content creators extremely simple, digitizing it into a single application that allows creators and companies to manage collaborations, invitations, and performances.",No,,,2025,,,,"February 19, 2026 12:36 AM",,,,,14136750966,,,1,,,,Startup Bootcamp,,Lombardy,,,,,,"€50,000.00",https://thetimeless.club/,
Wink Suite,,,,C17 - Startup Bootcamp,,winksuite,,"Wink Suite is a software platform that helps brands create interactive promotional websites like contests, loyalty programs and sales incentives. We simplify a process that usually requires many tools and long setup times. Our customers are brands and agencies that want to engage customers or motivate sales teams. We sell software subscriptions with usage-based pricing. Our solution is fast, branded and requires no coding. Wink Suite is fully bootstrapped and used by international clients.",No,,"Isabella De Rosa,Gabriele Rapetti,Rebecca Lavacca",2023,,,,"February 5, 2026 8:06 PM",,,,,12885490966,"Isabella De Rosa (https://www.notion.so/Isabella-De-Rosa-30465d57c00980ba9348e1965a3c8edd?pvs=21), Gabriele Rapetti (https://www.notion.so/Gabriele-Rapetti-30465d57c0098014a559f922bea28a8e?pvs=21), Rebecca Lavacca (https://www.notion.so/Rebecca-Lavacca-30d65d57c00980c8a267f8b754ededf7?pvs=21)",,2-SF,,,,Startup Bootcamp,,Lombardy,,"Isabella De Rosa,Gabriele Rapetti,Rebecca Lavacca","https://www.linkedin.com/in/isabella-de-rosa/,https://www.linkedin.com/in/gabriele-rapetti-63b365189/",,,"€193,111.00",https://www.winksuite.com/,
Inspector,,,,C17 - Startup Bootcamp,,inspector,,"Inspector is an AI Bug Fixer. We aim to automatically resolve bugs in software code without manual intervention by developers. Our revenue comes from Subscriptions. Currently, we have 70K ARR, 6% churn rate.",No,,,2020,,,,"February 19, 2026 12:36 AM",,,,,09552901218,,,1,,,,Startup Bootcamp,,Campania,,,,,,"€50,000.00",https://inspector.dev,
Mae srl,,,,C17 - Startup Bootcamp,,maesrl,,"Mae is an IRL social network powered by art that connects people through small, curated gatherings in cities. We address social isolation and performative socialising among young people. Mae offers recurring art encounters designed to reduce social anxiety and foster real connections over time. Revenue comes from paid memberships, with selective ticketed partner events. Mae operates in Berlin with 13.5k users, 700+ subscribed members, and €3k in initial monthly recurring revenue",No,,,2024,,,,"February 19, 2026 12:35 AM",,,,,06297330653,,,1,,,,Startup Bootcamp,,Campania,,,,,,"€80,000.00",https://app.mae.community,
To Move,,,,C17 - Startup Bootcamp,,tomove,,"ToMove is an innovative Italian deep-tech startup developing a full-stack platform for autonomous urban services.We integrate hardware, software, and operations into a single ecosystem that enables safe, scalable, and flexible autonomous mobility, logistics, and security services in semi-closed and urban environments.",No,,,2021,,,,"February 19, 2026 12:35 AM",,,,,IT12595720017,,,1,,,,Startup Bootcamp,,Piedmont,,,,,,,https://tomove.tech/,
Algae Scope,,,,C17 - Startup Bootcamp,,algaescope,,"Algae Scope is a biotech startup replacing toxic PFAS in textiles with a sustainable, seaweed-based coating. PFAS “forever chemicals” are widely used for water- and fire-resistance but pose severe health and environmental risks, with industries facing growing regulatory pressure. We offer a fully natural, waterproof, and flame-retardant coating made entirely from seaweed. Unlike alternatives, our solution is cost-comparative, and in 'drop-in' format, compatible with existing manufacturing.",No,,Natasha Yamamura,2024,,,,"February 5, 2026 8:06 PM",,,,,04888820273,Natasha Yamamura (https://www.notion.so/Natasha-Yamamura-30465d57c00980bbaf88cb56c38506d3?pvs=21),,2-SF,,,,Startup Bootcamp,,Veneto,,Natasha Yamamura,https://www.linkedin.com/in/natasha-yamamura-7ab2ab43?utm_source=share_via&utm_content=profile&utm_medium=member_android,,,,https://www.algae-scope.com,
4 FOOD SRL,,,,C17 - Startup Bootcamp,,4foodsrl,,"Emilia Food Love is a DTC food brand that curates and ships authentic Italian artisanal products directly from Italy to U.S. customers in under 72 hours, thanks to a proprietary, end-to-end cold-chain logistics system. We solve the complexity of cross-border compliance, freshness, and delivery for both producers and consumers. Our curated catalog includes premium cheeses, charcuterie, pasta, and pantry goods. We differentiate through brand storytelling, product quality, and rapid fulfillment.",No,,"Andrea Magnone,Robert Pace",2021,,,,"February 4, 2026 10:54 AM",,,,,IT02948220351,"Andrea Magnone (https://www.notion.so/Andrea-Magnone-30465d57c009802ebb2fffdfb151d2a1?pvs=21), Robert Pace (https://www.notion.so/Robert-Pace-30465d57c009806790d9df6c80b1e5dd?pvs=21)",,2-SF,,,,Startup Bootcamp,,Emilia-Romagna,,"Andrea Magnone,Robert Pace","https://www.linkedin.com/in/andreamagnone/,https://www.linkedin.com/in/robertpace1/",,,"€2,000,000.00",https://emiliafood.love,
AgonUp Srl,,,,C17 - Startup Bootcamp,,agonupsrl,,"AgonUp is an online platform dedicated to Competition. It is a space where users compete in sports, artistic and cultural challenges, and where brands create contests and giveaways for marketing purposes. Users can create or join challenges, produce UGC and access premium experiences and prizes through season passes, while brands can create or sponsor competitions.Our revenue model is based on B2C season passes, B2B brand subscriptions, advertising and sponsored competitions.",No,,Erik Torres Martinez,2023,,,,"February 5, 2026 8:06 PM",,,,,12859690963,Erik Torres Martinez (https://www.notion.so/Erik-Torres-Martinez-30465d57c00980c3bf2bddb99199143b?pvs=21),,2-SF,,,,Startup Bootcamp,,Lombardy,,Erik Torres Martinez,https://www.linkedin.com/in/erik-torres-martinez/,,,,https://www.agonup.com,
Sharewood,,,,C17 - Startup Bootcamp,,sharewood,,"Sharewood is a tech-driven travel platform redefining experiential tourism through sustainable, authentic, and conscious travel experiences. Founded to transform how people travel to change the world, Sharewood has developed a proprietary digital platform delivering customizable journeys that combine technology, environmental sustainability, and local community empowerment.",No,,Piercarlo Mansueto,2020,,,,"February 5, 2026 8:06 PM",,,,,10013180962,Piercarlo Mansueto (https://www.notion.so/Piercarlo-Mansueto-30465d57c00980b68c64ceab880d7225?pvs=21),,2-SF,,,,Startup Bootcamp,,Lombardy,,Piercarlo Mansueto,https://sharewood.io/,,,"€1,300,000.00",https://sharewood.io,
Altilia,,,,C17 - Startup Bootcamp,,altilia,,"Altilia is a Platform company that builds Altilia Intelligent Automation™ (AIA) the next-generation platform that allows users to build AI assistants and AI automators for Intelligent Document Processing (IDP), text processing, and knowledge management within enterprises. AIA is a robust, highly scalable, modular, enterprise-ready cloud platform that serves as a tasks and processes automator to meet the most demanding workloads. Our revenue comes from SaaS subscription.",No,,,2010,,,,"February 4, 2026 10:59 AM",,,,,IT10780921002,,,1,,,,Startup Bootcamp,,Calabria,,,,,,"€2,700,000.00",https://altilia.ai,
APPYPILGRIM SRL,,,,C17 - Startup Bootcamp,,appypilgrimsrl,,"AppyPilgrim is AI-first traveltech startup digitizing spiritual and slow tourism via scalable AI+IoT platform. We unify planning, booking, on-route guidance and destination data in one system for travelers and destinations. Connecting pilgrims with municipalities, museums and hospitality operators, enabling local activation through smart IoT and real-time analytics. Revenues from marketplace commissions and B2B data services, with active partnerships driving traction and international expansion",No,,,2024,,,,"February 4, 2026 10:59 AM",,,,,17660741004,,,1,,,,Startup Bootcamp,,Latium,,,,,,€45.00,https://www.appypilgrim.com/,
ARGO S.R.L.,,,,C17 - Startup Bootcamp,,argos.r.l.,,"Argo is an early-stage company operating in Digital Health and AI for Healthcare. We address the growing complexity of clinical data by helping healthcare providers transform fragmented patient information into actionable insights. Our solution is an AI-driven decision support platform that analyzes clinical and operational data to support risk assessment, care optimization, and data-driven workflows.",No,,"Giulia Casucci,Marco Di Fiandra",2025,,,,"February 11, 2026 4:32 PM",,,,,05939310651,"Giulia Casucci (https://www.notion.so/Giulia-Casucci-30465d57c00980f5b0c6c1bfa6dd68e5?pvs=21), Marco Di Fiandra (https://www.notion.so/Marco-Di-Fiandra-30465d57c009807181b5c9bdece7504b?pvs=21)",,2-SF,,,,Startup Bootcamp,,Campania,,"Giulia Casucci,Marco Di Fiandra","https://www.linkedin.com/in/giuliacasucci/,https://www.linkedin.com/in/marco-di-fiandra-489b2a1b6/",,,"€10,000.00",https://argo4health.com/,
EXE-ENGINEERING FOR ENVIRONMET,,,,C17 - Startup Bootcamp,,exe-engineeringforenvironmet,,"EXE is a start-up that has developed a technology for automatized Landfill Gas Management, that currently is totally manual. The problem of a manual system is the low performance in LFG collection, due to monthly regulation of the wells managed by the operators. Instead with our solution, LFG Management is completely automatic, with wells regulation every hour. The main result is an increase in LFG collection up to 90%. We are looking for industrial partners in US Landfill market.",No,,,2019,,,,"February 4, 2026 11:00 AM",,,,,IT01495500520,,,1,,,,Startup Bootcamp,,Tuscany,,,,,,"€100,000.00",https://exe-engineering.com/en/,
Genuine Way srl,,,,C17 - Startup Bootcamp,,genuinewaysrl,,"Genuine Way empowers FMCG brands to turn physical products into owned digital experiences. We bridge the gap between retail and digital, enabling direct, data-driven consumer relationships beyond social media. Our modular, QR-code–activated WebApps deliver traceability, digital product passports, gamification, loyalty, and branded content with zero friction. We operate with a scalable B2B SaaS and project-based model and have live projects with over 50 Italian companies across multiple markets",No,,,2022,,,,"February 4, 2026 11:00 AM",,,,,12438210960,,,1,,,,Startup Bootcamp,,Lombardy,,,,,,"€200,000.00",https://genuineway.io/,
Hiop,,,,C17 - Startup Bootcamp,,hiop,,"Hiop is a software company that is making infrastructure-less data logistics possible. We solve the complexity and cost of traditional data integration for information-driven companies delivering digital products and AI features. Our lightweight platform provides adaptable data foundations without invasive infrastructure or specialized skills. Revenue is subscription-based + pay per use. Hiop is already powering leaders and startups at scale, turning data challenges into competitive advantages.",No,,,2020,,,,"February 4, 2026 11:00 AM",,,,,IT08436090727,,,1,,,,Startup Bootcamp,,Apulia,,,,,,"€750,000.00",https://www.hiop.io/,
Hotiday,,,,C17 - Startup Bootcamp,,hotiday,,"Hotiday is a next-generation, asset-light hotel chain powered by AI that acquires and resells unsold hotel rooms. We solve the problem of structurally unsold inventory for independent hotels, while offering travelers high-quality stays at competitive prices. Our target customers are 3–4 star independent hotels across Europe and leisure and business travelers booking online. We sublet 5–7 rooms per hotel, rebrand them as Hotiday Room Collections, and optimize pricing, distribution, and revenue us",No,,,2022,,,,"February 4, 2026 11:00 AM",,,,,IT10011061214,,,1,,,,Startup Bootcamp,,Campania,,,,,,"€4,959,360.00",https://www.hotiday.com,
LYNDA (CARRIE SRL),,,,C17 - Startup Bootcamp,,lynda(carriesrl),,"Lynda is a femtech company supporting women through perimenopause and menopause via a science-validated digital ecosystem. Our customers are women aged 40+ and companies investing in inclusive corporate welfare. We offer digital education, community support, menopause-specific skincare and supplements, and tailored corporate welfare programs. Our revenue comes from DTC sales, subscriptions,and B2B welfare partnerships.",No,,,2024,,,,"February 4, 2026 10:59 AM",,,,,02751710068,,,1,,,,Startup Bootcamp,,Piedmont,,,,,,,https://www.hellolynda.com,
Nimbo Jobs srl,,,,C17 - Startup Bootcamp,,nimbojobssrl,,"Nimbo.ai is a platform that connects people and gig-workers. We aim to solve the challenge of finding the right talent for small every-day jobs. We offer a simple and intuitive chat interface, distinguished by our smart matching algorithm and LLM that recommends the best candidates for each job. Our revenue comes from charging employers a fee for each successful job. Currently, we have over +1000 registered users and more than 120 active job postings.",No,,,2020,,,,"February 4, 2026 11:00 AM",,,,,IT01806350334,,,1,,,,Startup Bootcamp,,Emilia-Romagna,,,,,,"€14,448.00",https://nimbo.ai,
PRODIGY PRODUCTS S.R.L.,,,,C17 - Startup Bootcamp,,prodigyproductss.r.l.,,"Prodigy is an innovative tech company that has developed a platform designed to help businesses integrate Artificial Intelligence into their operations.  We also place strong emphasis on cybersecurity, ensuring that AI technologies are implemented with robust protections against modern threats and vulnerabilities, helping businesses safeguard",No,,,2024,,,,"February 4, 2026 11:00 AM",,,,,13875010962,,,1,,,,Startup Bootcamp,,Lombardy,,,,,,"€100,000.00",https://www.itsprodigy.com,
PugliAI,,,,C17 - Startup Bootcamp,,pugliai,,"PugliAI is a generative AI company specializing in advanced automation solutions. We solve inefficiencies in business processes for medium-sized corporations. Our intelligent automation services leverage cutting-edge AI technology to enhance productivity and reduce costs. Our unique solutions are highly customizable and integrable. We generate revenue through subscription fees and project-based engagements. Currently, we have dozens of satisfied clients.",No,,,2023,,,,"February 4, 2026 11:00 AM",,,,,IT02735920742,,,1,,,,Startup Bootcamp,,Apulia,,,,,,"€60,000.00",https://www.pugliai.com/,
Qwirklabs srl,,,,C17 - Startup Bootcamp,,qwirklabssrl,,"Qwirklabs works on the problem of creating the best tools for software development and digital work for the agentic age. To achieve this we are working on Smoothie Studio which is a complete agentic environment where developers, designers, digital workers can get things done. In addition even if we are still early we developed the Smoothie Framework which is a software library that we are using to build custom solutions for clients and early partners even if Smoothie Studio is still in the oven.",No,,,2024,,,,"February 4, 2026 11:01 AM",,,,,13848550961,,,1,,,,Startup Bootcamp,,Lombardy,,,,,,"€85,656.00",https://qwirklabs.gg,
ScaleUp,,,,C17 - Startup Bootcamp,,scaleup,,"Scaleup is a Corporate EdTech platform that uses artificial intelligence to accelerate workforce development. Our Human and virtual instructors assist employees throughout the entire learning journey: generating personalized exercises, providing tailored materials, answering questions in real time, and continuously guiding skill growth. We combine digital training and AI to make professional upskilling faster, more effective, and fully measurable.",No,,,2024,,,,"February 4, 2026 11:01 AM",,,,,13743690961,,,1,,,,Startup Bootcamp,,Lombardy,,,,,,"€60,000.00",https://scaleupacademy.it/landing/home,
soulShape S.R.L.s. S.B.,,,,C17 - Startup Bootcamp,,soulshapes.r.l.s.s.b.,,"soulShape is a Benefit company. We protect IP rights in the co-creation of digital 3D models with blockchain technology. We solve this IP problem for designers, artisans & creators in the digital and physical manufacturing space. Our SaaS applies blockchain to track ownership through a patent-pending method of managing 3D digital content created by multiple users. Revenue comes from our platform subscription. We've expanded our patent application to USA, EPO, China, India, Brazil & Saudi Arabia",No,,,2020,,,,"February 4, 2026 11:01 AM",,,,,02856080425,,,1,,,,Startup Bootcamp,,The Marches,,,,,,"€5,000.00",https://www.f6s.com/company/soulshape,
Syrto,,,,C17 - Startup Bootcamp,,syrto,,"Syrto provides financial intelligence built from data powered by agentic AI, helping companies increase revenues, reduce costs, and mitigate risks through fast, actionable insights on companies and markets.Syrto solves the complexity and slowness of traditional analysis by unifying data, forecasts and consultancy-grade reporting in one platform.Syrto offers annual licenses to its enterprise SaaS solution, serving already 50+ customers across banks, consulting firms, corporates and investors.",No,,,2019,,,,"February 4, 2026 11:01 AM",,,,,IT04144070986,,,1,,,,Startup Bootcamp,,Lombardy,,,,,,"€60,420.00",https://syrto.ai/,
TokNox,,,,C17 - Startup Bootcamp,,toknox,,"TokNox is a blockchain-based tokenization platform developed by Blockchain Italia, a Milan-based software house specializing in fintech and blockchain solutions. Built on the Algorand blockchain, TokNox enables users to notarize, manage, store, and sign various digital assets, transforming them into unique non-fungible tokens (NFTs) to ensure authenticity and security.",No,,,2025,,,,"February 4, 2026 10:59 AM",,,,,IT10441490967,,,1,,,,Startup Bootcamp,,Lombardy,,,,,,,https://www.toknox.com,
Totally Innovation,,,,C17 - Startup Bootcamp,,totallyinnovation,,"Totally Innovation is a media-tech company developing AI-powered solutions for Retail, Media, and Entertainment. Our core product, TotallyInStore, solves the high cost and complexity of music licensing for retail, hospitality, and transportation hubs worldwide. We offer an all-in-one platform with fully rights-owned music, smart playlist curation, and in-store audio advertising, enabled by a proprietary AI-driven process optimizing content, compliance, and performance.",No,,,2024,,,,"February 4, 2026 11:01 AM",,,,,IT02781230392,,,1,,,,Startup Bootcamp,,Emilia-Romagna,,,,,,"€1,000.00",https://totallyinnovation.com/en/,
Valeria,,,,C17 - Startup Bootcamp,,valeria,,"ValerIA is a B2B AI company generating automated and personalized grocery shopping carts in Retailers' eCommerce platforms.We aim to simplify the interaction with eCommerce platforms for Large Retail chains.We offer an API, white-label solution, distinguished by its fully configurable, fully embedded agents.Our revenue comes from paid pilots & recurring SaaS with usage-based pricing.We incorporated @2026, with the regional incetives support. Ready for product lunch & pre-seed round.",No,,,2026,,,,"February 4, 2026 10:59 AM",,,,,IT04116360126,,,1,,,,Startup Bootcamp,,Lombardy,,,,,,,https://www.valeria.food/,
Vectorlab,,,,C17 - Startup Bootcamp,,vectorlab,,"Vectorlab è una technology company che progetta strutture per rendere l’innovazione scalabile.Costruisce e governa brand verticali indipendenti, ciascuno con una propria identità, mercato e logica di business, supportati da framework replicabili e una governance centrale.L’azienda opera su tecnologie avanzate come AI, real-time 3D, XR e software engineering, combinando ricerca, sviluppo e prodotto.",No,,,2022,,,,"February 4, 2026 11:01 AM",,,,,02830460990,,,1,,,,Startup Bootcamp,,Liguria,,,,,,"€500,000.00",https://www.vectorlab-cg.com/,
Vepartment,,,,C17 - Startup Bootcamp,,vepartment,,"Vepartment is an AI platform for fashion and creative SMEs to automate branding and sustainability tasks using virtual departments of specialized AI agents. Our marketplace connects businesses with ready-to-use or custom agents created by experts. Through a subscription model, we offer scalable, cost-effective solutions for complex workflows. Backed by STYLEIT, we’re enabling real-world adoption of intelligent agent ecosystems.",No,,,2025,,,,"February 4, 2026 10:59 AM",,,,,IT14277440963,,,1,,,,Startup Bootcamp,,Lombardy,,,,,,,https://vepartment.com,
Wisepath,,,,C17 - Startup Bootcamp,,wisepath,,"Wisepath is an online service (SaaS) that measures and trains soft skills using commercial video games. Our goal is to enable companies and schools to measure and improve soft skills of employees and students in a quick, scalable, and accurate way. We offer access to charts, maps, and tables which summarize the proficiency in 16 soft skills. We are the first to have developed an AI system capable of analyzing video game data. Currently we are in 3 schools, 1 company, and 4 distribution partners",No,,,2022,,,,"February 4, 2026 11:01 AM",,,,,92-0234707,,,1,,,,Startup Bootcamp,,Piedmont,,,,,,"€68,338.00",https://www.wisepath.ai,
SatEnlight,,,,C17 - Startup Bootcamp,,satenlight,,"SatEnlight is transforming satellite communications with optical vortex technology for faster, high-capacity connectivity. We improve Satellite connectivity, enhancing existing systems. Our customers include SatCom providers, and ground station producers. We offer services that enable multichannel communication, faster data transmission, and secure, sustainable connections. Our patented solution delivers unmatched performance. Looking for new investments, we’re set for an IOD by the end of 2028",No,,,2025,,,,"February 4, 2026 11:06 AM",,,,,14301770963,,,1-No,,,,Startup Bootcamp,,Lombardy,,,,,,,https://satenlight.com/,
Agrimachine Green Evolution srl,,,,C17 - Startup Bootcamp,,agrimachinegreenevolutionsrl,,"AGE srl is a start-up focused on ecological weeding systems. We aim to solve problems related to the use of chemicals for municipalities, farmers etc. We offer a system distinguished by a patented, natural additive improving the steam performance with effective results without the side effects linked to chemicals. Steam at 140°C, with our additive, acts as restorative with a pesticide and fungicide action.The additive is to be used with our specific machines, guaranteeing effective weed control.",No,,,2018,,,,"February 4, 2026 11:06 AM",,,,,03767310927,,,1-No,,,,Startup Bootcamp,,Sardinia,,,,,,"€208,387.00",https://www.herbeeside.com,
Pharmajea,,,,C17 - Startup Bootcamp,,pharmajea,,"Pharmajea is an innovative biotech beauty startup focused on preventing and reversing hair aging: greying and loss. Restor natural pigmentation by targeting biological pathways involved in melanocyte decline, while also supporting stronger and denser hair. Formula patent pending with encapsulated biotech and natural actives for deeper delivery and long-lasting results. Made in Italy and sustainible. In 2025, Pharmajea (formerly Tricopharma) was selected for the INNOVIT Longevity Phase 1 program.",No,,,2026,,,,"February 4, 2026 11:06 AM",,,,,"The company will be opened in January 2026 (pending the outcome of a grant) , of course will be based in Italy",,,1-No,,,,Startup Bootcamp,,Sicily,,,,,,,https://pharmajea.com,
Revelio,,,,C17 - Startup Bootcamp,,revelio,,Revelio is the app that helps readers preserve the value a book has given them and share it with like-minded people,No,,,2025,,,,"February 4, 2026 11:06 AM",,,,,03068190648,,,1-No,,,,Startup Bootcamp,,Campania,,,,,,,https://reveliobooks.com/,
NIB biotec,,,,C17 - Startup Bootcamp,,nibbiotec,,"NIB biotec is a SME that develops in vitro diagnostic devices for prostate cancer. We aim to solve the lack of accurate diagnostic tests for all men between 40-80 years of age. We offer optimized point-of-care urine tests distinguished by high specificity, portability, low cost, real-time results. Our revenue comes from direct selling of the product to the costumers (private clinics, urologists...). Currently, we have launched two prospective studies in the Piedmont region (Italy).",No,,,2017,,,,"February 4, 2026 11:06 AM",,,,,,,,1-No,,,,Startup Bootcamp,,,,,,,,,https://www.nibbiotec.com/,
Vertalis,,,,C17 - Startup Bootcamp,,vertalis,,Your AI-powered digital backbone unleashing manufacturing data power for instant strategic decisions.,No,,,2025,,,,"February 4, 2026 11:06 AM",,,,,14313550965,,,1-No,,,,Startup Bootcamp,,Lombardy,,,,,,,https://www.vertalis.ai/,
MADE IN ITALY -Ai- MARKETPLACE s.r.l.,,,,C17 - Startup Bootcamp,,madeinitaly-ai-marketplaces.r.l.,,"MADE IN ITALY MARKETPLACE is a e-commerce B2C & B2B shopping mall that is empowered with Ai from onboarding Italian Producers and developing in multilingual and multimodal the storytelling of their USP, and train Ai virtual shopping assistants to promote and sell their goods online and through socials and much more as AR and virtual fitting. We aim to solve the fake made in Italy problem and give buyers from around the world a guaranteed gateway to Italian goods directly from the producers",No,,,2023,,,,"February 4, 2026 11:06 AM",,,,,IT06216180650,,,1-No,,,,Startup Bootcamp,,Campania,,,,,,,https://www.madeinitaly-marketplace.com,
Imdea,,,,C17 - Startup Bootcamp,,imdea,,"**SocialStation is an EdTech and AI company** that designs cooperative AI environments combining patented physical totems and the Thinks4 software platform. We solve digital isolation and cognitive overload caused by passive, individual-centered technologies, especially in education, training and performance-driven contexts. Our target customers include schools, universities, SMEs, startups and sport organizations. We offer SocialStation as a modular hardware solution and Thinks4 as a cooperativ",No,,,1984,,,,"February 4, 2026 11:06 AM",,,,,10098631210,,,1-No,,,,Startup Bootcamp,,Campania,,,,,,"€50,000.00",https://www.pensain4.com/,
Tangible Tech S.r.l.,,,,C17 - Startup Bootcamp,,tangibletechs.r.l.,,"Tangible Tech develops human-machine interfaces with generative AI to make technology accessible to non-expert users in buildings and industrial environments. Our solution simplifies interaction with devices, even legacy ones, translating human intents into device-level commands. We offer our devices to building automation companies and machinery manufacturers. Revenue comes from B2B licensing and integration services. Currently, we are validating prototypes with early partners.",No,,,2025,,,,"February 4, 2026 11:06 AM",,,,,IT13299830011,,,1-No,,,,Startup Bootcamp,,Piedmont,,,,,,,https://www.tangibletech.eu,
VineTech,,,,C17 - Startup Bootcamp,,vinetech,,"Vinetech builds a universal Digital Twin for liquids across production and bulk transport, turning real-time sensing and context into integrity KPIs, predictions, and actionable recommendations with audit-ready reports. We solve quality variability, degradation risk, fraud exposure, and logistics disputes for QA/QC, Operations, R&D, and Supply Chain teams in beverage, premium oils/ingredients, cosmetics, and specialty chemicals.",No,,,2026,,,,"February 4, 2026 11:06 AM",,,,,n/a,,,1-No,,,,Startup Bootcamp,,Veneto,,,,,,,https://www.vinetech.it,
Infinity Electric Energy Srl.,,,,C17 - Startup Bootcamp,,infinityelectricenergysrl.,,"My PMI is an EX innovative startup, focused on R&D of renewable energy and sustainable mobility, efficiency and energy storage. Our patented solutions, such as the multifunctional toroidal electric generator, guarantee energy from any pressurized fluid and pumping of high-pressure fluids with efficiency greater than 99%. Revenues come from licenses, partnerships and international patent sales, we have won important awards and we are trying to participate in the European Green Deal tenders.",No,,,2017,,,,"February 4, 2026 11:06 AM",,,,,10015140964,,,1-No,,,,Startup Bootcamp,,Lombardy,,,,,,"€4,080.00",https://www.infinityelectricenergy.it,
Real Target,,,,C17 - Startup Bootcamp,,realtarget,,"Real Target is a revolutionary entertainment company offering immersive, thrilling gaming experiences. We address the lack of exciting, socially interactive entertainment. Our target includes gamers, families, and tech enthusiasts. Players battle advanced robotic opponents in state-of-the-art arenas.  We generate revenue from ticket sales, a themed bar and restaurant, and merchandise. We have a fully functional prototype and have validated our problem-solution approach",No,,,2025,,,,"February 4, 2026 11:06 AM",,,,,13165000962,,,1-No,,,,Startup Bootcamp,,Lombardy,,,,,,,https://realtarget.space/,
SANTELMO S.r.l.,,,,C17 - Startup Bootcamp,,santelmos.r.l.,,"SANTELMO is a deep-cleantech energy company replacing diesel generators with zero-emission fuel-cell systems powered by green methanol. We eliminate noise, fumes, and inefficiency in marine and off-grid power. Our product, the NANO, is a compact plug-and-play generator that delivers silent, clean, and reliable electricity with predictable fuel costs. No other solution combines methanol, fuel cells, and modularity in a ready-to-install format. We sell modular units and service plans.",No,,,2021,,,,"February 4, 2026 11:06 AM",,,,,11842420967,,,1-No,,,,Startup Bootcamp,,Trentino-South Tyrol,,,,,,,https://www.thesantelmo.com,
ELEVATE S.R.L.,,,,C17 - Startup Bootcamp,,elevates.r.l.,,"Elevate has developed Cooshino, an adaptive smart system that secures luggage contents and transforms every trip into data value. Designed for frequent travelers and luggage brands, it combines inflatable cells, IoT sensors, and AI-driven analytics. Revenue streams span product sales, licensing, data monetization, and cargo solutions. With patents filed and a working prototype, Cooshino is positioned to scale globally with exponential growth potential.",No,,,2024,,,,"February 4, 2026 11:06 AM",,,,,04156900369,,,1-No,,,,Startup Bootcamp,,Emilia-Romagna,,,,,,,https://cooshino.com/,
WaveLAB,,,,C17 - Startup Bootcamp,,wavelab,,"WaveLAB builds the ""hypervisor for EV charging"", an open platform transforming stations into intelligent hubs. We help CPOs overcome fragmentation and low margins. Our WaveLAB Station (edge AI) and Marketplace provide a unique, hardware-agnostic architecture enabling any app on any station. Revenue comes from hardware, subscriptions, and commissions. Traction includes a live PoC with a major CPO, TRL 6 technology, and secured grants.",No,,,2024,,,,"February 4, 2026 11:06 AM",,,,,03275880213,,,1-No,,,,Startup Bootcamp,,Trentino-South Tyrol,,,,,,,https://wavelab.space,
Vanto Collaborative Robotic Systems Ltd,,,,C17 - Startup Bootcamp,,vantocollaborativeroboticsystemsltd,,"Vanto provides autonomous robotic tractors as-a-service for large vineyards. Our fleets handle soil and canopy management, solving labor shortages while cutting Opex by 30% and emissions. It’s a rental subscription with multi-season contracts. We’ve raised 7 FnF rounds for a total of 133K€, built our first prototype, logged 130 km in the field, and have 13 inbound demo requests from Italian vineyards.",No,,,2025,,,,"February 4, 2026 11:06 AM",,,,,Non ancora disponibile,,,1-No,,,,Startup Bootcamp,,Latium,,,,,,,https://www.vanto.ai/,
Free Eat,,,,C17 - Startup Bootcamp,,freeeat,,Free Eat is the first free-from eco system where all top quality free-from businesses can digitalize their business and connect with different clients (private or business) taking care of production only and delegating commercial and operative themes.,No,,,2025,,,,"February 4, 2026 11:06 AM",,,,,04837290164,,,1-No,,,,Startup Bootcamp,,Lombardy,,,,,,,https://www.freeeat.it/,
B&Y s.r.l.,,,,C17 - Startup Bootcamp,,b&ys.r.l.,,"B&Y is a materials innovation company transforming marble and stone waste into sustainable, 3D-printable composites. We solve industrial waste and low-impact construction needs for architects, designers, and builders. We offer ready-to-print mixes and custom fabrication, distinguished by circularity and performance. Revenue comes from material sales and B2B services. We have validated mixes and produced functional prototypes.",No,,,2022,,,,"February 4, 2026 11:06 AM",,,,,08736960728,,,1-No,,,,Startup Bootcamp,,Apulia,,,,,,,https://www.bnysrl.it,
Loudrights,,,,C17 - Startup Bootcamp,,loudrights,,"LoudRights is a music collaboration platform empowering independent musicians to cre- ate, collaborate and protect their rights us- ing blockchain technology. Empowering its user to donate part of their rights directly to climate projects.",No,,,2024,,,,"February 4, 2026 11:06 AM",,,,,01410460321,,,1-No,,,,Startup Bootcamp,,Abruzzo,,,,,,,https://www.loudrights.com,
Victor - Hart™️,,,,C17 - Startup Bootcamp,,victor-hart™️,,"victor-hart is a fashion brand which specialises in unisex clothes with influence of sculpture, architecture, poetry, and military tailoring with made in italy craftsmanship",No,,,2022,,,,"February 4, 2026 11:07 AM",,,,,03988691204,,,1-No,,,,Startup Bootcamp,,Emilia-Romagna,,,,,,"€35,000.00",https://victor-hart.com/,
Myra Lab,,,,C17 - Startup Bootcamp,,myralab,,"Words to Touch is an inclusive Braille learning system designed to help children with visual impairments develop literacy and autonomy. It combines a modular tactile kit and a companion app with audio feedback, offering a guided pathway that supports independent learning and helps teachers and families. The system is grounded in multisensory learning and learning sciences, validated through over 1,600 training hours, a patented prototype and won third place a Donna Lavoro Eurointerim Award.",No,,,2024,,,,"February 4, 2026 11:06 AM",,,,,13520510960,,,1-No,,,,Startup Bootcamp,,Lombardy,,,,,,,https://myra-lab.com/,
Pathlo,,,,C17 - Startup Bootcamp,,pathlo,,"Pathlo is an AI-powered career guidance platform helping teens gain clarity on their future. We solve career uncertainty created by static, impersonal and outdated tools in a fast-moving world. Through a gamified conversational experience, Pathlo asks smart (follow-up) questions to understand users’ interests, strengths and goals, delivering personalized career, study and internship suggestions. We monetize via premium features and curated uni/internship/job matches. MVP built and pilot-ready.",No,,,2026,,,,"February 4, 2026 11:06 AM",,,,,we are not registered yet,,,1-No,,,,Startup Bootcamp,,Trentino-South Tyrol,,,,,,,https://pathlo.framer.website/,
doloweex,,,,C17 - Startup Bootcamp,,doloweex,,"Doloweex is a travel-tech marketplace that simplifies holiday planning in the Dolomites. We solve the fragmentation of local offerings by allowing target customers (tourists and outdoor enthusiasts) to book accommodations, professional guides, and mobility services in a single, integrated cart. We sell a seamless booking experience distinguished by a unique multi-vendor checkout and proximity-based cross-selling. Our revenue comes from a commission-based model (10-15%) on every transaction.",No,,,2026,,,,"February 4, 2026 11:06 AM",,,,,02823150228,,,1-No,,,,Startup Bootcamp,,Trentino-South Tyrol,,,,,,,https://doloweex.eu,
Fortuny-Caramba,,,,C17 - Startup Bootcamp,,fortuny-caramba,,"Io nn ho al momento nessuna impresa, nè start up, ( Avon è la compagnia per cui lavoravo) la mia idea è un capo di abbigliamento, un mantello reversibile costituito da un lato neoprene e dall'altro tessuto qualsivoglia, legati da una cerniera. Soddisfa il bisogno di coprirsi, ma ancora di più soddisfa il proprio benessere interiore come deve fare un capo di abbigliamento. Al momento sono in un momento di stallo, visto il quadro internazionale.",No,,,2017,,,,"February 4, 2026 11:06 AM",,,,,0,,,1-No,,,,Startup Bootcamp,,Friuli-Venezia Giulia,,,,,,,https://www.avon,
HELYRA,,,,C17 - Startup Bootcamp,,helyra,,"HELYRA is a life sciences innovation startup connecting excellent MedTech, Biotech, and biomedical research with real-world impact. We address the challenge of translating complex scientific results beyond academia for researchers, consortia, and biotech startups. We provide integrated advisory services and AI-enabled tools that align strategy, dissemination, and impact design, driven by a founder-led, science-native communication approach.",No,,,2025,,,,"February 4, 2026 11:06 AM",,,,,18307051005,,,1-No,,,,Startup Bootcamp,,Latium,,,,,,,https://www.helyra.eu,
farmeo,,,,C17 - Startup Bootcamp,,farmeo,,"Farmeo is a fintech marketplace connecting farmers and wholesalers, solving inefficiencies in sourcing, payments, and transparency. Using drone-based yield estimation and a BNPL model, we ensure instant payments for farmers and financial flexibility for wholesalers. Revenue comes from transaction fees, data services, and subscriptions.",No,,,2022,,,,"February 4, 2026 11:06 AM",,,,,08687050727,,,1-No,,,,Startup Bootcamp,,Apulia,,,,,,,https://www.farmeo.it,
HUDI,,,,C17 - Startup Bootcamp,,hudi,,"HUDI is a p2p protocol & ecosystem that empowers users to own, control and monetize their data. We aim to solve the access to the data markets for crypto users. We offer a Data Wallet (dApp and Browser Extension)that allows users to store, manage and monetise their data, distinguished by the way we store data: locally, encrypted and p2p. Our revenue comes from the data transactions that happens on the protocol and ecosystem. Currently, we have 350k total users and 2k daily active users",No,,,2019,,,,"February 4, 2026 11:06 AM",,,,,,,,1-No,,,,Startup Bootcamp,,Latium,,,,,,,https://www.humandataincome.com,
ARCA Dynamics,,,,C18_19- DefenceTech / Quantum / Cybersecurity,,arcadynamics,,"ARCA Dynamics is an Italian space company providing space-based Space Surveillance and Tracking (SST) services. We address the lack of strategic information on uncooperative objects by delivering high-frequency, near-real-time orbital data from space, complementing ground-based systems. Our customers include satellite operators, institutional stakeholders. We sell SST data through subscription and service-based models, with an operational TRL 9 service already used by institutional costumers.",No,,Marco Moriani,,,,,"March 11, 2026 9:30 AM",,,,,,Marco Moriani (https://www.notion.so/Marco-Moriani-31b65d57c009800784b3d23ebadfabac?pvs=21),,2-No SF,"https://api.typeform.com/responses/files/c6d0f45fb51732c3e45f85721fad2ca3154b3978f8c766f6596daa046a82a20b/Innovit___ARCA_Dynamics.pptx.pdf, https://youtu.be/1hyirTYrtCQ",,,SMEs Traction,,,,Marco Moriani,https://www.linkedin.com/in/marco-moriani/,,,,https://www.arcadynamics.space,
TSD Space – Techno System Developments Srl,,,,C18_19- DefenceTech / Quantum / Cybersecurity,,tsdspace–technosystemdevelopmentssrl,,"TSD-Space is an Italian space-tech SME (founded 1977) that designs and manufactures space-qualified imaging systems and onboard data-handling electronics for spacecraft. We enable efficient onboard acquisition, compression, storage, and processing under strict SWaP and downlink constraints. We sell configurable imaging payloads and processing units built on proprietary modular technology. Traction: 450,000+ hours of successful space flight, including LEO and deep-space missions.",No,,"Vincenzo Capuano,Francesco Capuano",,,,,"March 6, 2026 11:56 AM",,,,,,"Vincenzo Capuano (https://www.notion.so/Vincenzo-Capuano-31b65d57c00980a2904dfee25e45f51d?pvs=21), Francesco Capuano (https://www.notion.so/Francesco-Capuano-31b65d57c00980788f85ed4184d95ce2?pvs=21)",,2-SF,"https://api.typeform.com/responses/files/e8e3a6fbd80de68c4e624b3ef02aa195835c7d8, https://tsdspacecompany-my.sharepoint.com/:v:/g/personal/fcapuano_tsd-space_it/I",,,SMEs Traction,,,,"Vincenzo Capuano,Francesco Capuano","https://www.linkedin.com/in/vincenzo-capuano-16196b80/,https://www.linkedin.com/in/fcapuano/",,,,https://www.tsd-space.it/,
TUC.technology,,,,C18_19- DefenceTech / Quantum / Cybersecurity,,tuc.technology,,"UC.technology è un’innovazione brevettata a livello internazionale in oltre 140 paesi che rappresenta l’80% della produzione mondiale di veicoli, velivoli e natanti, un connettore plug&play universale per collegare qualsiasi dispositivo. Il Connettore è parte di una rete che attraverso un unico cavo e un brain che gestisce software centrale e firmware di ogni periferica, permette la modularità e aggiornamento tecnologico durante il ciclo di vita del mezzo.",No,,"Ludovico Campana,Carlotta Maestripieri",,,,,"March 6, 2026 11:57 AM",,,,,,"Ludovico Campana (https://www.notion.so/Ludovico-Campana-31b65d57c0098099b307d79809da1dcf?pvs=21), Carlotta Maestripieri (https://www.notion.so/Carlotta-Maestripieri-31b65d57c00980eabc80f9901f7b78b1?pvs=21)",,2-SF,https://api.typeform.com/responses/files/d7f4d0e1359fa4f7d5c448d92ab92b4e6b229c9d7fc620eeb91292a13134ece5/TUC_Aerospace_min.pdf,,,SMEs Traction,,,,"Ludovico Campana,Carlotta Maestripieri","https://www.linkedin.com/in/ludovicocampana/,https://www.linkedin.com/in/carlotta-maestripieri-3a7662a8/",,,,https://tuc.technology,
Cshark srl,,,,C18_19- DefenceTech / Quantum / Cybersecurity,,csharksrl,,"CSHARK was born in 2018 and today is a leading provider for IoT device management and machine-to-machinesatellite communication fully integrated into a unique software in the market. Our solutions have been implementedin several industries such as gas/oil pipelines, railway networks, greenhouse and vertical farms, smart cities or logisticsfor smart monitoring and risk prevention leveraging intrinsic companies’ capabilities through an industry 4.0 approach.",No,,"Franco Maria Di Russo,Alessandro Fanni",,,,,"March 6, 2026 11:55 AM",,,,,,"Franco Maria Di Russo (https://www.notion.so/Franco-Maria-Di-Russo-31b65d57c009809a8934cc79840addb5?pvs=21), Alessandro Fanni (https://www.notion.so/Alessandro-Fanni-31b65d57c00980ed8576d3517fed051a?pvs=21)",,2-SF,https://api.typeform.com/responses/files/c079bf5d54538073437c9d8739a0709758ec7fc7e3eada88c25f6e80abf7d165/Company_Profile_ENG_Versione_compressa_compressed.pdf,,,SMEs Traction,,,,"Franco Maria Di Russo,Alessandro Fanni","https://www.linkedin.com/in/franco-maria-di-russo/,https://www.linkedin.com/in/alessandro-fanni/",,,,https://www.cshark.it/,
AREA SpA,,,,C18_19- DefenceTech / Quantum / Cybersecurity,,areaspa,,"Founded in 1996, AREA has always been focused on the development of technological solutions, and over the years has never abandoned its strong commitment to progress and innovation.Immediately after its founding, AREA addressed the specific and sensitive needs of technical support for investigations, which would influence the company's development, highlighting the need for confidentiality and security as the cornerstone of its expansion, alongside a focus on technological evolution.",No,,"Sacha Bianchi,Andrea Formenti",,,,,"March 5, 2026 9:53 PM",,,,,,"Sacha Bianchi (https://www.notion.so/Sacha-Bianchi-31b65d57c00980bfb099e63c0836d988?pvs=21), Andrea Formenti (https://www.notion.so/Andrea-Formenti-31b65d57c00980fd9168c4244098d595?pvs=21)",,2-SF,,,,SMEs Traction,,,,"Sacha Bianchi,Andrea Formenti","https://www.linkedin.com/in/sachabianchi,https://www.linkedin.com/company/area",,,,https://www.area.it,
Xplora Srl,,,,C18_19- DefenceTech / Quantum / Cybersecurity,,xplorasrl,,"Xplora develops dual-use technologies for subsurface analysis, combining AI and sensor fusion in integrated systems for threat detection and digital mapping. Its platforms—RMDS® for defense and DeepGeo® for civil use—are interoperable with military and civilian standards. Used by Leonardo, Italgas, the US Army. Xplora’s solutions enable fast, safe, and objective data for UXO clearance, infrastructure monitoring, and archaeological prevention, reducing costs and risks through fully automated ops.",No,,Eric Larsen,,,,,"March 6, 2026 11:57 AM",,,,,,Eric Larsen (https://www.notion.so/Eric-Larsen-31b65d57c00980f3b5bcd7b7216ebe70?pvs=21),,2-SF,"https://api.typeform.com/responses/files/4e577fd9cebec3b11d83bd8ea8ae800a98b08c760aae84840fe5dbcea4af7bb4/PITCH___XPL_UV_1__compressed.pdf, https://www.canva.com/design/DAG5t87YZ74/WMVRVRHyOQvkzjTCkfG7BQ/view?utm_content=DAG5t87YZ74&utm_campaign=designshare&utm_medium=link2&utm_source=uniquelinks&utlId=h6413d9c559",,,SMEs Traction,,,,Eric Larsen,https://www.linkedin.com/in/ericlarsen1989/,,,,https://xploragroup.ai/,
Cyberwave,,,,C18_19- DefenceTech / Quantum / Cybersecurity,,cyberwave,,"Cyberwave is an AI platform that orchestrates and governs heterogeneous robotic and autonomous systems across contested, safety-critical environments. Cyberwave reduces integration time and operational risk while increasing mission readiness and interoperability.",No,,"Vittorio Banfi,Stefan Kojouharov,Simone Di Somma",,,,,"March 6, 2026 11:55 AM",,,,,,"Vittorio Banfi (https://www.notion.so/Vittorio-Banfi-31b65d57c00980469465e2cf1b07c5a6?pvs=21), Stefan Kojouharov (https://www.notion.so/Stefan-Kojouharov-32c65d57c00980f6bd2ed36bafa2629e?pvs=21), Simone Di Somma (https://www.notion.so/Simone-Di-Somma-31b65d57c009801db95be1fece5aa991?pvs=21)","SF, USA",2-SF,"https://api.typeform.com/responses/files/9518c43769cbda5864f7518afd9071c54218fb5, https://drive.google.com/file/d/1fIb2GizCN5rVKTUqBQZlLmcWwjMQOgQU/view",,,SMEs Traction,,,,"Vittorio Banfi,Stefan Kojouharov,Simone Di Somma","https://linkedin.com/in/vittorio-banfi-970a2040?originalSubdomain=it,https://www.linkedin.com/in/simonedisomma/",,,,https://cyberwave.com,
Daidalos,,,,C18_19- DefenceTech / Quantum / Cybersecurity,,daidalos,,Daidalos develops hardware AI accelerator for chipmakers. We target space and embedded applications,No,,"Jonathan Bizzi,Francesca Cavazzoni",,,,,"March 6, 2026 11:56 AM",,,,,,"Jonathan Bizzi (https://www.notion.so/Jonathan-Bizzi-31b65d57c009801ea9caf4f2cae2e5af?pvs=21), Francesca Cavazzoni (https://www.notion.so/Francesca-Cavazzoni-31b65d57c00980539850c6e7b5cca685?pvs=21)",,2-SF,"https://api.typeform.com/responses/files/f20ba0ba3e9b4d24e4659d49aef84e081fbc35cfda9cb685421c28c4a40da0dc/deck_Daidalos.pdf, https://youtu.be/ypYSvMRgDUA",,,SMEs Traction,,,,"Jonathan Bizzi,Francesca Cavazzoni","https://it.linkedin.com/in/jonathan-bizzi-9b4b08176,https://it.linkedin.com/in/francesca-cavazzoni-75013187",,,,https://www.daidalos.it/,
VersoSat,,,,C18_19- DefenceTech / Quantum / Cybersecurity,,versosat,,"VersoSat is a startup that has designed a telecommunications system enabling satellites to transmit large amounts of data from space to ground at high speed and at any time - without needing to wait for ground station visibility. We aim to solve the latency issue all satellites suffer for satellite operators who need real-time download. We offer a radio module, distinguished by dynamic SATCOM access. Our revenue comes from the sale of the radio module. Currently, we have 3 Letters of Intent.",No,,,,,,,"March 6, 2026 11:23 AM",,,,,,,,2-No SF,,,,SMEs Traction,,,,,,,,,https://versosat.com,
VectorLab,,,,C18_19- DefenceTech / Quantum / Cybersecurity,,vectorlab,,"Vectorlab è una technology company che progetta strutture per rendere l’innovazione scalabile.Costruisce e governa brand verticali indipendenti, ciascuno con una propria identità, mercato e logica di business, supportati da framework replicabili e una governance centrale.L’azienda opera su tecnologie avanzate come AI, real-time 3D, XR e software engineering, combinando ricerca, sviluppo e prodotto.",No,,,,,,,"February 24, 2026 6:15 PM",,,,,,,,2-No SF,,,,SMEs Traction,,,,,,,,,https://www.vectorlab-cg.com/,
Vector Robotics,,,,C18_19- DefenceTech / Quantum / Cybersecurity,,vectorrobotics,,"VectorRobotics is a startup developing solar-powered UAVs for ultra-long endurance missions. Our flagship product, FireHound, is the world’s first micro drone for autonomous wildfire early detection, capable of flying up to 16 hours and scanning 510 hectares per hour. We help civil protection agencies and environmental authorities monitor vast areas silently and cost-effectively, preventing ecological and economic damage.",No,,Gabriele Giorgini,,,,,"March 6, 2026 11:57 AM",,,,,,Gabriele Giorgini (https://www.notion.so/Gabriele-Giorgini-31b65d57c009804fa157fd45506448a2?pvs=21),,2-SF,"https://api.typeform.com/responses/files/f3149e76cdd5dcc26a53ccdec4c2249e47a9ffd791372ff17468cb7470bfdd26/20250806_Innovit.pdf, https://youtu.be/UjBc5z4pW_Q",,,SMEs Traction,,,,Gabriele Giorgini,https://www.linkedin.com/in/gabriele-giorgini-a97b1138/,,,,https://vector-robotics.space,
SatEnlight,,,,C18_19- DefenceTech / Quantum / Cybersecurity,,satenlight,,"SatEnlight is transforming satellite communications with optical vortex technology for faster, high-capacity connectivity. We improve Satellite connectivity, enhancing existing systems. Our customers include SatCom providers, and ground station producers. We offer services that enable multichannel communication, faster data transmission, and secure, sustainable connections. Our patented solution delivers unmatched performance. Looking for new investments, we’re set for an IOD by the end of 2028",No,,,,,,,"March 6, 2026 11:23 AM",,,,,,,,2-No SF,,,,SMEs Traction,,,,,,,,,https://satenlight.com/,
SVP,,,,C18_19- DefenceTech / Quantum / Cybersecurity,,svp,,"SVP Industries is a defense and aerospace startup that develops low‑cost, modular counter‑drone systems to restore a sustainable cost‑per‑kill against mass‑produced UAS threats. It addresses the economic asymmetry where cheap FPV and loitering drones can overwhelm expensive legacy air‑defense assets, threatening both military operations and critical infrastructure. Target customers are European defense forces, border security agencies, and operators of critical infrastructure such as airports.",No,,Carlo Giovanni Ferro,,,,,"March 6, 2026 11:56 AM",,,,,,Carlo Giovanni Ferro (https://www.notion.so/Carlo-Giovanni-Ferro-31b65d57c0098091b478c6fc037bd778?pvs=21),,2-SF,https://api.typeform.com/responses/files/b3a9272c9e9b3fbd50103836264184fe69d0c9cb36d013ef1c0adbfccc9a47c9/Slide_Deck.pdf,,,SMEs Traction,,,,Carlo Giovanni Ferro,https://www.linkedin.com/in/carlo-giovanni-ferro-3a607151/,,,,https://www.svp-industries.com/,
Small Pixels,,,,C18_19- DefenceTech / Quantum / Cybersecurity,,smallpixels,,"Small Pixels, a high-tech company, specializes in real-time video enhancement using generative AI. Addressing low-quality digital imagery, we cater to those valuing high-definition experiences. Our product stands out with crisper images and a reduction in bandwidth, enhancing sustainability. Our revenue comes from SW licensing and subscriptions. Since launch in July 2023, we've achieved significant traction, with 500k€ booked revenue, highlighting strong market demand for our innovative product.",No,,Fabio Clabot,,,,,"March 6, 2026 11:56 AM",,,,,,Fabio Clabot (https://www.notion.so/Fabio-Clabot-31b65d57c00980428537d2b11060aee3?pvs=21),,2-SF,"https://api.typeform.com/responses/files/9da905be550d4e2ccbb9b562e6a9586e9ebd5a01ce6e6bdc78b33f99f8541ec2/Smallpixels_Customer_Pitch_2023.pdf, https://drive.google.com/file/d/1LDgEdCYq-WyxZfVRiwV_T04iuWJ9VYeo/view?usp=sharing",,,SMEs Traction,,,,Fabio Clabot,https://www.linkedin.com/in/fabio-clabot-31548b1b/,,,,https://smallpixels.ai/,
Dymension,,,,C18_19- DefenceTech / Quantum / Cybersecurity,,dymension,,"Dymension builds software for next-generation systems engineering.We help defense, space, and other complex hardware organizations aggregate engineering data across domains into a single, consistent system model, reducing friction, errors, and development time.Our differentiation lies in an AI-based, ontology-powered approach and our revenues will come from our software. We are currently incubated at ESA BIC Brindisi and have 4 LOI from italian companies.",No,,Pasquale Castellano,,,,,"March 6, 2026 11:25 AM",,,,,,Pasquale Castellano (https://www.notion.so/Pasquale-Castellano-31b65d57c009807abf1efc390d0ff1e8?pvs=21),,2-SF,,,,SMEs Traction,,,,Pasquale Castellano,https://www.linkedin.com/in/pasquale-castellano-833bb1214/,,,,https://dymension.systems/,
Noa Software,,,,C18_19- DefenceTech / Quantum / Cybersecurity,,noasoftware,,"The company deals with industrial robotics , programming ,integration  (mes, erp); training and assistance  plants produced by manufacturers.Our target market is the plant manufacturer or the company producing goods, we sell programming, assistance and training services. The uniqueness lies in our training and assistance system that can be carried out in many countries around the world through an innovative use platform.The business model that comes closest is the Model without an intermediary",No,,"Marco Bellentani ,Giulio Enrico Corazza,Alessandro Molinari",,,,,"March 6, 2026 11:25 AM",,,,,,"Marco Bellentani  (https://www.notion.so/Marco-Bellentani-32c65d57c0098050a348cd0f1eff42f0?pvs=21), Giulio Enrico Corazza (https://www.notion.so/Giulio-Enrico-Corazza-31b65d57c00980b4a6d8f0755360119e?pvs=21), Alessandro Molinari (https://www.notion.so/Alessandro-Molinari-31b65d57c00980db95d5f57b14a57ed9?pvs=21)",,2-SF,,,,SMEs Traction,,,,"Marco Bellentani ,Giulio Enrico Corazza,Alessandro Molinari","https://www.linkedin.com/company/noa-software-srl/,https://www.linkedin.com/company/noa-software-srl/",,,,http://noasoftware.it,
Antarix Space srl / previously Fashion For Biodiversity srl,,,,C18_19- DefenceTech / Quantum / Cybersecurity,,antarixspacesrl/previouslyfashionforbiodiversitysrl,,"Fashion For Biodiversity is a deep tech startup using satellite data and soil science to enable real-time environmental compliance in fashion, textiles, and beauty. Our core service, GeoBioRemediation, detects pollution and supports nature-based remediation, solving transparency gaps in global supply chains. We serve brands, tanneries, farmers, and certifiers. Revenue comes from certification and remediation services. With a \$50B TAM, we’ve secured 400+ LOIs, and ESA award finalist.",No,,,,,,,"March 6, 2026 11:23 AM",,,,,,,,2-No SF,,,,SMEs Traction,,,,,,,,,https://www.fashionforbiodiversity.com,
Novac,,,,C18_19- DefenceTech / Quantum / Cybersecurity,,novac,,"Novac is a deeptech startup developing high-performance, shapeable supercapacitors for critical applications in defense, aerospace and automotive. Thanks to proprietary materials, Novac offers compact, safe, and flexible energy storage solutions with fast power delivery and high reliability. The technology enables structural integration and extreme condition operation. Business model: B2B via direct sales and co-development. Traction includes PoCs and contracts with Leonardo , Iveco and Dallara.",No,,,,,,,"February 24, 2026 6:14 PM",,,,,,,,2-No SF,,,,SMEs Traction,,,,,,,,,https://novacsupercap.com/,
Kaigos,,,,C18_19- DefenceTech / Quantum / Cybersecurity,,kaigos,,"Kaigos is a robotics company that automates welding and palletizing for small and mid-sized factories. We solve labor shortages with AI-powered robotic cells that learn directly from human operators, no programming needed. Our revenue comes from direct sales and a RaaS model. We’ve sold 12 units and have 5 customers in the pipeline for our AI welder solution.",No,,,,,,,"February 24, 2026 6:14 PM",,,,,,,,2-No SF,,,,SMEs Traction,,,,,,,,,https://www.kaigos.io,
REA Space S.r.l.,,,,C18_19- DefenceTech / Quantum / Cybersecurity,,reaspaces.r.l.,,"REA space is a start-up specialized in design, research and development of wearable and protective tools for humans in space and on the Earth. We aim to develop innovative solutions to overcome space challenges, making human missions safer and more sophisticated, and adapting and transferring advanced space technologies to drive terrestrial. Innovation. Our revenue comes from major public and private space agencies.",No,,,,,,,"February 24, 2026 6:14 PM",,,,,,,,2-No SF,,,,SMEs Traction,,,,,,,,,https://reaspace.com/,
Sab Group S.r.l.,,,,C18_19- DefenceTech / Quantum / Cybersecurity,,sabgroups.r.l.,,"SAB Group operates through its Sabrobotix division, focused on the design and manufacturing of helicopter small UAVs. Drone production began in 2020, leveraging the group’s experience in aerospace engineering. With SAB Heli and SAB Foil, the group transfers expertise in helicopter design and carbon fiber manufacturing to UAV systems. Sabrobotix develops and sells helicopter UAV platforms for industrial applications, generating revenue through system sales, customization, and support services.",No,,,,,,,"February 24, 2026 6:15 PM",,,,,,,,2-No SF,,,,SMEs Traction,,,,,,,,,https://www.sabrobotix.com/,
EYE4NIR,,,,C18_19- DefenceTech / Quantum / Cybersecurity,,eye4nir,,"EYE4NIR is a fabless semiconductor company, which develops infrared vision sensors, thanks to a proprietary dual-use technology. Our mission is to revolutionize artificial perception and physical AI with multispectral VIS/SWIR (short-wave infrared) semiconductor sensors. Thanks to unique vision performance and price >200x less than commercial infrared sensors EYE4NIR allows a novel perception layer, detecting hidden information in sectors as automotive, aerospace, defense, and industry.",No,,,,,,,"February 24, 2026 6:14 PM",,,,,,,,2-No SF,,,,SMEs Traction,,,,,,,,,https://www.eye4nir.com/,
Zephorum,,,,C18_19- DefenceTech / Quantum / Cybersecurity,,zephorum,,"Zephorum is a death tech startup helping individuals and businesses manage digital legacy. Our legaltech solution recovers, plans, or protects online data without passwords or privacy invasion. We serve individuals, bereaved families, and industries like insurance and cybersecurity. With B2C, B2B2C, and B2B SaaS models, we've secured 200 users, 50 B deals, a VIP client, and a SaaS agreement in one year, pioneering digital afterlife management.",No,,,,,,,"February 24, 2026 6:15 PM",,,,,,,,2-No SF,,,,SMEs Traction,,,,,,,,,https://webetery.zephorum.com/home,
Cognivix,,,,C18_19- DefenceTech / Quantum / Cybersecurity,,cognivix,,"Cognivix is a deep-tech startup developing AI-powered computer vision and robotic automation solutions for industrial applications. The company enables robots to learn and replicate human actions with minimal programming, improving flexibility and efficiency in manufacturing processes.",No,,,,,,,"February 24, 2026 6:14 PM",,,,,,,,2-No SF,,,,SMEs Traction,,,,,,,,,https://cognivix.com/,
Fluid Wire Robotics,,,,C18_19- DefenceTech / Quantum / Cybersecurity,,fluidwirerobotics,,"Fluid Wire Robotics is a deep tech startup that develops electric robotic arms using proprietary ""Fluid Wire"" technology capable of operating in any harsh environment including radioactive, explosive, underwater, and space conditions. Their technology delivers high performance, safety, and reliability for nuclear, subsea, and space industries.",No,,Ivan De Leonardis,,,,,"March 13, 2026 11:52 PM",,,,,,Ivan De Leonardis (https://www.notion.so/Ivan-De-Leonardis-31b65d57c0098042b386de217269910d?pvs=21),,2-SF,,,,SMEs Traction,,,,Ivan De Leonardis,https://www.linkedin.com/in/ivan-de-leonardis/,,,,https://www.fluidwirerobotics.com/,
Mindstorm Security,,,,ACN,,mindstormsecurity,,"At the heart of MindStorm’s mission is an aspiration to transform the cyber security landscape through education that fuses solid theoretical foundations with lively and engaging practice. We are committed to providing unique, state-of-the-art kits that allow professionals to experience concepts and skills first-hand, turning learning into experience.",No,,"Giuseppe Compare,Matteo Mandolini",2024,,,Cybersecurity,"March 3, 2026 9:38 PM",https://www.linkedin.com/company/mindstormsecurity/,https://www.linkedin.com/company/mindstormsecurity/,"DB%20Companies/6.png, DB%20Companies/2.png",,,"Giuseppe Compare (https://www.notion.so/Giuseppe-Compare-31765d57c009809a8a64f663354c3888?pvs=21), Matteo Mandolini (https://www.notion.so/Matteo-Mandolini-31765d57c0098031acc2dc0d586a30a3?pvs=21)",,2-SF,,,,ACN,,,,"Giuseppe Compare,Matteo Mandolini","https://www.linkedin.com/in/giuseppe-compare-5612b645/,https://www.linkedin.com/in/matteo-mandolini-b0b040144/",,,,https://mindstormsecurity.com/,
Framework Security (accelerated by Nana Bianca),,,,ACN,,frameworksecurity(acceleratedbynanabianca),,"Framework Security is an award-winning cybersecurity firm specializing in penetration testing, AI governance, virtual CISO services, SOC 2 compliance, and full-spectrum security program development. We help organizations identify vulnerabilities, eliminate threats, and build robust security programs through a combination of expert-led assessments and automation.",No,,"Giovanni Ronconi,Antonio Montillo",2019,,,Cybersecurity,"March 4, 2026 9:40 PM",https://www.linkedin.com/company/frameworksec,https://www.linkedin.com/company/frameworksec,"DB%20Companies/Fseclogo.png, DB%20Companies/fseclogo2.png",,,"Giovanni Ronconi (https://www.notion.so/Giovanni-Ronconi-31765d57c00980f19c8ed3b56442f9a3?pvs=21), Antonio Montillo (https://www.notion.so/Antonio-Montillo-32065d57c009809c99fee11a2f04895a?pvs=21)",,2-SF,,,,ACN,,,,"Giovanni Ronconi,Antonio Montillo","https://it.linkedin.com/,https://it.linkedin.com/in/antoniomontillo",,,,https://www.f6s.com/company/framework-security#about,
Principled Intelligence,,,,ACN,,principledintelligence,,"Principle by OpenBabylon reimagines how organizations engage with the future.
We bring Fortune 10 strategic capabilities to mid-market and growth companies:  digital twins of your company, competitors, regulators and market forces, grounded in live market intelligence.",No,,"Edoardo Barba,Simone Conia",2024,,"$2,000,000",Cybersecurity,"March 3, 2026 9:38 PM",https://www.linkedin.com/company/futureprinciple,https://www.linkedin.com/company/futureprinciple,"DB%20Companies/logo_black.png, DB%20Companies/logo_white.png",,,"Edoardo Barba (https://www.notion.so/Edoardo-Barba-31765d57c00980cc8d2ae8e5e8057b8c?pvs=21), Simone Conia (https://www.notion.so/Simone-Conia-31765d57c00980c4bc0ddcbca3a2c0cd?pvs=21)",,2-SF,,,,ACN,,,,"Edoardo Barba,Simone Conia","https://www.linkedin.com/in/edoardo-barba-phd-799825127/,https://www.linkedin.com/in/simone-conia/",,,,https://principled-intelligence.com/,
Osmium Italy S.r.l.,,,,ACN,,osmiumitalys.r.l.,,"OSMIUM is a cybersecurity company with the mission of safeguarding the aerospace, defence and automotive industries' digital transformation and enabling the secure use of digitalization, connectivity, and SW-based spacecraft, aircraft and vehicles to guarantee the safety, integrity, and resilience of its customer’s missions and operations.",No,,Juan Jose Grosso,2020,,,Cybersecurity,"March 3, 2026 9:38 PM",https://www.linkedin.com/company/osmiumsolutions/,,"DB%20Companies/nm_o_txtbig_white.svg, DB%20Companies/nm_o_txtbig.png",,,Juan Jose Grosso (https://www.notion.so/Juan-Jose-Grosso-31765d57c009808dbceaf8da675340d9?pvs=21),,2-SF,,,,ACN,,,,Juan Jose Grosso,https://www.linkedin.com/in/juangrosso,,,,https://www.osmium.solutions/,
ai.esra Spa,,,,C18_19- DefenceTech / Quantum / Cybersecurity,,ai.esraspa,,"ai.esra spa has developed a product, ESRA, which enables an objective, automated, and agentless analysis to determine cyber risk levels in real time and to recommend mitigation actions on infrastructures and systems, while also forecasting the resulting improvement in the risk index.
The go-to-market strategy is based on a partner and distributor model. The license is typically offered on an annual or three-year subscription basis. Currently, we have more than 10 active clients.


ai.esra spa,  ha realizzato un prodotto, ESRA, che consente, attraverso una analisi oggettiva, automatica e agentless, di determinare il livello di rischio cyber in tempo reale e di suggerire gli interventi di mitigazione sulle infrastrutture e sui sistemi indicandone preventivamente il miglioramento  dell’indice di rischio.Il go to market prevede un modello tramite partner e distributori. normalmente la licenza ha canone annuale o triennale. Attualmente abbiamo oltre 10 clienti attivi.",No,,"Vittorio Rametta,Federico Cornagliotto",,,,,"March 19, 2026 11:22 PM",,,,,,"Vittorio Rametta (https://www.notion.so/Vittorio-Rametta-31b65d57c0098089963dfd08ddafddb4?pvs=21), Federico Cornagliotto (https://www.notion.so/Federico-Cornagliotto-31b65d57c00980a9b5aae8cd691442ec?pvs=21)",,2-SF,"https://api.typeform.com/responses/files/ca98c893c5f6eaec162db421ad9a030dab1729b, https://drive.google.com/file/d/1DxwEb559sBSTHY9XRwy7JkCR_S4PUKds/view",,,SMEs Traction,,,,"Vittorio Rametta,Federico Cornagliotto","https://www.linkedin.com/in/vittorio-rametta-027898100/,https://www.linkedin.com/in/federico-cornagliotto-37675845/",,,,https://ai-esra.com,
Beelzebub,,,,C18_19- DefenceTech / Quantum / Cybersecurity,,beelzebub,,"Beelzebub is an AI-native cybersecurity platform that detects and responds to advanced threats bypassing traditional defenses. It solves critical blind spots in enterprise security: from AI agent vulnerabilities to ransomware, for mid-market and large enterprises, including government agencies. It offers a unified platform combining AI-powered deception, autonomous SOC, and offensive security with a ""one sensor, every surface"" approach. Traction: 1.8K GitHub stars across 45 countries.",No,,"Mario Candela, Giovanni Braccini,Giorgio Bordoli",,,,,"March 6, 2026 11:58 AM",,,,,,"Mario Candela (https://www.notion.so/Mario-Candela-31b65d57c00980eda7d0c89fee5bb2f2?pvs=21),  Giovanni Braccini (https://www.notion.so/Giovanni-Braccini-32565d57c009809786a7ee9d58949b67?pvs=21), Giorgio Bordoli (https://www.notion.so/Giorgio-Bordoli-31b65d57c00980d0a2dde97cca552519?pvs=21)",,2-SF,https://api.typeform.com/responses/files/3709446f57e109a91a7f46ba45c0d067ad2949e,,,SMEs Traction,,,,"Mario Candela, Giovanni Braccini,Giorgio Bordoli","https://www.linkedin.com/in/giorgiobordoli/,https://www.linkedin.com/in/giovanni-braccini-533568237/,https://www.linkedin.com/in/giorgiobordoli/",,,,https://beelzebub.ai/,
bitCorp,,,,C18_19- DefenceTech / Quantum / Cybersecurity,,bitcorp,,"Founded in 2018 by two former intelligence operatives, BITCORP is a software house specialized in the cybersecurity industry. Drawing on their extensive backgrounds in counterintelligence and cyber warfare, the founders established the company with a mission to provide advanced security solutions to businesses and organizations worldwide.BITCORP specializes in a comprehensive suite of services, including threat intelligence, incident response, network security, and cybersecurity consulting.",No,,"Giovanni Patruno,Gianluca Tirozzi",,,,,"March 6, 2026 11:26 AM",,,,,,"Giovanni Patruno (https://www.notion.so/Giovanni-Patruno-31b65d57c009804da435cabe9dc778d9?pvs=21), Gianluca Tirozzi (https://www.notion.so/Gianluca-Tirozzi-31b65d57c0098003a241ffaba8b170c9?pvs=21)",,2-SF,,,,SMEs Traction,,,,"Giovanni Patruno,Gianluca Tirozzi","https://www.linkedin.com/in/giovanni-patruno-97243296/,https://www.linkedin.com/in/gtirozzi/",,,,https://bitcorp.it/it,
BUTTERFLY DECISIONS - S.R.L.,,,,C18_19- DefenceTech / Quantum / Cybersecurity,,butterflydecisions-s.r.l.,,"Butterfly Decisions is an AI-native AI-Assisted Decision-Making platform designed to support complex organizations in making critical, high-uncertainty, multi-stakeholder decisions. The platform combines artificial intelligence models, structured decision-making algorithms, and epistemic analysis, while keeping the human decisively in the loop throughout the decision process.Butterfly’s AI goes beyond automation or descriptive analytics. It operates at an epistemic level, explicitly surfacing",No,,Raffaele Marino,,,,,"March 6, 2026 11:58 AM",,,,,,Raffaele Marino (https://www.notion.so/Raffaele-Marino-32165d57c00980f5a2ccf4a5f5dc37b5?pvs=21),,2-SF,https://api.typeform.com/responses/files/0557633c6a84d5724b88c4219d308140153bfc7f9f7c75788b420e3240f5ef4f/Butterfly_Decisions___Defense_ridotto_compresso.pdf,,,SMEs Traction,,,,Raffaele Marino,,,,,https://www.butterflydecisions.com/?lang=en,
Bynario,,,,C18_19- DefenceTech / Quantum / Cybersecurity,,bynario,,"Bynario builds defensive security solutions to ensure software sovereignty and autonomous protection of compiled software. We enable vulnerability discovery, triage, and management at the binary level without source code access. Our customers are enterprises and public-sector organizations in highly regulated, mission-critical industries. We provide a software platform for deep vulnerability discovery, risk prioritization, and automated repair.",No,,"Giancarlo Russo,Alfredo Pesoli",,,,,"March 6, 2026 11:59 AM",,,,,,"Giancarlo Russo (https://www.notion.so/Giancarlo-Russo-31b65d57c009804c98a9daf6a736c81f?pvs=21), Alfredo Pesoli (https://www.notion.so/Alfredo-Pesoli-31b65d57c00980bfbc7ee13137b20e78?pvs=21)",,2-SF,https://api.typeform.com/responses/files/46476b9eed656b9512e0bb1e2d90a0dab8a3fa2dfffd33b4940ec4826c671c3b/202601___BynarIO_deck.pdf,,,SMEs Traction,,,,"Giancarlo Russo,Alfredo Pesoli","https://www.linkedin.com/in/giancarlo-russo-5892a92/,https://www.linkedin.com/in/alfredopesoli/",,,,https://bynar.io,
Cleafy,,,,C18_19- DefenceTech / Quantum / Cybersecurity,,cleafy,,"Cleafy is a cybersecurity and fraud-management software company that helps financial institutions predict, understand, and stop attacks before they cause fraud or operational damage. We fuse cyber threats, fraud signals, and user behavior for banks. Our predictive platform reconstructs and stops attack chains up to fifteen days in advance. Cleafy operates a subscription-based SaaS model and protects hundreds of banks across three continents, representing more than 16% of the Fortune 500.",No,,,,,,,"March 6, 2026 11:26 AM",,,,,,,,2-No SF,,,,SMEs Traction,,,,,,,,,https://cleafy.com,
Cyber Evolution Srl,,,,C18_19- DefenceTech / Quantum / Cybersecurity,,cyberevolutionsrl,,"Cyber Evolution is a cybersecurity company that develops and LECS, an AI-driven, plug-and-secure NDR platform for IT/OT/IoT networks. We aim to solve poor internal visibility of complex security stacks for SMBs and Corporate. We offer LECS, with agentless deployment, zero-configuration setup, deep traffic intelligence, automated response with audit-ready reporting and SOC integration. Our revenue comes from indirect channel sales through distributors, resellers, and technology partners.",No,,Danilo Bontà,,,,,"March 17, 2026 3:22 PM",,,,,,Danilo Bontà (https://www.notion.so/Danilo-Bont-31b65d57c00980108e91e3580316a573?pvs=21),,2-No SF,"https://api.typeform.com/responses/files/fbc458525e18bfd0e7935e3ce076fd9f95e826044356ca91e6d3f95c1f203a26/ENG__LECS_Pitch_deck_2026___Rev.14__1_.pdf, https://drive.google.com/file/d/1LfH-sgeUIOkDCJLSaAv4QUGTlH6q-LVE/view?usp=sharing",,,SMEs Traction,,,,Danilo Bontà,https://www.linkedin.com/company/lecs-security/,,,,https://lecs.io/,
Drivesec srl,,,,C18_19- DefenceTech / Quantum / Cybersecurity,,drivesecsrl,,"Drivesec is a product cybersecurity company with specific attention to iot and automotive. We have designed a platform to automate the process of cybersecurity assessment. Our platform verify resilience to cyber attacks, compliance to regualtion and verify product cyber requirements",No,,,,,,,"March 6, 2026 11:26 AM",,,,,,,,2-No SF,,,,SMEs Traction,,,,,,,,,https://www.drivesec.com,
Fata Informatica srl,,,,C18_19- DefenceTech / Quantum / Cybersecurity,,fatainformaticasrl,,"Fata Informatica, founded in 1994, is an Italian cybersecurity company with over 30 years of experience in security, monitoring and cyber resilience. Through its brand CybersecurityUP, Fata Informatica  operates as an ISO/IEC 17024–accredited certification body, providing internationally recognized certifications for cybersecurity professionals",No,,,,,,,"March 6, 2026 11:26 AM",,,,,,,,2-No SF,,,,SMEs Traction,,,,,,,,,https://www.cybersecurityup.com,
Hacktive Security,,,,C18_19- DefenceTech / Quantum / Cybersecurity,,hacktivesecurity,,"Hacktive Security is a Cybersecurity consultancy firm that provide vertical services such as penetration testing and red teaming. We aim to minimise the Cybersecurity exposure of the Client's infrastructure, applications and data. We offer these services with an experience of more 20 years . Our revenue comes from consultancy services. Currently, we have a team of 10 penetration testers/red teamers with skills on several different areas: Network, Web/Mobile Applications, Hardware, Web3, etc..",No,,,,,,,"March 6, 2026 11:27 AM",,,,,,,,2-No SF,,,,SMEs Traction,,,,,,,,,https://hacktivesecurity.com,
Hiop,,,,C18_19- DefenceTech / Quantum / Cybersecurity,,hiop,,"Hiop is a software company that is making infrastructure-less data logistics possible. We solve the complexity and cost of traditional data integration for information-driven companies delivering digital products and AI features. Our lightweight platform provides adaptable data foundations without invasive infrastructure or specialized skills. Revenue is subscription-based + pay per use. Hiop is already powering leaders and startups at scale, turning data challenges into competitive advantages",No,,"Giacomo Barone,Enrico La Sala",,,,,"March 6, 2026 11:59 AM",,,,,,"Giacomo Barone (https://www.notion.so/Giacomo-Barone-31b65d57c00980d28647e1a11fb6eb6c?pvs=21), Enrico La Sala (https://www.notion.so/Enrico-La-Sala-31b65d57c009802e9cc6f8b83e03453d?pvs=21)",,2-SF,"https://api.typeform.com/responses/files/98823b9b33870ebe23f588424b602107b413ce81dd64e767c71df78b2cf1e0d6/77be8879cdcd_Hiop___Short_Deck__good_for_both_customers_and_as_a_startup_presentation___1_.pdf, https://drive.google.com/file/d/1CkZlLL_hjk0qmWpwxz8HLfZEIVCRBa1i/view?usp=sharing",,,SMEs Traction,,,,"Giacomo Barone,Enrico La Sala","https://www.linkedin.com/in/giacomobarone/?locale=en,https://www.linkedin.com/in/enricolasala/",,,,https://www.hiop.io/,
neurally,,,,C18_19- DefenceTech / Quantum / Cybersecurity,,neurally,,"Neurally is a B2B AI software company that turns enterprise documents into a trusted knowledge layer, integrating with any data source. We solve knowledge friction for legal, compliance, operations, and industrial teams by delivering answers that link to the exact source file and page. Revenue comes from subscriptions (SaaS) plus onboarding and integrations. Today we have 3 paying customers, ~€10k MRR, and 10 active demos. 2025 revenue: €230k.",No,,,,,,,"March 6, 2026 11:33 AM",,,,,,,,2-No SF,,,,SMEs Traction,,,,,,,,,https://www.neurally.it/,
Propero,,,,C18_19- DefenceTech / Quantum / Cybersecurity,,propero,,"Propero is a deep-tech Italian startup that transforms quantum computing research into practical optimization solutions for industry. We solve growing decision-making complexity in logistics, energy, manufacturing, and finance where traditional computers prove inadequate. We offer a hybrid quantum-classical platform combining consulting, proprietary algorithms, and software enabling organizations to tackle resource allocation, scheduling, and planning problems without internal quantum expertise.",No,,"Alberto Ambrosini,Davide Pastorello",,,,,"March 12, 2026 10:07 AM",,,,,,"Alberto Ambrosini (https://www.notion.so/Alberto-Ambrosini-31b65d57c00980a09ea0eeab250edcdf?pvs=21), Davide Pastorello (https://www.notion.so/Davide-Pastorello-31b65d57c00980309077de946d9f46cf?pvs=21)",,2-No SF,https://api.typeform.com/responses/files/29a10639ad1fdd827cd603abf60663549797871,,,SMEs Traction,,,,"Alberto Ambrosini,Davide Pastorello","https://www.linkedin.com/in/alberto-ambrosini-275722252/,https://www.linkedin.com/in/davide-pastorello-833299226/",,,,https://www.ufficiostampa.provincia.tn.it/Comunicati/Propero-startup-trentina-pr,
QuantHum Edge Srl,,,,C18_19- DefenceTech / Quantum / Cybersecurity,,quanthumedgesrl,,"QuantHum Edge is an Italian deep-tech startup redefining the boundaries of computation. Driven by a radical vision and a human-centered technology, the company has designed the world’s first modular and accessible quantum supercomputer, capable of operating without extreme cryogenics and with revolutionary energy efficiency. QuantHum Edge’s mission is to make quantum computing a practical, everyday tool—available nalso to schools, businesses, institutions, and eventually even for home use.",No,,,,,,,"March 6, 2026 11:33 AM",,,,,,,,2-No SF,,,,SMEs Traction,,,,,,,,,https://www.quanthumedge.it,
Sicuranext srl,,,,C18_19- DefenceTech / Quantum / Cybersecurity,,sicuranextsrl,,"SicuraNext builds an AI-driven cybersecurity platform that automates security operations. We solve fragmented, complex and human-dependent SOCs by providing a single control plane that connects and orchestrates all security tools. Our customers are mid-market and enterprise companies. We sell a SaaS platform with integrated proprietary modules. Our solution is unique because it unifies, reasons and acts across the entire security stack. Revenue is subscription-based. We serve 250+ customers.",No,,"Omar El Hamdani,Mitchell Broner Squire",,,,,"March 6, 2026 11:33 AM",,,,,,"Omar El Hamdani (https://www.notion.so/Omar-El-Hamdani-31b65d57c00980088a61c1d607e88f86?pvs=21), Mitchell Broner Squire (https://www.notion.so/Mitchell-Broner-Squire-31b65d57c009809f94cafad16cfd2321?pvs=21)",,2-SF,,,,SMEs Traction,,,,"Omar El Hamdani,Mitchell Broner Squire","https://it.linkedin.com/in/omar-el-hamdani-017222a4,https://www.linkedin.com/in/mitchell-broner-squire/?originalSubdomain=it",,,,https://sicuranext.com/,
Endok S.r.L.,Women with endometriosis and gynecological clinics; NuraHealth (active US partner); SGS Nutrasource and Mérieux Nutrisciences for clinical validation and regulatory support,"Via di Valle Alessandra, 53",Roma,Lazio Innova,,endoks.r.l.,,"EndOK develops MetrioFen®, a patented nutraceutical line for endometriosis — a condition with no approved disease-modifying treatment on the market. The company holds an exclusive international patent (US included) on formulations validated in a 34-patient clinical trial, registered in 6 countries. Active US partnerships with NuraHealth, SGS Nutrasource, and Mérieux Nutrisciences support clinical validation and regulatory access. TRL 8-9. Targeting US commercial launch by 2027.",No,,"Gianluigi Corsetti,Luciano Serra",2022,Licensing partnerships with US distributors for MetrioFen®; access to capital to advance the regulatory and clinical pipeline,,Life Sciences,"April 14, 2026 9:59 PM",https://www.linkedin.com/company/endok-eu/,,https://drive.google.com/file/d/1O98aKZVaBt-2Qoxr540XmawMrzV78zY1/view?usp=sharing,,16612541009,"Gianluigi Corsetti (https://www.notion.so/Gianluigi-Corsetti-32d65d57c00980489e9ccab637e5479e?pvs=21), Luciano Serra (https://www.notion.so/Luciano-Serra-34265d57c00980fd840bede9cdb634c2?pvs=21)",,2-SF,,,,Lazio Innova,RM,Latium,,"Gianluigi Corsetti,Luciano Serra","https://www.linkedin.com/in/corseg/,https://www.linkedin.com/in/lucianoserra/",5,,"€380,000.00",https://www.endok.eu,133
MATERIAINTEL S.r.l.,Metal commodity traders and industrial importers exposed to CBAM; construction and infrastructure groups navigating carbon pricing; ESG advisory firms serving carbon-exposed clients,"Via Pietro Mascagni, 130",Roma,Lazio Innova,,materiaintels.r.l.,,"MATERIA builds Patchwork, an AI-native SaaS platform that turns commodity market data, carbon emissions, and CBAM regulatory signals into real-time cost and risk intelligence. The platform operates at TRL 8-9 with live customers, accelerated by Techstars. Targeting metal traders, industrial importers, and ESG-exposed companies navigating US carbon pricing and tariff risk. Founded 2025; ARR target €100K in 2026.",No,,Francesco Martella,2025,US market entry: product-market fit validation with commodity and construction players; commercial and technology partnerships; fundraising with US investors,,Platform AI,"March 31, 2026 12:29 PM",,,,,17965801008,Francesco Martella (https://www.notion.so/Francesco-Martella-32d65d57c0098063a001d503312e3264?pvs=21),,1-No,,,,Lazio Innova,RM,Latium,,Francesco Martella,,6,,,https://www.materiaintel.com,199
DIVE! S.r.l.,Space agencies and aerospace prime contractors; universities and research institutions active in space safety and simulation; scientific communication organizations in the Bay Area,"Via Cesare Beccaria, 11",Roma,Lazio Innova,,dive!s.r.l.,,"DIVE! builds cross-platform VR/XR environments for simulation, training, and scientific communication in the space sector, deployed on Unreal/Unity, Meta Quest, and Apple Vision Pro. Revenue grew from €28K (2022) to €263K (2024), with an ESA project partnership and €126K in Invitalia grant funding. TRL 7-8, commercially active. Entering the US aerospace and defense training market.",No,,Michelangelo  Mochi,2020,"US commercial partnerships with space agencies, aerospace contractors, and research universities; capital raising to productize the platform",,Space Economy,"April 17, 2026 11:55 AM",https://www.linkedin.com/company/dive-srl/,,https://api.typeform.com/responses/files/2f111b1b7f85330e4daba5e5fe8bb035cf3401e61482024ef2b13b9e7718e220/total_POS_BLUE__1_.png,,15756871008,Michelangelo  Mochi (https://www.notion.so/Michelangelo-Mochi-32d65d57c0098095a307c35d7fcb4622?pvs=21),,2-SF,,,,Lazio Innova,RM,Latium,,Michelangelo  Mochi,,6,,"€126,000.00",https://go-dive.net/,196
Alma Serum S.r.l.,Large dairy producers and cooperatives seeking sustainable whey valorization; cosmetics ingredient buyers in the upcycled beauty segment; investors in DeepTech and AgriTech specializing in Net Zero Dairy,"Via Antonio Salandra, 18",Roma,Lazio Innova,,almaserums.r.l.,,"Alma Serum has developed a zero-waste filtration process using electrospun nanotechnological membranes that transforms dairy whey into high-purity protein concentrates for cosmetics and biomedical applications. IP filings in progress; active pilots with Lactalis and Vason Group. Positioned at the intersection of upcycled beauty, circular biotech, and Net Zero Dairy. TRL 4-5. Seeking VC and industrial partners in the US Beauty and MedTech sectors.",No,,Antonella  Bellina,2025,Contact with VC and industrial partners in the Beauty and MedTech sectors; Seed or Series A to scale technology and validate the US market,,Life Sciences,"April 15, 2026 7:30 PM",https://www.linkedin.com/company/alma-serum-cosmetic-innovation/,,https://drive.google.com/file/d/1-2-XPVWyJ8BCM_85G8Z5LXltmwQg3Bjs/view?usp=share_link,,3106630357,Antonella  Bellina (https://www.notion.so/Antonella-Bellina-32d65d57c00980648c31c80d782191b5?pvs=21),,2-SF,,,,Lazio Innova,RM,Latium,,Antonella  Bellina,https://www.linkedin.com/in/antonella-bellina-58576b23,5,,,https://www.almaserum.it,187
Math Biology S.r.l.,Preventive health clinics and cardiology centers oriented toward advanced metabolic screening; digital health platforms and medical networks focused on personalized health management; clinical research organizations for metabolic risk studies,"Via Diogeniano di Eraclea, 89",Roma,Lazio Innova,,mathbiologys.r.l.,,"Math Biology is building DMA (Deep Metabolism Assessment), a non-invasive platform that detects cardiometabolic biomarkers through proprietary electrical signal acquisition — no blood draws required. Two international patents, one extended to the US, Japan, China, India, and UAE. TRL 6-7; first clinic opening in Rome Q2 2026 with a 400-patient pipeline seeded from a founder's practice. Targeting US clinical research networks and preventive health investors.",No,,Raffaele Maccioni,2020,"Build relationships with US clinical research, innovation, and finance networks; access to capital to support US clinical development",,Life Sciences,"April 14, 2026 9:59 PM",https://www.linkedin.com/company/math-biology/,,https://drive.google.com/file/d/1BBhbJhcLmwdoFTJzRnxzO6xdxtkv99l6/view?usp=sharing,,15777401009,Raffaele Maccioni (https://www.notion.so/Raffaele-Maccioni-32d65d57c0098067b19ede91f3e4b161?pvs=21),,2-SF,,,,Lazio Innova,RM,Latium,,Raffaele Maccioni,https://www.linkedin.com/in/raffaelemaccioni/,6,,,https://www.mathbiology.ai,124
GO-OZ S.r.l.,XR gaming platforms and hardware developers; neuro-rehabilitation clinics and hospitals using VR therapy; drone and space rover teleoperation programs requiring hands-free locomotion interfaces,"Via Carlo Pascal, 6",Roma,Lazio Innova,,go-ozs.r.l.,,"GO-OZ develops patented smart overshoes that translate foot micro-oscillations into virtual locomotion, eliminating VR sickness through proprioceptive feedback. US patent granted (N. 17/040,372), with Italian and EU patents; validated at CES 2026 and Tokyo Game Show 2025. Applications span XR gaming, neuro-rehabilitation, and hands-free drone and rover teleoperation. TRL 7. Targeting a Seed round of €1M with Silicon Valley DeepTech and Digital Health VCs.",No,,Stefano Moretti,2020,Seed round of €1M with Silicon Valley DeepTech and Digital Health VCs; connections with US clinical research centers and XR ecosystem partners,,Life Sciences,"April 14, 2026 9:59 PM",https://www.linkedin.com/company/go-oz-srl/,,https://drive.google.com/file/d/1RyRQGRAzW_aR3r8gRgIaRzKXp0vm-cA0/view?usp=sharing,,15825271008,Stefano Moretti (https://www.notion.so/Stefano-Moretti-32d65d57c00980799465c33ba8200437?pvs=21),,2-SF,,,,Lazio Innova,RM,Latium,,Stefano Moretti,https://www.linkedin.com/in/stefano-moretti-21352418/,6,,,https://go-oz.it/,167
Chimera Tech S.r.l.,"Marina operators and yacht charter companies (focus: Florida, California, Great Lakes); premium boat owners seeking remote monitoring and predictive maintenance; marine electronics integrators and fleet management operators","Viale Cortina d'Ampezzo, 155",Roma,Lazio Innova,,chimeratechs.r.l.,,"Chimera Tech develops SmartSailor, an IoT + AI platform for recreational boating combining proprietary SmartBox vessel hardware with a cloud dashboard and AI assistant for remote monitoring and predictive maintenance. 90 organic signups and one active marina pilot (260 vessels) as of February 2026. TRL 7-8, pre-revenue. Targeting US entry in Florida, California, and Great Lakes through marina operators and charter companies.",No,,Marco Chimenti,2025,US go-to-market strategy for the boating sector; commercial partnerships with marina operators and charter companies; investor connections,,Space Economy,"April 15, 2026 8:03 PM",https://www.linkedin.com/company/chimeratech-innovation/,,https://drive.google.com/file/d/1iLwPjjWVLZl8E0y2iFdMIffesxsxGBHK/view?usp=sharing,,18177191006,Marco Chimenti (https://www.notion.so/Marco-Chimenti-32d65d57c00980eabe74e2f28bea790a?pvs=21),,2-SF,,,,Lazio Innova,RM,Latium,,Marco Chimenti,https://www.linkedin.com/in/marcochimenti,5,,,https://www.smartsailor.it,135
Seneca Biotech Srl,Real estate and facility operators requiring Legionella control and air quality management; agricultural companies seeking zero-residue pesticide alternatives; precision agritech input distributors in Life Sciences and AgriTech markets,"Via Dell'Umiltà, 49",Roma,Lazio Innova,,senecabiotechsrl,,"Seneca Biotech has industrialized a proprietary cold-atomization and micronization platform for biosecurity (Legionella neutralization, SBS control), precision agriculture (pesticide replacement), and olfactory marketing. ~€3M in cumulative revenue over three years, backed by CDP Venture Capital, with a PoC completed with Eni through the FAROS accelerator. TRL 8-9, IoT-integrated and commercially deployed. Targeting US scale-up in real estate biosecurity and precision agritech markets.",No,,Beatrice Lombardi,2021,Validate IoT micronization systems in the US Life Sciences and AgriTech markets; strategic distribution partnerships; capital raising,,Life Sciences,"March 18, 2026 4:08 PM",,,,,16122451004,Beatrice Lombardi (https://www.notion.so/Beatrice-Lombardi-32d65d57c009806a889de5315a31df99?pvs=21),,1,,,,Lazio Innova,RM,Latium,,Beatrice Lombardi,,11,,,https://www.senecabiotech.com,187
Human Motor Patterns S.r.l.,Professional sports organizations (team physicians and medical staff); orthopedic clinics and physical therapy centers; Life Sciences companies for potential industrial partnership and international distribution,"Via Tiburtina, 612",Roma,Lazio Innova,,humanmotorpatternss.r.l.,,"Human Motor Patterns builds BMPOD, an IoT + AI system that guides clinicians through iterative postural correction cycles and generates patient-specific 3D digital insole designs. Protected by granted European patent EP4408275B1 (August 2025), with PCT extension pending in the US, China, Japan, Australia, and Canada. TRL 4; targeting CE marking as a medical device and Italian commercial launch by 2027. Seeking technology, industrial, and financial partners for international expansion.",No,,Giovanni Maresca,2022,Attract technology and industrial partners; identify financial backers to support international expansion,,Life Sciences,"April 14, 2026 10:05 PM",https://www.linkedin.com/company/human-motor-patterns/,,DB%20Companies/Logo_HMP.jpg,,16597601000,Giovanni Maresca (https://www.notion.so/Giovanni-Maresca-32d65d57c0098041bfe5e048693a1937?pvs=21),,2-SF,,,,Lazio Innova,RM,Latium,,Giovanni Maresca,http://www.linkedin.com/in/giovanni-maresca-ba32b3170,5,,"€200,000.00",https://www.hmpatterns.net/,159
Wh Tech Srl,eMazzanti Technologies NYC (existing US partner); large and mid-market enterprise HR buyers (CHRO and Talent Acquisition leaders); government workforce agencies for reskilling and talent-matching programs,"Via Giacomo Peroni, 452",Roma,Lazio Innova,,whtechsrl,,"Wh Tech builds Whp.AI, a B2B/B2G HR Intelligence SaaS that uses a patented semantic skill graph to surface hidden competencies from CVs and HR data — going beyond keyword matching to predict role-fit. 10+ enterprise clients including Toyota Motor Italia; €110K ARR growing +91% YoY; listed on Microsoft Marketplace; US partner eMazzanti (NYC). TRL 9, commercially launched. Raising €2.5M to accelerate US go-to-market.",No,,Davide De Lucis,2021,Raise €2.5M from US VCs and Business Angels; engage local Value Added Resellers; develop B2G partnerships with US government agencies,,Platform AI,"April 14, 2026 9:59 PM",https://www.linkedin.com/company/whpai/,,https://drive.google.com/file/d/1aUPP4_SqHL6oc__YokqGaYrBcij5pzFS/view?usp=sharing,,2378430561,Davide De Lucis (https://www.notion.so/Davide-De-Lucis-32d65d57c0098000a400d0a4b3e5a391?pvs=21),,2-SF,,,,Lazio Innova,RM,Latium,,Davide De Lucis,https://www.linkedin.com/in/davide-delucis-rossi/,5,,"€508,000.00",https://whp.ai,131
Brain Innovations,Mayo Clinic and Johns Hopkins neurology departments; Medtronic and AbbVie (in active partnership discussions); pharmaceutical companies and medical device manufacturers for PD Assistant integration,"Via Alvaro del Portillo, 21",Roma,Lazio Innova,,braininnovations,,"Brain Innovations is building an integrated AI platform for end-to-end Parkinson's disease management — from multimodal diagnosis to continuous therapy optimization. Answer to PD (Class I CE + FDA cleared, Q1 2025) provides 24/7 monitoring via voice, facial, tremor, and kinematic analysis; PD Assistant targets AI-driven DBS and infusion automation. 4 international patents; university spinoff of Campus Bio-Medico; active discussions with Medtronic and AbbVie. TRL 7-8 (Answer to PD). Targeting FDA approval by 2027.",No,,Lazzaro Di Biase,2019,Visibility with US institutional investors and VCs to fund final development and clinical validation; partnership integration with Medtronic and AbbVie; US distributor identification,,Life Sciences,"March 24, 2026 4:34 PM",,,,,15257761005,Lazzaro Di Biase (https://www.notion.so/Lazzaro-Di-Biase-32d65d57c00980aeaf6fe3a8dea5c6b6?pvs=21),,1,,,,Lazio Innova,RM,Latium,,Lazzaro Di Biase,,5,,"€1,825,000.00",https://braininnovations.eu/,128
GEORADIO SRL,"Museums, cities, and cultural parks developing digital visitor experiences; destination marketing organizations in the travel and tourism sector; travel-tech operators and audio tour platform distributors","Via Firenze, 47A",Roma,Lazio Innova,,georadiosrl,,"GeoRadio operates Loquis, a B2B SaaS platform enabling cities, museums, and tourism destinations to publish geolocated audio experiences tied to physical locations, with full listener analytics. Revenue grew from €301K (2022) to €694K (2024); €5M raised from CDP Venture Capital, P101 SGR, and Lazio Innova. TRL 8-9, commercially deployed. Entering the US market targeting cultural institutions, destination marketing organizations, and travel-tech operators.",No,,Floriana Pisano,2017,"Partnerships with US cultural institutions, tourism destinations, and travel-tech operators; investor and technology partner connections for platform scaling",,Cultural Heritage Tech,"March 24, 2026 4:34 PM",,,,,14571251009,Floriana Pisano (https://www.notion.so/Floriana-Pisano-32d65d57c00980d0bfcdc51703311187?pvs=21),,1,,,,Lazio Innova,RM,Latium,,Floriana Pisano,,11,,"€5,010,000.00",https://www.loquis.biz/it/,184
We-Com S.r.l.,Local administrations and destination management organizations; tourism operators and cultural institutions interested in immersive heritage promotion; investors and tech companies exploring smart heritage and territorial marketing,"Viale Fiume, 125/b",Viterbo,Lazio Innova,,we-coms.r.l.,,"We-Com is a software company and system integrator (€18.9M revenue, 2024) with a VR/AR product line that creates digital twin-based immersive experiences for cultural heritage sites, enabling time-switch exploration between a site's present state and its historical 3D reconstruction. PoC delivered with the Municipality of Viterbo and the Italian Ministry of Tourism. TRL 7-8 (VR layer), TRL 8 (core platform). Seeking US pilots with cultural institutions and destination management organizations.",No,,Samuele Cecchini,2011,Attract investors and technology partners; launch pilot projects with US cultural and tourism institutions,,Cultural Heritage Tech,"March 24, 2026 11:48 PM",,,,,1446590554,Samuele Cecchini (https://www.notion.so/Samuele-Cecchini-32d65d57c00980218ff9dfede376865f?pvs=21),,1-No,,,,Lazio Innova,VT,Latium,,Samuele Cecchini,,20,,,https://www.we-com.it,1100
L'ERMA di BRETSCHNEIDER Srl,University libraries and research centers; museums and cultural heritage institutions; technology investors and academic publishers for licensing and platform development,"Via Marianna Dionigi, 57",Roma,Lazio Innova,,l'ermadibretschneidersrl,,"L'ERMA di Bretschneider, a leading Italian academic publisher since 1896 (€1.73M revenue), is developing LermAIBiblioChat — an AI platform that lets researchers and librarians query peer-reviewed scholarly books conversationally in 70+ languages. Unlike general-purpose AI, the system queries exclusively curated academic content. PoC validated at the Pompeii Archaeological Park, Sapienza University, and the Capitoline Superintendency. TRL 4-6. Seeking technology partners or investors to complete the product.",No,,Roberto Marcucci,1896,Find technology partners or investors to complete the product; identify US academic and library clients,,Cultural Heritage Tech,"March 24, 2026 4:06 PM",,,,,980691000,Roberto Marcucci (https://www.notion.so/Roberto-Marcucci-32d65d57c00980ad97c3e8d8cfde55c0?pvs=21),,1-No,,,,Lazio Innova,RM,Latium,,Roberto Marcucci,,6,,,https://www.lerma.it,193
Gremese International srls,"Academic publishers, universities, and cultural institutions producing complex content; professional and non-fiction readers seeking interactive learning formats; educational technology platforms and specialist booksellers","Via Virginia Agnelli, 88",Roma,Lazio Innova,,gremeseinternationalsrls,,"Gremese International is an independent publisher (€750K revenue, 2025) launching AI-Books — a format that lets readers chat with an AI model of the book's author via WhatsApp, positioning as the fourth format alongside print, ePub, and audiobook. Developed in partnership with The AI Book Company (Netherlands). TRL 7-8. Targeting US academic, professional, and non-fiction publisher licensing and co-production partnerships.",No,,Alberto Gremese,2015,"Production, launch, and international commercialization of AI-Books; US publisher and academic licensing partnerships",,Creative Industries,"April 14, 2026 9:58 PM",https://www.linkedin.com/company/gremese-international/,,https://drive.google.com/file/d/1bv5sJBWH4f87KfORtZKqTbFXSbAR0Xdx/view?usp=share_link,,13189521001,Alberto Gremese (https://www.notion.so/Alberto-Gremese-32d65d57c00980f5b1cfc0d98425b468?pvs=21),,2-SF,,,,Lazio Innova,RM,Latium,,Alberto Gremese,https://www.linkedin.com/in/gremese-alberto-9546485/,5,,,https://www.gremese.com,151
HEALTHINK S.R.L.,"Care homes, assisted living facilities, and day centers for older adults; sociosanitari operators seeking non-pharmacological cognitive support solutions; investors in silver economy and digital therapeutics (US entry planned for medium term)","Lungotevere di Pietra Papa, 99",Roma,Lazio Innova,,healthinks.r.l.,,"HEALTHINK develops AURA, a VR/MR therapeutic platform for cognitive stimulation and non-pharmacological care in older adults, using immersive Italian cultural environments to activate autobiographical memory and emotional engagement. Two pilots completed in Sardinian care homes; multidisciplinary team with clinical telemedicine experience. TRL 6-7, pre-revenue. Consolidating clinical and technology partnerships in Italy ahead of medium-term US market entry.",No,,Maria Cristina  Mele,2025,Clinical and technology partnerships to support product validation; medium-term preparation for US silver economy market entry,,Life Sciences,"April 16, 2026 5:55 PM",https://www.linkedin.com/company/healthinksrl/,,DB%20Companies/healthink_trasparent.png,,18301971000,Maria Cristina  Mele (https://www.notion.so/Maria-Cristina-Mele-32d65d57c009804d8790c39efd8de0d4?pvs=21),,2-SF,,,,Lazio Innova,RM,Latium,,Maria Cristina  Mele,,5,,,https://healthinksrl.it/,146
inStore Hub S.r.l.s.,Independent non-food local retailers seeking online visibility and fast delivery; urban consumers wanting rapid local product discovery and purchase; investors and logistics partners for US urban local commerce validation,"Via Marianna Dionigi, 57",Roma,Lazio Innova,,instorehubs.r.l.s.,,"inStore Hub is a B2B2C platform aggregating non-food independent retailers into a searchable, shoppable experience with integrated fast delivery — the local commerce layer missing from traditional e-commerce. Bootstrapped and live in Zurich (~50 merchants, 75 orders) and Rome (~500 app downloads). TRL 7, pre-revenue. Seeking industrial and financial partners to validate the model in US urban markets.",No,,Marco Maria Marcucci,2026,Industrial and financial partners for US urban market validation; mentorship and investor connections,,Creative Industries,"April 16, 2026 8:17 PM",https://www.linkedin.com/company/102195249/admin/page-posts/published/,,DB%20Companies/inStore_Logo_Official.png,,,Marco Maria Marcucci (https://www.notion.so/Marco-Maria-Marcucci-32d65d57c009809a8ff0e17f479a5d58?pvs=21),,2-SF,,,,Lazio Innova,RM,Latium,,Marco Maria Marcucci,,5,,,https://instorehub.com/,193
CShark S.r.l.,Smart agriculture operators needing global low-cost IoT connectivity; remote utility and infrastructure monitoring companies; maritime logistics and vessel tracking operators requiring satellite IoT coverage,"Via Giacomo Peroni, 442",Roma,Lazio Innova,,csharks.r.l.,,"CShark builds a proprietary miniaturized satellite infrastructure — CubeSat and PocketQube platforms with a DTSLPWAN protocol — to deliver global IoT connectivity at ultra-low cost and power consumption, without GSM dependency. €3.7M raised to date; patent filings pending on key technologies. TRL 6. Targeting US investors, clients, and partners in smart agriculture, remote utility monitoring, and maritime logistics.",No,,,2018,"Connect with US investors, clients, and partners; validate the DTSLPWAN protocol in US IoT market segments",,Space Economy,"March 18, 2026 4:08 PM",,,,,1771080338,,,1-No,,,,Lazio Innova,RM,Latium,,,,6,,"€3,700,000.00",https://www.cshark.it/,131
PlantVoice srl SB,"Large-scale fruit and wine grape farming operations, particularly in California; agricultural companies investing in smart plant-health monitoring to improve yield; precision agriculture distributors and agri-input companies reducing pesticide use","Via Marsala, 29h",Roma,Lazio Innova,,plantvoicesrlsb,,"PlantVoice has developed a patented, biocompatible smart graft that monitors crop health from inside the trunk — tracking sap flow and salinity in real time, like an ECG for plants. Revenue grew from €15K (2023) to €305K (2025) — +408% YoY; €3.46M raised from La Gemma Venture, angels, debt, and grants; patent extended internationally. TRL 8, commercially deployed. Targeting US commercial partners and investors in large-scale fruit and wine grape farming.",No,,Matteo Beccatelli,2023,Present PlantVoice to the US market; identify commercial partners and investors in US precision agriculture,,AgriTech,"March 18, 2026 4:08 PM",,,,,3225710213,Matteo Beccatelli (https://www.notion.so/Matteo-Beccatelli-32d65d57c0098035b8caea09d23a80a0?pvs=21),,1-No,,,,Lazio Innova,RM,Latium,,Matteo Beccatelli,,6,,"€3,460,000.00",https://plantvoice.farm/,185
Giuseppe Bernardini Costruzioni e Servizi SRLS,,"Via dei Baglioni, 26",Roma,Lazio Innova,,giuseppebernardinicostruzionieservizisrls,,Company holds a patent on a human-powered vehicle concept. Currently not operational.,No,,Giuseppe  Bernardini,2018,Sell the patent,,Space Economy,"March 18, 2026 4:08 PM",,,,,14591921003,Giuseppe  Bernardini (https://www.notion.so/Giuseppe-Bernardini-32d65d57c0098071b2b5dc7d38a97353?pvs=21),,1-No,,,,Lazio Innova,RM,Latium,,Giuseppe  Bernardini,,5,,,https://www.dedaloroma.com,164
BC&F SRL,Schools and childcare facilities requiring predictive child-safety alerts; elder care and assisted living operators; asset tracking and logistics companies,"Viale Luca Gaurico, 91/93",Roma,Lazio Innova,,bc&fsrl,,"BC&F develops Movia, a predictive proximity alert system that sends an alarm before a person or object exceeds a predefined distance — operating offline via Bluetooth, without mobile network dependency. Unlike GPS locators, Movia detects imminent separation rather than reporting position after the fact; privacy-friendly and CE-compliant. Revenue grew from €350K (2023) to €750K (2025); Movia product revenue separate and early-stage. TRL 7-8. Targeting US schools, care homes for elderly, and asset protection markets.",No,,Manuela Mango,2018,"US market entry for Movia; commercial partnerships with schools, elder care operators, and asset protection distributors",,Security Tech,"April 14, 2026 9:58 PM",https://www.linkedin.com/company/bc-f-consulting-srl/,,https://drive.google.com/file/d/14vMd4Zce9aL_C0kkdZAACLFjbdW485SZ/view?usp=share_link,,14721241009,Manuela Mango (https://www.notion.so/Manuela-Mango-32d65d57c009802c9259df2701cb9934?pvs=21),,2-SF,,,,Lazio Innova,RM,Latium,,Manuela Mango,https://www.linkedin.com/in/manuela-mangoit,11,,,https://www.bcefconsulting.it/,143
Handy Signs S.r.l.,Museums and cultural institutions requiring ADA-compliant accessibility (Smithsonian tier); universities and public agencies with Deaf accessibility mandates; corporate and transport hubs requiring inclusive communication,"Via Guglielmo Calderini, 68",Roma,Lazio Innova,,handysignss.r.l.,,"Handy Signs is a deep-tech startup developing AI, Computer Vision, and NLP solutions for bidirectional translation of Italian Sign Language (LIS), including Andy — a 3D avatar making museums and cultural venues accessible for Deaf visitors. €100K raised from CDP Venture Capital (convertible note); PoC completed with Banca Etica and Istituto Sant'Agostino. TRL 7. Targeting the US market with an American Sign Language (ASL) version, where ADA compliance drives institutional demand. Seeking VC investment and partnerships with US museums, universities, and government agencies.",No,,Emanuele Chiusaroli,2023,"VC investment for US ASL version development; partnerships with US museums, universities, and ADA-compliant government facilities",,Cultural Heritage Tech,"April 14, 2026 9:59 PM",https://www.linkedin.com/company/handysigns/,,https://drive.google.com/file/d/1utWdzKj8dCMsWJOyjAwTj3q4vdgGhGUQ/view?usp=sharing,,17246311009,Emanuele Chiusaroli (https://www.notion.so/Emanuele-Chiusaroli-32d65d57c009802b929fc047f7568235?pvs=21),,2-SF,,,,Lazio Innova,RM,Latium,,Emanuele Chiusaroli,https://www.linkedin.com/in/emanuele-chiusaroli/,5,,"€100,000.00",https://www.handysigns.it,196
Eterrea SRL,HNWI and UHNWI US travelers seeking bespoke Italy experiences; luxury travel agencies and concierge networks; family office travel programs,"Via Della Consulta, 12",Roma,Lazio Innova,,eterreasrl,,"Eterrea is an AI-powered digital DMC for luxury incoming tourism in Italy, targeting HNWI and UHNWI travelers — clients describe their ideal trip and the platform generates personalized itineraries and emotional preview videos in minutes. Combines a proprietary database of Italian luxury experiences with AI and human expertise; TRL 7, post-MVP with first confirmed bookings. €30K revenue in 2025 from consulting; active international pipeline since September 2025. US travelers represent the primary target market; seeking investor and partner connections at launch.",No,https://vimeo.com/1169549538,"Nicoleta  Dan,Marina Verkhotina",2024,US market launch targeting HNWI travelers; investor connections and commercial partnerships with luxury travel agents and concierge networks,,Cultural Heritage Tech,"April 14, 2026 10:00 PM",https://www.linkedin.com/company/eterrea/,,https://drive.google.com/file/d/1SokyEHiVzFNwmikZ4otW4CSXY0_n85uJ/view?usp=sharing,,17498701006,"Nicoleta  Dan (https://www.notion.so/Nicoleta-Dan-32d65d57c0098077a8c6c8ea6a24286e?pvs=21), Marina Verkhotina (https://www.notion.so/Marina-Verkhotina-34265d57c009802c82ede3f7bdf2e3cd?pvs=21)",,2-SF,https://drive.google.com/file/d/1rCuwvwcV_Hl2Z5JW_FZ5MZT9QET8-oO9/view,,,Lazio Innova,RM,Latium,,"Nicoleta  Dan,Marina Verkhotina","https://www.linkedin.com/in/nida01/,https://www.linkedin.com/in/marina-verkhotina/",5,,,https://www.eterrea.com,184
DB SERET srl,University library systems managing large digital collections; national and state archives requiring interoperability and preservation; museums and cultural institutions digitalizing their heritage assets,"Via Piave, 7",Roma,Lazio Innova,,dbseretsrl,,"DB SERET builds OMNES, an AI-ready ecosystem for digital content governance, interoperability, and preservation targeting libraries, archives, museums, and universities. Revenue stable at ~€1.9M (2024) with 74% export share; TRL 9, fully industrialized and deployed in production environments. Established ICT company operating since 2012 with an international client base. Targeting US entry through partnerships and R&D projects with cultural institutions and university library systems.",No,https://drive.google.com/drive/folders/1okPm5zzvt2cxuDDAr3rIB5SFIXhfcRsC,Riccardo Armando Pianese,2012,"US market entry through institutional partnerships and R&D collaborations with libraries, archives, museums, and universities",,Cultural Heritage Tech,"April 14, 2026 9:59 PM",https://www.linkedin.com/company/dbseret/,,https://drive.google.com/file/d/1gqArmNizdsxB1ITPcLysVileudRRF19q/view?usp=sharing,,2741930602,Riccardo Armando Pianese (https://www.notion.so/Riccardo-Armando-Pianese-32d65d57c0098047b969e655eb1bb70e?pvs=21),,2-SF,https://www.canva.com/design/DAHD6vBN6U4/Su7ecAokvH8575wyIwia_Q/edit,,,Lazio Innova,RM,Latium,,Riccardo Armando Pianese,https://linkedin.com/in/riccardo-pianese,5,,,https://www.dbseret.com,187
NEXTRENDER S.R.L.,Animation studios and VFX production houses; university creative programs and research centers; independent 3D artists and freelance VFX teams,"Via Marcellino da Civezza, 87",Roma,Lazio Innova,,nextrenders.r.l.,,"NextRender builds a cloud platform for distributed rendering and collaborative 3D/VFX pipeline management, combining intelligent resource orchestration, workflow automation, and multi-user tools to cut production time and costs. TRL 8, platform fully operational and validated in real production contexts; organic growth of ~20 new users per month since launch. Founded end of 2025; €2.5K in early revenue; no external funding raised to date. Targeting US animation studios, VFX production houses, and creative university programs.",No,https://www.youtube.com/watch?v=UHzuglCJbEA,"Gabriele Zintu,Alessandro Cascia",2025,Visibility and networking in the US creative industries sector; industrial and financial partners; investor connections,,Creative Industries,"April 14, 2026 9:58 PM",https://www.linkedin.com/company/nextrender/,,https://drive.google.com/file/d/1RUsFVsJUQtU7nUWNC9XFIh13dp61rpqp/view?usp=sharing,,18245931003,"Gabriele Zintu (https://www.notion.so/Gabriele-Zintu-32d65d57c009804481a7c000bbb712af?pvs=21), Alessandro Cascia (https://www.notion.so/Alessandro-Cascia-34265d57c00980edab12e80108da5a5d?pvs=21)",,2-SF,https://www.canva.com/design/DAHBPri-AUY/kkQnfPFs8hO4-zuqpq4h8g/edit,,,Lazio Innova,RM,Latium,,"Gabriele Zintu,Alessandro Cascia","https://www.linkedin.com/in/gabriele-zintu-091908175/,https://www.linkedin.com/in/alessandro-cascia-7b529063/",5,,,https://nextrender.app/,126
,,,,,,,,,No,,,,,,,"March 31, 2026 10:37 AM",,,,,,,,,,,,,,,,,,,,,,
ShippyPro,,,,C20 - Infrastructure,,shippypro,,"ShippyPro is a logistics technology company that helps brands and retailers manage global shipping. We solve multi-carrier complexity and poor delivery visibility for e-commerce and enterprise companies. We offer a cloud platform for labels, tracking, returns, and performance insights, enhanced by AI-driven automation. Our revenue comes from a SaaS subscription model. Today, we support more than two thousands brands across 30+ countries, processing millions of shipments each year.",No,,"Francesco Borghi,Jacopo Toccacieli",2016,Bank: Between 15M and 30M,,,"April 14, 2026 11:02 PM",https://www.linkedin.com/company/shippypro/,,https://api.typeform.com/responses/files/d0b411332a118a0f75775fab21c8c9038ebc0a5901bbcf70c1a41e73c7aad8a3/ShippyPro_Horizontal.png,,06587610483,"Francesco Borghi (https://www.notion.so/Francesco-Borghi-34265d57c0098064a835c6d23f868e00?pvs=21), Jacopo Toccacieli (https://www.notion.so/Jacopo-Toccacieli-34265d57c0098067b06cdfc2b7f8ec8f?pvs=21)",,2-SF,,,,SMEs Traction,,Tuscany,,"Francesco Borghi,Jacopo Toccacieli","https://www.linkedin.com/in/francesco-borghi-2a7384162/,https://www.linkedin.com/in/jacopotoccacieli/",,,,https://www.shippypro.com,
Easyrain,,,,C20 - Infrastructure,,easyrain,,"Low grip is a major challenge for current and future vehicles. Radar, cameras, LiDAR struggle in critical conditions, limiting where self-driving cars can operate. Easyrain addresses this with DAI software, which detects low-grip situations (heavy wet, snow, ice) and helps enable ADAS/AD even where they are currently limited, and AIS, an active system that reduces braking distance by up to 30% and increasing cornering grip by up to 225%. Easyrain targets OEMs and robotaxi operators.",No,,,2018,VC: Between 15M and 30M,,,"April 14, 2026 10:35 PM",,,,,01735280933,,,2-No SF,,,,SMEs Traction,,Piedmont,,,,,,,https://www.easyrain.it/,
Soft-in Embedded,,,,C20 - Infrastructure,,soft-inembedded,,"Soft-In Embedded develops advanced embedded systems for safety-critical applications. We are building www.SES4MO.com, an early-stage V2X-based solution designed to protect vulnerable road users through real-time, cooperative alerts. SES4MO addresses the lack of active safety solutions for cyclists and micromobility users in urban environments, targeting cities and mobility operators. Our solution combines retrofit-ready device and proprietary algorithms (licences)",No,,"Salvatore Loffredo,Igor Tempo",2021,Bank: <1M,,,"April 14, 2026 11:06 PM",https://www.linkedin.com/company/soft-in/,,https://api.typeform.com/responses/files/3302ba4500b2550dcd9775ba378c66ccab5a62d657a0eb8acdb734475a1d52d3/Logo_2026_SIE_jpg.jpg,,12512320016,"Salvatore Loffredo (https://www.notion.so/Salvatore-Loffredo-34265d57c00980cc9926c95b86019548?pvs=21), Igor Tempo (https://www.notion.so/Igor-Tempo-34265d57c00980a88febfcf1f41ec234?pvs=21)",,2-SF,,,,SMEs Traction,,Piedmont,,"Salvatore Loffredo,Igor Tempo","https://www.linkedin.com/in/loffredosalvatore,https://www.linkedin.com/in/igor-tempo-75781243",,,,https://www.soft-in.com,
YELDO,,,,C20 - Infrastructure,,yeldo,,"YELDO is a European fintech company specializing in real estate investments. It offers direct digital access to institutional-level real estate investments via its technology platform.To date, YELDO has raised capital for over €1B of real estate projects across Europe, achieving a historical IRR of ~14.6% and a 0% default rate. In 2025, YELDO reached €6M in revenue and EBITDA breakeven.",No,,"Chiara Chimenti,Antonio Borgonovo",2019,VC: Between 5M and 15M,,,"April 14, 2026 11:07 PM",https://www.linkedin.com/company/yeldoinvestments/posts/?feedView=all,,https://api.typeform.com/responses/files/a44de959fdc37da0bf66fb50f2a793dcf8b50d9fe2f3d35649bc83a76487d1b7/Yeldo_B.png,,11976960960,"Chiara Chimenti (https://www.notion.so/Chiara-Chimenti-34265d57c00980ba8862e0cb01a10ad4?pvs=21), Antonio Borgonovo (https://www.notion.so/Antonio-Borgonovo-34265d57c00980a98525f74cadbe67d2?pvs=21)",,2-SF,,,,SMEs Traction,,Lombardy,,"Chiara Chimenti,Antonio Borgonovo","https://www.linkedin.com/in/chiara-chimenti/,https://www.linkedin.com/in/borgonovoantonio/",,,,https://www.yeldo.com/,
Infinity Electric Energy Srl,,,,C20 - Infrastructure,,infinityelectricenergysrl,,"My Infinity Electric Energy Srl is a deep-tech company developing the GETM, a granted patent in  EU&USA Multifunctional Toroidal Electric Generator for high-efficiency energy generation and mobility and energy storage. We solve renewable intermittency and battery dependency for grid operators and industrial users. We offer a modular pneumatic system (800bar), distinguished by a 99.9% conversion efficiency and the total absence of critical minerals. Our revenue comes from IP licensing and system.",No,,Ludovico Bonfiglio,2017,Bank: <1M,,,"April 14, 2026 10:50 PM",https://www.linkedin.com/in/ludovico-bonfiglio,,https://api.typeform.com/responses/files/5f375c2aa1269111f40a43724360aa9d75230406738835d5f21889402b8bfceb/Logo_Infinity_Electric_Energy_240X160.jpg,,10015140964,Ludovico Bonfiglio (https://www.notion.so/Ludovico-Bonfiglio-34265d57c0098082ada3d3095d431338?pvs=21),,2-SF,,,,SMEs Traction,,Lombardy,,Ludovico Bonfiglio,https://www.linkedin.com/in/ludovico-bonfiglio,,,,https://www.infinityelectricenergy.it,
kelmer procurement srl,,,,C20 - Infrastructure,,kelmerprocurementsrl,,"Kelmer helps companies optimize logistics and freight procurement. Many businesses overspend on transport or lack visibility into shipping costs. Kelmer combines procurement expertise, market data, and digital tools to improve control and reduce costs. Our clients are companies that ship goods internationally. We offer consulting, freight procurement support, and analytics solutions. Revenue comes from consulting services and technology subscriptions.",No,,"Marco Alberto Sibilia
,Enrico Villa",2013,Bank: <1M,,,"April 14, 2026 10:54 PM",https://www.linkedin.com/company/kelmer-procurement-ltd/?viewAsMember=true,,https://api.typeform.com/responses/files/5aa7fb61f09d53b692dd80dda8343e1029a7a94d2604f117b41bf81f2e4f84fd/KELMER_logo_18.png,,IT03365390123,"Marco Alberto Sibilia
 (https://www.notion.so/Marco-Alberto-Sibilia-34265d57c009805a8dded6bfbc119a52?pvs=21), Enrico Villa (https://www.notion.so/Enrico-Villa-34265d57c009801daa8fd861a5d4b9ee?pvs=21)",,2-SF,,,,SMEs Traction,,Lombardy,,"Marco Alberto Sibilia
,Enrico Villa","https://www.linkedin.com/in/marcosibilia/,https://www.linkedin.com/in/enrico-villa-b554642/",,,,https://kelmer.tech/,
HOMA Soc. Coop. p.a.,,,,C20 - Infrastructure,,homasoc.coop.p.a.,,"HOMA is a proptech company transforming the fragmented student housing market in Southern Europe. We address the lack of transparent, reliable accommodation for students by connecting verified private landlords with tenants through a digital platform. Our core product, Cercoalloggio.com, offers verified listings, virtual tours, and integrated booking services in partnership with universities. Our customers include students, universities, and private property owners. Revenue is generated through",No,,Carlo Monticelli,2013,Bank: <1M,,,"April 14, 2026 10:40 PM",https://www.linkedin.com/company/homacoop/,,https://api.typeform.com/responses/files/f7ebd74d5732a0f4c2278496ce5da3374f3f4826b8a8b20383c2a291d318c62d/LogoHOMA_vettoriale.png,,04579080757,Carlo Monticelli (https://www.notion.so/Carlo-Monticelli-34265d57c009805588fad06b72c457b0?pvs=21),,2-SF,,,,SMEs Traction,,Apulia,,Carlo Monticelli,https://www.linkedin.com/in/carlomonticelli,,,,https://www.homacoop.it,
NHP srl,,,,C20 - Infrastructure,,nhpsrl,,"NHP is an Energy Service Company (ESCo) providing integrated energy services to industrial and logistics customers, particularly in hard-to-abate sectors. The company helps organizations reduce energy costs, emissions and operational inefficiencies through energy analysis, system design, renewable integration and continuous energy management. NHP’s approach combines technical expertise with proprietary digital tools, including its in-house Energy Management System (eManager), enabling real-time",No,,Valerio Siniscalco,2006,Bank: Between 5M and 15M,,,"April 14, 2026 11:00 PM",https://www.linkedin.com/company/nhp-esco-srl/posts/?feedView=all,,https://api.typeform.com/responses/files/6b0ec7cdc31695c778f9265bbbe04f85dbc840b04e48566d7279b646e03a9ccf/Logo_NHP2021_trasp_1.png,,05532061214,Valerio Siniscalco (https://www.notion.so/Valerio-Siniscalco-34265d57c0098078856dc0a7d1997567?pvs=21),,2-SF,,,,SMEs Traction,,Campania,,Valerio Siniscalco,https://www.linkedin.com/in/valerio-siniscalco-a2b45131/,,,,https://www.nhp.it/en/home-page-2/,
Linky Innovation srl,,,,C20 - Infrastructure,,linkyinnovationsrl,,"Linky Innovation is an Italian technology company specializing in advanced electric micro-mobility solutions. We design and manufacture ultra-portable, high-performance electric vehicles engineered to solve the 'last-mile' commuting and corporate fleet challenges. Our flagship product features an internationally patented folding mechanism that reduces its volume by 50% in just 3 seconds, allowing for seamless intermodal travel fitting effortlessly into a car trunk, train, or backpack.",No,,"Cristiano Nardi,Fabrizio Lunazzi",2016,VC: Between 1M and 5M,,,"April 14, 2026 10:55 PM",https://www.linkedin.com/company/linky-innovation/?viewAsMember=true,,https://api.typeform.com/responses/files/089e9010eca5d820f671f4bc59b109a4beea80447c0316e018e4d23af045b4d5/logo_nuovo_2023_white.png,,02274870449,"Cristiano Nardi (https://www.notion.so/Cristiano-Nardi-34265d57c00980139cb2c79e9e32f7cb?pvs=21), Fabrizio Lunazzi (https://www.notion.so/Fabrizio-Lunazzi-34265d57c00980bf8350c2611d50825b?pvs=21)",,2-SF,,,,SMEs Traction,,The Marches,,"Cristiano Nardi,Fabrizio Lunazzi","https://www.linkedin.com/in/cristiano-nardi-b8945779/?lipi=urn%3Ali%3Apage%3Ad_flagship3_profile_view_base_contact_details%3BI%2FdN72EgSC2p0ZFm3H4N9g%3D%3D,https://www.linkedin.com/in/fabrizio-lunazzi/",,,,https://linkyinnovation.com/,
Hotiday,,,,C20 - Infrastructure,,hotiday,,"Hotiday is a next-generation, asset-light hotel chain powered by AI that acquires and resells unsold hotel rooms. We solve the problem of structurally unsold inventory for independent hotels, while offering travelers high-quality stays at competitive prices. Our target customers are 3–4 star independent hotels across Europe and leisure and business travelers booking online. We sublet 5–7 rooms per hotel, rebrand them as Hotiday Room Collections, and optimize pricing, distribution, and revenue us",No,,"Vittorio Gargiulo,Federico Di Carlo",2022,VC: Between 5M and 15M,,,"April 14, 2026 10:45 PM",https://www.linkedin.com/company/hotiday/,,https://api.typeform.com/responses/files/f8bb6743217d200369546f8a408c611b3b19f9815d34d0e8135f539eecf32a63/Logo_Hotiday.png,,IT10011061214,"Vittorio Gargiulo (https://www.notion.so/Vittorio-Gargiulo-34265d57c009808ea4cbc0a4632dabed?pvs=21), Federico Di Carlo (https://www.notion.so/Federico-Di-Carlo-34265d57c00980c08dbcf06b268176cf?pvs=21)",,2-SF,,,,SMEs Traction,,Campania,,"Vittorio Gargiulo,Federico Di Carlo","https://www.linkedin.com/in/vittorio-gargiulo/,https://www.linkedin.com/in/federicodicarlo/",,,,https://www.hotiday.com,
Mov.Eng s.r.l.,,,,C20 - Infrastructure,,mov.engs.r.l.,,"Mov.Eng is developing an innovative mobility offer made of products and services that simplify life for urban commuters and give the freedom to go everywhere without matters. We offer an e-bike that becomes an electrically assisted suitcase with a special package of services, distinguished vs the competitors for style, safety, functionality, reliability, customisability. It really solves the urban mobility issue.",No,,"Maria Grazia Civita,Dario Sacco",2014,VC: Between 1M and 5M,,,"April 14, 2026 10:59 PM",https://www.linkedin.com/in/maria-grazia-civita-744aa31,,https://api.typeform.com/responses/files/030aa6f034f7c0423f65c3889a1baa3dd70e426a39771675471258db1c6643d4/Logo_grande_no_srl_23_Set_16.png,,11149150010,"Maria Grazia Civita (https://www.notion.so/Maria-Grazia-Civita-34265d57c00980ee81c3e32c9a02edee?pvs=21), Dario Sacco (https://www.notion.so/Dario-Sacco-34265d57c00980659e7def04af8a4c6b?pvs=21)",,2-SF,,,,SMEs Traction,,Piedmont,,"Maria Grazia Civita,Dario Sacco","https://www.linkedin.com/in/maria-grazia-civita-744aa31,https://www.linkedin.com/in/saccodario/",,,,https://mov-eng.com,
J4 SRL (J4ENERGY),,,,C20 - Infrastructure,,j4srl(j4energy),,"J4energy is a sustainability tech company that streamlines industrial decarbonization. We solve Scope 3 emissions management and ESG reporting challenges for fashion companies with complex supply chains. Our Decarb Co-Pilot platform transforms data into actionable plans, distinguished by managing thousands of suppliers efficiently and reducing analysis time from months to weeks. We work with Kering, Gruppo Florence, Geox, and Bata through our SaaS subscription model.",No,,"Siddharth Madapura,Enrico Cimador
",2018,VC: Between 1M and 5M,,,"April 14, 2026 10:52 PM",https://www.linkedin.com/company/j4energy/,,https://api.typeform.com/responses/files/ef84b92dba9e09d0ff51a42d50d779ce5e387622c12a8cbfc5f963cfc1fb1222/j4logo.png,,05142430288,"Siddharth Madapura (https://www.notion.so/Siddharth-Madapura-34265d57c009802aa317d054e340255a?pvs=21), Enrico Cimador
 (https://www.notion.so/Enrico-Cimador-34265d57c009805b9b62cb8ee8769976?pvs=21)",,2-SF,,,,SMEs Traction,,Veneto,,"Siddharth Madapura,Enrico Cimador
","https://www.linkedin.com/in/siddharth-madapura-/,https://www.linkedin.com/in/enrico-cimador/",,,,https://www.j4.energy,
Cora,,,,C20 - Infrastructure,,cora,,"Cora is the AI-powered operations management platform for hospitality that digitizes and simplifies all daily internal processes. Built by ex-hoteliers, it solves inefficiencies, wasted time, and cross-department chaos for hotels and resorts of any size. Cora is plug & play, adaptable to any hospitality business and uniquely integrates AI to optimize workflows, provide data-driven insights, and reduce operating costs. Revenue comes from SaaS subscriptions, and currently we have €460k ARR.",No,,"Federico Girelli,Jessica Modica",2023,VC: Between 50k and 99k,,,"April 14, 2026 11:11 PM",https://www.linkedin.com/company/corahospitality/,,https://api.typeform.com/responses/files/7ac9ac79b15f694312bca859bf8253b8368df61a7a5d3d5eb5df83b3c627143d/Cora_Logo_Colori_Positivo__1_.png,,10401780969,"Federico Girelli (https://www.notion.so/Federico-Girelli-34265d57c009809ba93ed2daa80c265f?pvs=21), Jessica Modica (https://www.notion.so/Jessica-Modica-34265d57c00980199ed2e393730d60a3?pvs=21)",,2-SF,,,,Startup Acceleration,,Lombardy,,"Federico Girelli,Jessica Modica","https://www.linkedin.com/in/federico-girelli/,https://www.linkedin.com/in/jessica-modica/",,,,https://www.corahospitality.com,
Taskbeast,,,,C20 - Infrastructure,,taskbeast,,Task Manager for Vacation Home Rentals,No,,Davide Di Peppe,2026,VC: <25k,,,"April 14, 2026 11:22 PM",https://www.linkedin.com/company/taskbeast/?viewAsMember=true,,https://api.typeform.com/responses/files/b446bb0027fd48023ff995078023872249fc49f739d0ef18392b9e3e690289c8/tb_logo_600.jpg,,03449490980,Davide Di Peppe (https://www.notion.so/Davide-Di-Peppe-34265d57c009802180b8eca2ad9a29eb?pvs=21),,2-SF,,,,Startup Acceleration,,Lombardy,,Davide Di Peppe,https://www.linkedin.com/in/davide-di-peppe-326804106/,,,,https://www.taskbeast.ai,
GCastel,,,,C20 - Infrastructure,,gcastel,,"gCASTEL is a B2B SaaS platform for real estate private placement. We help developers, banks, and asset managers commercialize properties faster and unlock liquidity by digitizing deal flow with global investors. Our platform enables instant offers and tokenized priority access to real estate opportunities. We are preparing our first market entry in 2026 with a €44M greenfield residential development in central Milan.",No,,Gilberto Castelluzzo,2025,VC: Between 100k and 249k,,,"April 14, 2026 11:21 PM",https://www.linkedin.com/company/107070565/admin/dashboard/,,https://api.typeform.com/responses/files/a85ad5447f5775a794fc0b32ccd7eef5ac832bb5541941d18a5ec31894e5602b/gcastel_logo_oro.png,,14098240964,Gilberto Castelluzzo (https://www.notion.so/Gilberto-Castelluzzo-34265d57c00980fd83afd2e9dcb6ac46?pvs=21),,2-SF,,,,Startup Acceleration,,Lombardy,,Gilberto Castelluzzo,https://www.linkedin.com/in/gilbertocastelluzzo/,,,,https://gcastel.com/,
To Move srl,,,,C20 - Infrastructure,,tomovesrl,,"ToMove is an innovative Italian deep-tech startup developing a full-stack platform for autonomous urban services.We integrate hardware, software, and operations into a single ecosystem that enables safe, scalable, and flexible autonomous mobility, logistics, and security services in semi-closed and urban environments.",No,,,2021,VC: Between 500k and 1M,,,"April 15, 2026 10:48 AM",,,,,IT12595720017,,,2-TBC,,,,Startup Acceleration,,Piedmont,,,,,,,https://tomove.tech/,
Point Zero,,,,C20 - Infrastructure,,pointzero,,"Point Zero is a deep-tech mobility startup and a spin-off from Politecnico di Torino, founded in November 2024 after three years of intensive R&D. We are reinventing the $40B global braking industry to make mobility cleaner and safer. Our flagship technology, ZEDS (Zero Emission Driving System), is an innovative, magnetorheological braking system integrated directly into the vehicle's driveline.",No,,Giovanni Imberti,2024,VC: Between 500k and 1M,,,"April 14, 2026 11:22 PM",https://www.linkedin.com/company/point-zero-srl/,,https://api.typeform.com/responses/files/8f6d1ab4ccca01bcc6b1308a7fd90e8bb645249543221a425cd3c0932c7be51c/Logo_PZ_Tavola_disegno_1.png,,IT13147910015,Giovanni Imberti (https://www.notion.so/Giovanni-Imberti-34265d57c00980be93a4ccb8af7a0ad5?pvs=21),,2-SF,,,,Startup Acceleration,,Piedmont,,Giovanni Imberti,https://www.linkedin.com/in/giovanni-imberti/,,,,https://www.point-zero.it/,
CityZ,,,,C20 - Infrastructure,,cityz,,"CityZ is a smart mobility technology company providing smart parking monitoring solutions. We solve congestion, inefficiency and revenue loss in poorly managed parking areas for cities, airports, EV charging operators and private asset owners. Our revenues come from hardware sales and recurring SaaS fees. CityZ already serves paying customers and is expanding internationally.",No,,Andrea Buri,2021,VC: Between 500k and 1M,,,"April 20, 2026 3:23 PM",,,,,IT12533270018,Andrea Buri (https://www.notion.so/Andrea-Buri-34265d57c0098019abfff7cd6103f17c?pvs=21),,2-No SF,,,,Startup Acceleration,,Piedmont,,Andrea Buri,,,,,https://www.cityz.it,
Viber Alert,,,,C20 - Infrastructure,,viberalert,,"Viber Alert enhances vehicle safety with AI-driven tactile feedback, providing real-time alerts through seat vibrations to reduce distractions and improve focus on the road.",No,,,2023,VC: Between 500k and 1M,,,"April 7, 2026 3:28 PM",,,,,IT07136800823,,,2-No SF,,,,Startup Acceleration,,Sicily,,,,,,,https://viberalert.com/,
Solship (EnPower),,,,C20 - Infrastructure,,solship(enpower),,EnPower provides AI-powered energy trading profits for every battery owner. We resolve the issue of the long paybak period to purchase a battery that can be up to 9 years and that montly bills is still high even after the batteries get installed.  EnPower leverages an AI  deep learning model to optimize energy trading and storage. By accurately forecasting market prices delivering a >30% reduction in OpEx and accelerates asset asset payback from 9 years to 3 years.,No,,Ibrahim Goda,2025,VC: Between 250k and 499k,,,"April 14, 2026 11:22 PM",https://www.linkedin.com/company/solship/?viewAsMember=true,,https://api.typeform.com/responses/files/9c5b7e3f68bdb06e35bb1d0b63c5a60473827e5a49a483b541338740ae77c05b/c.png,,‭01097730145‬,Ibrahim Goda (https://www.notion.so/Ibrahim-Goda-34265d57c00980c6bf1befaa8534b2c8?pvs=21),,2-SF,,,,Startup Acceleration,,Lombardy,,Ibrahim Goda,https://www.linkedin.com/in/ibrahem-goda?utm_source=share_via&utm_content=profile&utm_medium=member_android,,,,https://enpower.it.com,
GECO -GLOBAL ENGINEERING CONSTRUCTIONS s.r.l.,,,,C20 - Infrastructure,,geco-globalengineeringconstructionss.r.l.,,360maker è una startup innovativa che utilizza l'AI e la VR/AR per fare formazione a persone con diverse disabilità (cognitive e motorie). Puntiamo ad usare le nuove tecnologie per supportare medici/formatori nel lavoro settimanale proponendo esercizi che possono essere svolti in autonomia da remoto ma che tramite piattaforma possono essere verificati dai medici stessi. Siamo supportati da Università e Associazioni del settore.,No,,,2019,VC: <25k,,,"March 31, 2026 12:07 PM",,,,,IT01701330191,,,1,,,,SMEs Traction,,Lombardy,,,,,,,https://www.360maker.it/,
Noa Software,,,,C20 - Infrastructure,,noasoftware,,"The company deals with industrial robotics , programming ,integration  (mes, erp); training and assistance  plants produced by manufacturers.Our target market is the plant manufacturer or the company producing goods, we sell programming, assistance and training services. The uniqueness lies in our training and assistance system that can be carried out in many countries around the world through an innovative use platform.The business model that comes closest is the Model without an intermediary",No,,,1998,Bank: <1M,,,"March 31, 2026 12:07 PM",,,,,IT02045870348,,,1,,,,SMEs Traction,,Emilia-Romagna,,,,,,,http://noasoftware.it,
Cyber Evolution Srl,,,,C20 - Infrastructure,,cyberevolutionsrl,,"Cyber Evolution is a cybersecurity company that develops and LECS, an AI-driven, plug-and-secure NDR platform for IT/OT/IoT networks. We aim to solve poor internal visibility of complex security stacks for SMBs and Corporate. We offer LECS, with agentless deployment, zero-configuration setup, deep traffic intelligence, automated response with audit-ready reporting and SOC integration. Our revenue comes from indirect channel sales through distributors, resellers, and technology partners.",No,,,2018,Bank: Between 1M and 5M,,,"March 31, 2026 12:07 PM",,,,,IT02353440445,,,1,,,,SMEs Traction,,The Marches,,,,,,,https://lecs.io/,
WWH Italia srl,,,,C20 - Infrastructure,,wwhitaliasrl,,"WWH Italia is a capital company that design and build clean energy systems. We aim to solve zero impact energy management for distributed network energy producers/consumers. We offer micro-CHP, energy storage, network IA government software, distinguished by zero impact  on the environment. Our revenue comes from sales consultancy and equipment. Currently, we have annual turnover exceeding 13 mln euros, 1,9 mln euros full paid capital.",No,,,2021,VC: <25k,,,"March 31, 2026 12:07 PM",,,,,05120410757,,,1,,,,SMEs Traction,,Apulia,,,,,,,https://wwhitalia.it,
MACS Srl,,,,C20 - Infrastructure,,macssrl,,"MACS LLC is an Integrated Engineering Company and Innovative Startup based in Palermo (Sicily); it currently employs a team of 15 professionals, both engineers and architects. We provide projects, consulting services and tailored solutions regarding energy efficiency for Public Administrations (Municipalities, Integrated Water Service companies, Hospitals, Ports, Educational Institutes) and Companies. Our current revenue is € 599.374,00 (2024).",No,,,2019,Bank: <1M,,,"March 31, 2026 12:07 PM",,,,,06773220824,,,1,,,,SMEs Traction,,Sicily,,,,,,,https://macsitalia.com/,
GAMASTECH SRL,,,,C20 - Infrastructure,,gamastechsrl,,"Gamastech is an innovative SME specialising in medical infusion systems. We currently sell the Exacta Number One elastomeric infusion pump worldwide. Thanks to our R&D department, well supported by the CNR, we have developed the first flat ambulatory device with bag, not in elastomeric material, but in thermoplastic material. This opens a new era in our segment, thanks to the possibility of pre-loading the product with the patient solution.",No,,,2009,Bank: <1M,,,"March 31, 2026 12:07 PM",,,,,04696470873,,,1,,,,SMEs Traction,,Sicily,,,,,,,https://www.gamastech.com/en/home,
Dataz s.r.l.,,,,C20 - Infrastructure,,datazs.r.l.,,"Dataz: The Integrated Digital & AI HubWe bridge the gap between senior human strategy and proprietary technology to scale marketing, not fixed costs.Sherpaz (BI): Fixes data silos for 97% accurate predictive insights.Strategy: Expert human leadership for high-level direction.AgenzZZ (AI): Proprietary orchestrator to scale operational execution.A seamless engine to transform data into profitable growth.",No,,,2019,VC: <25k,,,"March 31, 2026 12:07 PM",,,,,11357730966,,,1,,,,SMEs Traction,,Lombardy,,,,,,,https://www.dataz.it,
Busforfun.com srl,,,,C20 - Infrastructure,,busforfun.comsrl,,"BusForFun Business is the European leader in B2B integrated mobility solutions, helping complex organizations to run and improve their employees transportation services. Our software is designed to move commuters in a greener, smarter and safer way. The power of our AI technology allows us to quickly build optimized routes to meet your community mobility requirements.",No,,,2015,Bank: Between 5M and 15M,,,"March 31, 2026 12:07 PM",,,,,04322330277,,,1,,,,SMEs Traction,,Veneto,,,,,,,https://www.busforfun.com,
Elevate S.r.l.,,,,C20 - Infrastructure,,elevates.r.l.,,"Cooshino is a data infrastructure company building the world's first object-level intelligence layer for global logistics, a $6 trillion industry with zero granular data on what physically happens to goods in transit. Proprietary hardware and software, fully integrated, create a dataset no third party can replicate, feeding four revenue streams: hardware sales, OEM licensing, B2B cargo, and a SaaS data platform for insurers and carriers. 95% gross margins. PCT patent, filed. Industry validation.",No,,"Francesco Piazza,Stefano Villa",2024,VC: <25k,,,"April 14, 2026 11:21 PM",https://it.linkedin.com/company/cooshino,,https://api.typeform.com/responses/files/7f8b90088725cdd3e0cdbc5f54bf324d5d4a633913c0bd4942d48cdf9b29f311/Logo_Elevate.PNG,,04156900369,"Francesco Piazza (https://www.notion.so/Francesco-Piazza-34265d57c0098007a8f0e21105476c27?pvs=21), Stefano Villa (https://www.notion.so/Stefano-Villa-34265d57c00980a4b346dca8dc5f48f6?pvs=21)",,2-SF,,,,Startup Acceleration,,Emilia-Romagna,,"Francesco Piazza,Stefano Villa","https://www.linkedin.com/in/francesco-piazza-35688121,https://it.linkedin.com/in/stefano-villa-61631520",,,,https://cooshino.com,
Ev field service,,,,C20 - Infrastructure,,evfieldservice,,"EV Field Service is a tech-enabled company that delivers EV charging infrastructure for corporate fleets. We solve the challenge of electrifying multiple sites for businesses switching to electric vehicles.We offer turnkey services from design to maintenance, powered by proprietary algorithms that simplify and optimizes infrastructure based on real fleet data. Our revenue comes from infrastructure projects, engineering, and service contracts.",No,,"Pasquale Senese,Antonio Gagliardi",2022,VC: <25k,,,"April 14, 2026 11:21 PM",https://www.linkedin.com/in/ev-field-service-srl,,https://api.typeform.com/responses/files/57927a0889a6b0c6bf348a95b71a5573ced338c19c68b67fe8028e6f2e40c5c3/EV_Field_Service___Logo___verticale___colorato.png,,03823770783,"Pasquale Senese (https://www.notion.so/Pasquale-Senese-34265d57c009801384b1f2f7157416ca?pvs=21), Antonio Gagliardi (https://www.notion.so/Antonio-Gagliardi-34265d57c00980198825d3b02199f559?pvs=21)",,2-SF,,,,Startup Acceleration,,Campania,,"Pasquale Senese,Antonio Gagliardi","https://linkedin.com/in/pasquale-senese,https://www.linkedin.com/in/antonio-gagliardi-7a6430a0/",,,,https://www.evfieldservice.it,
BLUMIT,,,,C20 - Infrastructure,,blumit,,"Blumit is transforming real-time safety, healthcare and automation with a patented SaaS platform built for scale. Join us in shaping the next generation of intelligent automation.",No,,,2017,Bank: <1M,,,"March 31, 2026 12:06 PM",,,,,10027640969,,,1,,,,Startup Acceleration,,Lombardy,,,,,,,https://www.blumit.it,
VectorLab,,,,C20 - Infrastructure,,vectorlab,,"Vectorlab è una technology company che progetta strutture per rendere l’innovazione scalabile.Costruisce e governa brand verticali indipendenti, ciascuno con una propria identità, mercato e logica di business, supportati da framework replicabili e una governance centrale.L’azienda opera su tecnologie avanzate come AI, real-time 3D, XR e software engineering, combinando ricerca, sviluppo e prodotto.",No,,,2022,VC: <25k,,,"March 31, 2026 12:06 PM",,,,,02830460990,,,1,,,,Startup Acceleration,,Liguria,,,,,,,https://www.vectorlab-cg.com/,
Climate Standard,,,,C20 - Infrastructure,,climatestandard,,"Climate Standard automates External Audits with an AI-powered verification platform backed by First-class auditors. We want to make it easier to obtain mandatory ISO certifications for companies that will use green declarations starting in 2026. We make audits easier, faster and cheaper than traditional verification bodies. Our revenue comes from audits conducted within our platform. We are launching the platform in March, but we have contracts with consortia, consulting firms and ESG platforms.",No,,,2022,VC: Between 50k and 99k,,,"March 31, 2026 12:06 PM",,,,,02649090467,,,1,,,,Startup Acceleration,,Tuscany,,,,,,,https://climatestandard.net/,
Genuine Way,,,,C20 - Infrastructure,,genuineway,,"Genuine Way empowers FMCG brands to turn physical products into owned digital experiences. We bridge the gap between retail and digital, enabling direct, data-driven consumer relationships beyond social media. Our modular, QR-code–activated WebApps deliver traceability, digital product passports, gamification, loyalty, and branded content with zero friction. We operate with a scalable B2B SaaS and project-based model and have live projects with over 50 Italian companies across multiple markets",No,,,2022,VC: Between 1M and 5M,,,"March 31, 2026 12:06 PM",,,,,12438210960,,,1,,,,Startup Acceleration,,Lombardy,,,,,,,https://genuineway.io/,
InfraNexo,,,,C20 - Infrastructure,,infranexo,,"InfraNexo is an AI startup transforming existing CCTV networks into intelligent 3D sensors. We solve the lack of real-time spatial data and GDPR compliance risks for public infrastructure operators. Our AI software uniquely combines monocular depth estimation with automated edge-anonymization, extracting 3D insights from 2D cameras without new hardware. We use a B2B SaaS revenue model. We have a functional MVP and are securing our first pilot users.",No,,,2026,VC: <25k,,,"March 31, 2026 12:06 PM",,,,,17442305,,,1,,,,Startup Acceleration,,Tuscany,,,,,,,https://infranexo.com,
Lokit Technology Srl,,,,C20 - Infrastructure,,lokittechnologysrl,,"Lokit Technology is a smart mobility company that develops connected charging stations for e-bikes and electric scooters. We address the lack of secure and accessible charging infrastructure for people adopting micro-mobility vehicles. Our stations combine charging, secure locking, IoT connectivity, and digital advertising in a single urban infrastructure.  Nowadays we have successfully installed 20 charging stations in Italy.",No,,,2021,VC: Between 100k and 249k,,,"March 31, 2026 12:06 PM",,,,,08579080725,,,1,,,,Startup Acceleration,,Apulia,,,,,,,https://lokit.it/,
SkyProof Company srl,,,,C20 - Infrastructure,,skyproofcompanysrl,,"SkyProof is an engineering company that develops advanced metal roofing systems and the specialized machinery needed to produce them directly on site. We solve the logistical and technical limits of traditional roofing, where long panels cannot be transported and require multiple joints. Our target customers are roofing contractors, general contractors, and infrastructure projects worldwide. We provide patented roofing systems and mobile roll-forming technology capable of producing panels over 1",No,,,2022,VC: Between 500k and 1M,,,"March 31, 2026 12:06 PM",,,,,04908280235,,,1,,,,Startup Acceleration,,Veneto,,,,,,,https://www.skyproofco.com,
Syrto,,,,C20 - Infrastructure,,syrto,,"Syrto provides financial intelligence built from data powered by agentic AI, helping companies increase revenues, reduce costs, and mitigate risks through fast, actionable insights on companies and markets.Syrto solves the complexity and slowness of traditional analysis by unifying data, forecasts and consultancy-grade reporting in one platform.Syrto offers annual licenses to its enterprise SaaS solution, serving already 50+ customers across banks, consulting firms, corporates and investors.",No,,,2019,VC: Between 1M and 5M,,,"March 31, 2026 12:06 PM",,,,,IT04144070986,,,1,,,,Startup Acceleration,,Lombardy,,,,,,,https://syrto.ai/,
neurally,,,,C20 - Infrastructure,,neurally,,"Neurally is a B2B AI software company that turns enterprise documents into a trusted knowledge layer, integrating with any data source. We solve knowledge friction for legal, compliance, operations, and industrial teams by delivering answers that link to the exact source file and page. Revenue comes from subscriptions (SaaS) plus onboarding and integrations. Today we have 3 paying customers, ~€10k MRR, and 10 active demos. 2025 revenue: €230k.",No,,,2024,VC: <25k,,,"March 31, 2026 12:06 PM",,,,,02160050387,,,1,,,,Startup Acceleration,,Emilia-Romagna,,,,,,,https://www.neurally.it/,
TRAILSLIGHT srl,,,,C20 - Infrastructure,,trailslightsrl,,"Trailslight startup is introducing in the global lighting market TRAILS patented technology integrating intelligent(AI) sound analysis within Streetlamp Light Controllers, to enable Adaptive Streetlight dimming based on real-time traffic recognition and several SmartCity services based on widespread Sound recognition within Cities’ Light Infrastructures. We sell our proprietary IoT- hardware platform to monitor and enable dynamic dimming. We have 10+ plants managed in Italy & starting to export",No,,,2022,VC: Between 250k and 499k,,,"March 31, 2026 12:06 PM",,,,,04072381207,,,1,,,,Startup Acceleration,,Emilia-Romagna,,,,,,,https://trailslight.it/en/,
ANcybernetics srl,,,,C20 - Infrastructure,,ancyberneticssrl,,"ANcybernetics is a deep-tech startup developing bio-inspired underwater robots for environmental monitoring and marine infrastructure inspection. We address the lack of scalable, cost-effective and continuous data collection in underwater environments. Our customers include environmental agencies, energy and infrastructure operators. We have validated working prototypes and are preparing field trials with partners.",No,,,2021,VC: <25k,,,"March 31, 2026 12:06 PM",,,,,02896010424,,,1,,,,Startup Acceleration,,The Marches,,,,,,,https://www.ancybernetics.it/,
inStore Hub S.r.l.s,,,,C20 - Infrastructure,,instorehubs.r.l.s,,"inStore is a local marketplace where an AI shopping agent helps people find and buy products from nearby shops. We solve fragmented local product discovery for urban consumers through AI search, instant delivery, and pickup. We make money through commissions and delivery fees. We have onboarded nearly 50 shops in Zurich, started onboarding 5 shops in Rome one month ago, and completed around 80 orders.",No,,"Marco Maria Marcucci,Matteo Massimo Marcucci",2026,VC: <25k,,,"April 14, 2026 11:22 PM",https://www.linkedin.com/search/results/all/?keywords=inStore%20Hub&origin=ENTITY_SEARCH_HOME_HISTORY&heroEntityKey=urn%3Ali%3Aorganization%3A102195249&position=0,,https://api.typeform.com/responses/files/101affdec86d5d571e59b2cc2658d4317a07bfcfd29f89d573e0872c2012f098/6.png,,00980691000,"Marco Maria Marcucci (https://www.notion.so/Marco-Maria-Marcucci-34265d57c009800a8e3ee5c4a3e8b7fb?pvs=21), Matteo Massimo Marcucci (https://www.notion.so/Matteo-Massimo-Marcucci-34265d57c00980f8a942d43a59acf714?pvs=21)",,2-SF,,,,Startup Acceleration,,Latium,,"Marco Maria Marcucci,Matteo Massimo Marcucci","https://www.linkedin.com/in/marco-marcucci-a21690265/,https://www.linkedin.com/in/matteo-massimo-marcucci-4435032b0/",,,,https://instorehub.com,
oniro,,,,C20 - Infrastructure,,oniro,,"Oniro develops Foam Additive Manufacturing (FAM), a patented additive manufacturing process for ultra-light, recyclable structural components. We address weight, cost, and sustainability needs in marine, mobility, and infrastructure. We sell FAM hardware, software, and materials. Our monomaterial, graded-density approach is unique. Revenue comes from hardware and services, with pilots underway in Europe.",No,,,2024,VC: Between 100k and 249k,,,"April 15, 2026 10:45 AM",,,,,10575221212,,,2-TBC,,,,Startup Acceleration,,Campania,,,,,,,https://oniro.tech/,
ImpattoZero srl,,,,C20 - Infrastructure,,impattozerosrl,,"ImpattoZero is a DeepTech longevity company transforming agriculture into personalized healthcare. With patented aquaponics, AI, neuroscience, and epigenetics, we produce nutrient-dense, allergen-free food. Our Farming on Demand model lets consumers, HoReCa, and institutions design tailored cultivation plans. Revenues come from subscriptions, processed products, fish farming, and licensing. Backed by patents, active clients, and TRL7 validation, we are scaling toward a $19B market, making longev",No,,,2016,Bank: <1M,,,"April 15, 2026 10:47 AM",,,,,02915800607,,,2-TBC,,,,Startup Acceleration,,Latium,,,,,,,https://www.agricoltura2punto0.it/,
SANTELMO S.r.l.,,,,C20 - Infrastructure,,santelmos.r.l.,,"SANTELMO is a deep-cleantech energy company replacing diesel generators with zero-emission fuel-cell systems powered by green methanol. We eliminate noise, fumes, and inefficiency in marine and off-grid power. Our product, the NANO, is a compact plug-and-play generator that delivers silent, clean, and reliable electricity with predictable fuel costs. No other solution combines methanol, fuel cells, and modularity in a ready-to-install format. We sell modular units and service plans.",No,,,2021,VC: Between 250k and 499k,,,"April 7, 2026 5:47 PM",,,,,11842420967,,,2-No SF,,,,Startup Acceleration,,Trentino-South Tyrol,,,,,,,https://www.thesantelmo.com,
Ride2share s.r.l. (Wegoo),,,,C20 - Infrastructure,,ride2shares.r.l.(wegoo),,"Wegoo is a community-driven mobility platform that connects sports and event fans to share rides sustainably and affordably. We address high costs and lack of transport options during events. Our app helps users reduce costs and CO₂ emissions while strengthening team communities. Revenue comes from B2B white-label solutions and partnerships with sports teams, and B2C via service fees. With 1,500+ downloads and 500+ users, we’re finalizing partnerships with Cagliari and Juventus, RDS media partne",No,,Alessandro Lumicisi,2023,VC: Between 100k and 249k,,,"April 15, 2026 10:10 AM",,,,,IT17412501003,Alessandro Lumicisi (https://www.notion.so/Alessandro-Lumicisi-34265d57c00980a89fa4eab17813dcee?pvs=21),,2-TBC,,,,Startup Acceleration,,Latium,,Alessandro Lumicisi,,,,,https://wegoo.it/,
Heychain S.r.l.,,,,C20 - Infrastructure,,heychains.r.l.,,"HeyChain is a global proptech and business decision system built around compliance. It transforms fragmented obligations into a fast, collaborative, and reliable process. Powered by AI-driven document understanding and blockchain-based traceability, its modular engine was born in hospitality but is designed to adapt across compliance-intensive industries worldwide. From single properties to multi-site enterprises, HeyChain scales seamlessly and combines subscription-based software with expert on",No,,"Daniele Morniroli,Sergio Spagnuolo",2025,VC: <25k,,,"April 14, 2026 11:21 PM",https://www.linkedin.com/company/hey-chain/posts/?feedView=all,,https://api.typeform.com/responses/files/9d4b67fad924867c8e9f1001ef4ec8200d73dbf087dd9dd1e231e56e4a6ad326/Heychain_Logo.png,,14284690964,"Daniele Morniroli (https://www.notion.so/Daniele-Morniroli-34265d57c0098041a8beddcbda866f0f?pvs=21), Sergio Spagnuolo (https://www.notion.so/Sergio-Spagnuolo-34265d57c00980afadc0e573050ed44d?pvs=21)",,2-SF,,,,Startup Acceleration,,Lombardy,,"Daniele Morniroli,Sergio Spagnuolo","https://www.linkedin.com/in/daniele-morniroli-192bba9/,https://www.linkedin.com/in/sergio-spagnuolo-3bba473b/",,,,https://heychain.it,
Enerwu,,,,C20 - Infrastructure,,enerwu,,"Enerwu is a Greentech that revolutionizes the UX of switching energy suppliers using AI, saving the end user time and money. we are a welfare service, in fact we reimburse the expenses made by employees for electricity, gas, water and waste, all automated. We offer AI platform, distinguished by forcast of energy market to monitoring expenses and consuming Our revenue comes from welfare and switching market. Currently, we have 4 partnership with companies that have +100.000 users.",No,,"Federico Passarino,Vito Conversano",2023,VC: Between 100k and 249k,,,"April 14, 2026 11:21 PM",https://www.linkedin.com/company/enerwu/,,https://api.typeform.com/responses/files/90d14fb93bc8cbe4a794515f826de408d4adb0436321b61b88425a691af187d8/logo_2.png,,04690760162,"Federico Passarino (https://www.notion.so/Federico-Passarino-34265d57c00980bfbbe2d69c8ed292d0?pvs=21), Vito Conversano (https://www.notion.so/Vito-Conversano-34265d57c00980e39fb5ea1a10c4978f?pvs=21)",,2-SF,,,,Startup Acceleration,,Lombardy,,"Federico Passarino,Vito Conversano","https://www.linkedin.com/in/federicopassarino/,https://www.linkedin.com/in/vito-conversano/",,,,https://www.enerwu.it,